{
    "date": "2018-12-27T00:00:00",
    "product": "Checking or savings account",
    "sub-product": "Checking account",
    "issue": "Managing an account",
    "sub-issue": "Fee problem",
    "text": "Bank of America has aggressively started to assess \" Monthly Maintenance fees on my account over the past 6 months. Every month they charge {$12.00} to my checking account and {$16.00} to my business account. They chip away and steal my hard earned money slowly this way month after month. Their polices change behind the scenes and their terms and conditions are hidden beneath layers of contractual language. I have been a customer with them over 10 years but over the last 18 months the fee collection has been very aggressive. This is not fair way of doing business. I would like Bank Of America to refund all the Monthly Maintenance fees they charged over since XX/XX/2018.",
    "company_public_response": "Company has responded to the consumer and the CFPB and chooses not to provide a public response",
    "company": "BANK OF AMERICA, NATIONAL ASSOCIATION",
    "state": "MA",
    "zipcode": "None",
    "tags": "None",
    "consumer_consent_provided": "Consent provided",
    "submitted_via": "Web",
    "date_sent_to_company": "12/27/18",
    "company_response_to_consumer": "Closed with non-monetary relief",
    "timely_response": "Yes",
    "consumer_disputed": "N/A",
    "complaint_id": 3110234
}