{
    "date": "2018-12-26T00:00:00",
    "product": "Checking or savings account",
    "sub-product": "Checking account",
    "issue": "Managing an account",
    "sub-issue": "Deposits and withdrawals",
    "text": "I am working so hot .So open citi bank cheking account online. \nI make application on XXXX, citi bank sent email to me ( Thank you for your recent application on Citi Online or Citi Mobile for an account. Citi needs you to provide more information in order to open your account. Please click the Review Document link to provide the requested information. ) this is email onXXXX. I finish Document to them. \n\nBut for some reason, the XXXX XXXX closed my checking account soon after. \nI called their department concerned to consult.They said they didn't receive my Document.Email can't be filled in OnlineI Don't understand. Why do they still have email to fill in for me? \n\nI hope to be helped to get a public solution. Thank you",
    "company_public_response": "Company has responded to the consumer and the CFPB and chooses not to provide a public response",
    "company": "CITIBANK, N.A.",
    "state": "CA",
    "zipcode": "917XX",
    "tags": "None",
    "consumer_consent_provided": "Consent provided",
    "submitted_via": "Web",
    "date_sent_to_company": "12/26/18",
    "company_response_to_consumer": "Closed with explanation",
    "timely_response": "Yes",
    "consumer_disputed": "N/A",
    "complaint_id": 3109466
}