{
    "date": "2018-12-11T00:00:00",
    "product": "Credit card or prepaid card",
    "sub-product": "Store credit card",
    "issue": "Problem when making payments",
    "sub-issue": "You never received your bill or did not know a payment was due",
    "text": "I was shocked when reviewing my credit report and found a late payment on the date below : 30 days late as of XX/XX/2017 I am not sure how this happened. I believe I made my payments to you when I received my statements. My only thought is that my statement did not get to me.",
    "company_public_response": "Company has responded to the consumer and the CFPB and chooses not to provide a public response",
    "company": "CITIBANK, N.A.",
    "state": "NJ",
    "zipcode": "070XX",
    "tags": "None",
    "consumer_consent_provided": "Consent provided",
    "submitted_via": "Web",
    "date_sent_to_company": "12/11/18",
    "company_response_to_consumer": "Closed with monetary relief",
    "timely_response": "Yes",
    "consumer_disputed": "N/A",
    "complaint_id": 3097330
}