{
    "date": "2018-12-11T00:00:00",
    "product": "Checking or savings account",
    "sub-product": "Checking account",
    "issue": "Closing an account",
    "sub-issue": "Can't close your account",
    "text": "Very rude experience coming into the XXXX XXXXr branch in  XXXX Illinois on XXXX and XXXX, XXXX XXXX was who i dealt with. He was extremely rude and disrespectful. I told him just to close the account after he presented it as an ultimatum to me. He stood with a rude smirk on his face as i waited at the teller window to withdraw my funds. When I asked the teller if i could speak to a manager i was told no manager was available nor was an assistant available. Calling into customer service I experienced several nasty representatives and some guy that barely spoke good English from fraud prevention that kept telling me to go into a branch even after i told him i just left a branch and they were unable to help me the representative was argumentative and when i asked to speak to his supervisor he just hung up on me. The bank customer service representatives have consistently told me differently banking policies and account information. The bank refused to resolve any account problems. XXXX, senior manager of loss prevention was equally as rude and uptight. She refused to give me clear direction on what the steps were in the complaint that I filed claiming it would be put into a complaint tracker and saying to me oh well what did i want to have done. Very nasty rude people from the supervisor XXXX on down by far the worst institution I've ever went back to bank with. Worst decision ever I've made in my banking experience",
    "company_public_response": "None",
    "company": "JPMORGAN CHASE & CO.",
    "state": "IL",
    "zipcode": "606XX",
    "tags": "None",
    "consumer_consent_provided": "Consent provided",
    "submitted_via": "Web",
    "date_sent_to_company": "12/11/18",
    "company_response_to_consumer": "Closed with explanation",
    "timely_response": "Yes",
    "consumer_disputed": "N/A",
    "complaint_id": 3097507
}