{
    "date": "2018-12-11T00:00:00",
    "product": "Mortgage",
    "sub-product": "FHA mortgage",
    "issue": "Trouble during payment process",
    "sub-issue": "None",
    "text": "I was charged legal fee for a attorney but they can not give me details on what the what the attorney did. I also hired a attorney and my attorney did all the work. Was told by the banks attorney to just send him all the information to approve. His fees was {$8200.00}. I have requested exact details on what the attorney did and was sent the same court documents that was sent to me by the court. No proof of what the {$8200.00} went for. I have emails showing the banks attorney did nothing. When asked about if they hold the attorney to a standard was told no they get a invoice and they pay it and I was responsible for paying the bill. When I pointed out that their attorney almost settled for {$14000.00} when cost to remediate the damages was over {$60000.00} was told that it was not their issue. Mr. Cooper did not hold their attorney to any standard and let the attorney charge for doing nothing. In addition, I was never told they hired a attorney nor did the attorney contact me to find out information on how the imminent domain case impacted the property. I do not feel I should pay for both attorney fee.",
    "company_public_response": "None",
    "company": "NATIONSTAR MORTGAGE",
    "state": "IN",
    "zipcode": "None",
    "tags": "Servicemember",
    "consumer_consent_provided": "Consent provided",
    "submitted_via": "Web",
    "date_sent_to_company": "12/11/18",
    "company_response_to_consumer": "Closed with explanation",
    "timely_response": "Yes",
    "consumer_disputed": "N/A",
    "complaint_id": 3097176
}