{
    "date": "2018-12-11T00:00:00",
    "product": "Checking or savings account",
    "sub-product": "Checking account",
    "issue": "Closing an account",
    "sub-issue": "Company closed your account",
    "text": "All accounts with XXXX XXXX on which I am listed as an owner or an authorized signer will be closed effective Monday, XX/XX/2019. I have been at the bank and spoke with the manager at the branch and she could not give any information. She tried to call to the head quarter, but did not get information. I have called to the phone number which was provided in the letter but was told that account is going to be closed. The reason - it is internal decision and no more explanation. I do not fill any wrong doing to cause any risk to Bank. \nI would like to know what is the problem. I feel myself as a criminal.",
    "company_public_response": "None",
    "company": "TCF NATIONAL BANK",
    "state": "MN",
    "zipcode": "554XX",
    "tags": "None",
    "consumer_consent_provided": "Consent provided",
    "submitted_via": "Web",
    "date_sent_to_company": "12/11/18",
    "company_response_to_consumer": "Closed with explanation",
    "timely_response": "Yes",
    "consumer_disputed": "N/A",
    "complaint_id": 3097334
}