{
    "date": "2018-12-11T00:00:00",
    "product": "Checking or savings account",
    "sub-product": "Checking account",
    "issue": "Managing an account",
    "sub-issue": "Problem using a debit or ATM card",
    "text": "I have filed a complaint and have been denied to talk to management. I have been told to wait 2 days for a call for management. I suppose to be protected from liabities of fraud. Im writing you with a negative XXXX account. Documentation and Police Reporr that hasnt been verified. Im looking at my children that are hungry and still no Manager was notified in my crisis. \n\nI had a XXXX ams had XXXX XXXX XXXX. Im unaware of what transactions happen from XX/XX/XXXX to XX/XX/XXXX. My passwords were changed My phone, license, social security, debit cards, amd cell phone with electronic wallets are missing. \n\nI had a deposit of XXXX on XX/XX/XXXX I noticed when I got discharged from the hospital my balance was XXXX dollars Today its is negative. I started calling customer service since XXXX and now at XXXX cst Im still on hold. I have been refused management. I was this morning I was going to get a provisional credit and now told this phone call doesnt exist I have been refused a full investigation. I have been talked to horribly. Im begging for help because my children need to eat. I have to pay for shelter. \n\nI just asked a resolution specialist how would you feel about this situation. She says dont bring my children in this. I filed an OCC COMPLAINT due to I put money in a bank for this emergency Im a single parent and cant give breakfast in the morning. I wasnt given the opportunity for a full investation. The disputes range up to XXXX and still counting.",
    "company_public_response": "Company has responded to the consumer and the CFPB and chooses not to provide a public response",
    "company": "WELLS FARGO & COMPANY",
    "state": "TX",
    "zipcode": "77304",
    "tags": "None",
    "consumer_consent_provided": "Consent provided",
    "submitted_via": "Web",
    "date_sent_to_company": "12/11/18",
    "company_response_to_consumer": "Closed with explanation",
    "timely_response": "Yes",
    "consumer_disputed": "N/A",
    "complaint_id": 3097299
}