{
    "date": "2018-12-11T00:00:00",
    "product": "Student loan",
    "sub-product": "Federal student loan servicing",
    "issue": "Dealing with your lender or servicer",
    "sub-issue": "Trouble with how payments are being handled",
    "text": "I've been making payments on my student loans for more than 5 years. Even though I've never missed a payment and I've only ever worked in public service, my loan servicer is crediting me with less than 2.5 years of qualifying payments towards public service loan forgiveness. The servicer, Pennsylvania Higher Education Assistance Agency, should give me credit for every monthly payment I've made since I've always been employed in qualifying employment while paying off my loans.",
    "company_public_response": "None",
    "company": "AES/PHEAA",
    "state": "MI",
    "zipcode": "495XX",
    "tags": "Servicemember",
    "consumer_consent_provided": "Consent provided",
    "submitted_via": "Web",
    "date_sent_to_company": "12/11/18",
    "company_response_to_consumer": "Closed with explanation",
    "timely_response": "Yes",
    "consumer_disputed": "N/A",
    "complaint_id": 3097290
}