{
    "date": "2018-12-11T00:00:00",
    "product": "Checking or savings account",
    "sub-product": "Checking account",
    "issue": "Managing an account",
    "sub-issue": "Banking errors",
    "text": "To Whom It Might Concern : I have a complaint against Discover Bank, located in XXXX XXXX XXXX at Utah. \n-- -- -- -- -- -- - Short History -- -- -- -- -- -- -- -- -- -- -- -- - 1. My name is XXXX XXXX You can reach me at ( XXXX ) XXXX. \n2. On XX/XX/XXXX and XX/XX/2018, i made a mistake. I issued an ACH transfer twice, and each time an amount of {$1100.00} was subtracted from my checking account at Discover Bank to pay my Visa credit card balance at XXXX XXXX XXXX. \n3. As the 2nd time of withdrawal, my account was bounced. Insufficient fee of < $ XXXX> was charged on XX/XX/18 and an amount of {$1100.00} was returned to my account on the same date ( Of course! ) -- -- -- -- -- -- - Important information below -- -- -- -- -- -- -- -- 4. On XX/XX/2018, without my request, Discover went out and debited the same amount of {$1100.00} from my checking account in attempt to pay my credit card at XXXX XXXX XXXX FOR THE 3rd TIME!!!!!. Note : The payment has NEVER taken place ....!!! because that there was NOT enough money in the account, ( that would result with a balance of < $ XXXX>. Please see attachment ) 5. On this date, There were 2 systematic errors : 1st error : the NSF has never recorded. 2nd error : It should reimburse me back the money of {$1100.00} that it took away from my checking account. \n6. So on XX/XX/2018. I called in, asked them why trying to pay a 3rd time, and I disputed the amount of {$1100.00}. \n7. So, The dispute went on investigation. And amazingly, Discover said the transfer made on XX/XX/2018 was VALID. So on XX/XX/XXXX, Discover came back and took back the disputed amount of {$1100.00}!!!! \n\nXX/XX/XXXX, I called XXXX XXXX XXXX to make sure and have them verified that they never received any money from Discover any time on or after XX/XX/2018! The trace that Discover people gave me was XXXX that was for the transfer on XX/XX/XXXX indeed! \n\nTo DISCOVER BANK : If their investigation was GOOD by saying the transfer on XX/XX/XXXX was valid. What is its VALID trace ID? \nand where the money went after it got debited from my checking account? \n\nFinally, on XX/XX/2018. A rep at XXXX XXXX XXXX ( Mr XXXX at Illinois ) set up a conference call and we talked to two reps at Discover Bank ( XXXX and XXXX @ XXXX XXXX XXXX ). On the phone, XXXX XXXX verified that they did NOT receive any money from Discover on or after XX/XX/2018. Discover now back to investigation again! XXXX # XXXX Discover bank has been taking 2 months to investigate. That transfer from Discover to XXXX XXXX has never taken place! So, Return the money to me! \n\nPlease help me to recover my money from Discover Bank. I appreciate your intervention and your help! \n\nSincerely, XXXX XXXX.",
    "company_public_response": "None",
    "company": "DISCOVER BANK",
    "state": "CA",
    "zipcode": "951XX",
    "tags": "None",
    "consumer_consent_provided": "Consent provided",
    "submitted_via": "Web",
    "date_sent_to_company": "12/11/18",
    "company_response_to_consumer": "Closed with explanation",
    "timely_response": "Yes",
    "consumer_disputed": "N/A",
    "complaint_id": 3096874
}