{
    "date": "2018-12-10T00:00:00",
    "product": "Mortgage",
    "sub-product": "FHA mortgage",
    "issue": "Struggling to pay mortgage",
    "sub-issue": "None",
    "text": "I received a foreclosure letter several months ago in XXXX. It was showing missed payments but not on correct dates. After finally figuring this out through my lawyer, the payments were caught up to date and the payment went directly through the law firm so there was a definite payoff trail. In a letter dated, XX/XX/XXXX it is stating we know have a forecloser date of XX/XX/XXXX stating again, the old amount and saying there has been no payment since. I have the payoff that my lawyer sent directly as well as every cleared check for each month after. \n\nBefore, we were on autopay and never had this problem. As soon as we filed bankruptcy they canceled that even though no other company did. This was simply an opportunity for this company to hope we defaulted due to our perfect auto debit record so they could take advantage. \n\nI would appreciate, as I have already told this company, to have my auto debit reinstated and my account open to me. If my account can not be accessed, how am I suppose to know what has been paid and when it cleared. Closing access to my account due to bankruptcy that does not even affect this company is absurd. They are only trying to take advantage of a hard situation. \n\nAttached is the payoff in XXXX as well as the additional three payments the company is claiming I missed. You can clearly see all payments are made and have cleared my bank.",
    "company_public_response": "None",
    "company": "JPMORGAN CHASE & CO.",
    "state": "MO",
    "zipcode": "None",
    "tags": "None",
    "consumer_consent_provided": "Consent provided",
    "submitted_via": "Web",
    "date_sent_to_company": "12/11/18",
    "company_response_to_consumer": "Closed with explanation",
    "timely_response": "Yes",
    "consumer_disputed": "N/A",
    "complaint_id": 3097378
}