{
    "date": "2018-12-10T00:00:00",
    "product": "Mortgage",
    "sub-product": "Conventional home mortgage",
    "issue": "Trouble during payment process",
    "sub-issue": "None",
    "text": "My loan was purchased by Freedom Mortgage in XX/XX/XXXX. Our home owners insurance was paid for by us through XX/XX/XXXX. Currently- Freedom Mortgage is trying to illegally make us escrow our Home Owners Insurance although we have specifically told them that we pay it on our own. They have not changed their billing and are still trying to illegally make us escrow our Home Owners insurance even though they have no legal right.",
    "company_public_response": "Company has responded to the consumer and the CFPB and chooses not to provide a public response",
    "company": "FREEDOM MORTGAGE COMPANY",
    "state": "MN",
    "zipcode": "553XX",
    "tags": "None",
    "consumer_consent_provided": "Consent provided",
    "submitted_via": "Web",
    "date_sent_to_company": "12/10/18",
    "company_response_to_consumer": "Closed with explanation",
    "timely_response": "Yes",
    "consumer_disputed": "N/A",
    "complaint_id": 3097619
}