{
    "date": "2018-12-26T00:00:00",
    "product": "Mortgage",
    "sub-product": "Conventional home mortgage",
    "issue": "Trouble during payment process",
    "sub-issue": "None",
    "text": "We have been trying to get the remaining funds from our insurance claim for 2 months now. The final inspection was handled on XX/XX/XXXX, but we had two additional checks sent to loancare that were posted to our account on XX/XX/XXXX. I submitted a XXXX  complaint on XX/XX/XXXX. On XX/XX/XXXX we received two calls. 1st call indicated they were escalating the request for a 2nd inspection and the 2nd call indicated they would be issuing a payment in 5 business days. To date, neither has happened. No inspection and they have not released the remaining funds from our insurance claim.",
    "company_public_response": "Company has responded to the consumer and the CFPB and chooses not to provide a public response",
    "company": "LoanCare, LLC",
    "state": "OH",
    "zipcode": "None",
    "tags": "None",
    "consumer_consent_provided": "Consent provided",
    "submitted_via": "Web",
    "date_sent_to_company": "12/26/18",
    "company_response_to_consumer": "Closed with explanation",
    "timely_response": "Yes",
    "consumer_disputed": "N/A",
    "complaint_id": 3109361
}