{
    "date": "2018-12-10T00:00:00",
    "product": "Checking or savings account",
    "sub-product": "Checking account",
    "issue": "Managing an account",
    "sub-issue": "Problem accessing account",
    "text": "When I called the XXXX number to find out where can I print my XXXX forms when I spoke to the rep I answered all my info which is card number, first and last name of the account, date of birth and my online id I use then the rep said \" We can't help you because you are phishing someones account even though I was the one who knows what the question are I told them that \" I was the account holder NOT a scammer or a thief of my own account '' and then I hung up and called back 5 minutes later I told a other reps that I know the questions are being asked when you call the number on your back of your card then the rep said I was doing a fraudulent act on my account then when I tired to speak to a supervisor and they refused.",
    "company_public_response": "Company has responded to the consumer and the CFPB and chooses not to provide a public response",
    "company": "U.S. BANCORP",
    "state": "MO",
    "zipcode": "631XX",
    "tags": "None",
    "consumer_consent_provided": "Consent provided",
    "submitted_via": "Web",
    "date_sent_to_company": "12/10/18",
    "company_response_to_consumer": "Closed with explanation",
    "timely_response": "Yes",
    "consumer_disputed": "N/A",
    "complaint_id": 3095801
}