{
    "date": "2018-12-10T00:00:00",
    "product": "Checking or savings account",
    "sub-product": "Checking account",
    "issue": "Opening an account",
    "sub-issue": "Unable to open an account",
    "text": "Contributor : BANK OF AMERICA Contribution Ref # : XXXX XXXX Number : XXXX Account Number : XXXX Name : XXXX XXXX XXXX Address : XXXX XXXX XXXX, XXXX XXXX, MD XXXX SSN/Tax ID # : XXXX Date of Birth : XX/XX/XXXX ID # : XXXX ID Type : Driver 's License/USA ID State : MD Incident Date : XX/XX/XXXX Principal Loss : {$0.00} Contribution Reason : Transacting ( or attempting to transact ) with an account in an unauthorized or prohibited manner I deposited a check from my account the check had my old account number on it. and the bank placed a fraud alert on my account. I told the teller that My dad XXXX and I had to close our joint account but I still had an account there. they flagged my account and closed it. I owe no money. I brought in my dads XXXX XXXX and our close account information along with my pen account information and they refused to reopen it. or remove the flag.",
    "company_public_response": "Company has responded to the consumer and the CFPB and chooses not to provide a public response",
    "company": "BANK OF AMERICA, NATIONAL ASSOCIATION",
    "state": "MD",
    "zipcode": "207XX",
    "tags": "None",
    "consumer_consent_provided": "Consent provided",
    "submitted_via": "Web",
    "date_sent_to_company": "12/10/18",
    "company_response_to_consumer": "Closed with explanation",
    "timely_response": "Yes",
    "consumer_disputed": "N/A",
    "complaint_id": 3096947
}