{
    "date": "2018-12-10T00:00:00",
    "product": "Credit card or prepaid card",
    "sub-product": "General-purpose credit card or charge card",
    "issue": "Incorrect information on your report",
    "sub-issue": "Information belongs to someone else",
    "text": "My credit shows a closed Chase Card account with a balance of {$870.00}. It shows that this account was opened XX/XX/XXXX. I wrote the company to have this account VALIDATED on  XX/XX/XXXX. While I did receive an \" internet application '' showing my information, this does not validate the debt. I also wrote the company stating that the account was a result of fraud and that a police report had been filed regarding the account. A copy of the report was sent to the company as well. The account remains on my credit report.",
    "company_public_response": "None",
    "company": "JPMORGAN CHASE & CO.",
    "state": "GA",
    "zipcode": "301XX",
    "tags": "None",
    "consumer_consent_provided": "Consent provided",
    "submitted_via": "Web",
    "date_sent_to_company": "12/10/18",
    "company_response_to_consumer": "Closed with non-monetary relief",
    "timely_response": "Yes",
    "consumer_disputed": "N/A",
    "complaint_id": 3096944
}