{
    "date": "2018-12-09T00:00:00",
    "product": "Credit card or prepaid card",
    "sub-product": "General-purpose credit card or charge card",
    "issue": "Trouble using your card",
    "sub-issue": "Can't use card to make purchases",
    "text": "Citibank has referred my credit card account to their Fraud Early Warning department. I have called their number ( which is handled by agents out of the country ) and have provided private information such as my entire bank account number, other credit card number in its entirety, entire social security number and date of birth. After providing this highly private information to the agents, they continue to tell me that my information is unverifiable. This practice is unfair and not to mention, unsafe to ask customers to provide private information that still allows accounts to be unverified. I am unable to bypass this department. With i call any Citibank phone number and entire my information, my account is routed to this department that is not located in the United States. I have read similar complaints to others by Citibank. I feel I am being unfairly targeted. I have made all payments on time. My credit card is locked and even after prividung sensitive information, I am basically being told by the unhelpful reps that there is nothing that can be done.",
    "company_public_response": "Company has responded to the consumer and the CFPB and chooses not to provide a public response",
    "company": "CITIBANK, N.A.",
    "state": "CA",
    "zipcode": "923XX",
    "tags": "None",
    "consumer_consent_provided": "Consent provided",
    "submitted_via": "Web",
    "date_sent_to_company": "12/09/18",
    "company_response_to_consumer": "Closed with explanation",
    "timely_response": "Yes",
    "consumer_disputed": "N/A",
    "complaint_id": 3094996
}