{
    "date": "2018-12-09T00:00:00",
    "product": "Mortgage",
    "sub-product": "Conventional home mortgage",
    "issue": "Struggling to pay mortgage",
    "sub-issue": "None",
    "text": "Complaint Complaint - To help us get the investigation process started, provide a brief description of the complaint including dates and the names of those you dealt with. \nDo NOT include any personal information such as account numbers or Social Security numbers. \n\n\nWe would like to advise you of the many problems we have had with Bank of America since XX/XX/2018 trying to negotiate a short sale on our house.When our financial situation changed due to our HELOC loan ballooning from less than 200 /month to over $ 700/ month, we could not afford it. The bank put us through a loan modification which was denied because our house was underwater. After a failed attempt to sell with a realtor, we asked Bank of America for permission for a short sale. We were told it was up to the bank 's Short Sale Department, and if we had an offer, we would receive paperwork.We received a complete package from a person at the short sale department, which we gave to our realtor, who found a very good cash offer for our home.She was unsuccessful reaching her contact at Bank of America over a period of 5 months. Documents lost, resent ; promised calls and conference calls never happened ; holding times exceeded an hour ; the bank never heard of our realtor ; the bank account manager XXXX XXXX never heard of the bank short sale contact ; we never received promised copies of bank emails, etc. We finally pleaded with our loan manager to see what she could do. She asked her manager to look into this. Now our realtor and we have a new contact, who tells us the loan modification was only on primary loan, when we thought it was also on the HELOC, which we stated we could not pay at the new rate at the beginning.We have been in circles from XXXX until now, XXXX. We have exhausted our savings trying to keep current until now. We have even asked our children for help, which they did, until they can no longer. We feel Bank of America has needlessly caused severe delays, and we fear our cash offer will withdraw, now that six months has been wasted.",
    "company_public_response": "Company has responded to the consumer and the CFPB and chooses not to provide a public response",
    "company": "BANK OF AMERICA, NATIONAL ASSOCIATION",
    "state": "FL",
    "zipcode": "342XX",
    "tags": "None",
    "consumer_consent_provided": "Consent provided",
    "submitted_via": "Web",
    "date_sent_to_company": "12/09/18",
    "company_response_to_consumer": "Closed with explanation",
    "timely_response": "Yes",
    "consumer_disputed": "N/A",
    "complaint_id": 3095423
}