{
    "date": "2018-12-09T00:00:00",
    "product": "Credit card or prepaid card",
    "sub-product": "General-purpose credit card or charge card",
    "issue": "Advertising and marketing, including promotional offers",
    "sub-issue": "Didn't receive advertised or promotional terms",
    "text": "I have a Bank account with TD Bank and have been loyal to them for many yrs. Back in XX/XX/2018 I had opened a joint account for my wife and was offered a promotion cash card from TD where it would give XXXX cash back whether it be towards statements or rewards along with an XXXX XXXX XXXX. Promotion only applies if card is used at 500 or more within a 90 day window given the promo period. I had asked the rep during our sitdown if this would apply towards balance transfers as I had transferred a balance of 5000 over and she explained it would. After waiting a few months, I had called into TD customer service and explained i have not received my rewards and the rep on the phone explained there was a wait after the 90 days to receive the XXXX XXXX in the mail. I don't recall the specific detail as far as the time frame on the delivery but the there was a window period referenced during conversation. A few more months go by and still have not recevied any reward as promised and asked one of the tellers in the XXXX branch during a visit and explained it would have to be redeemed online. Being upset already, I went online to tdcardservices and did not see anywhere that I could redeem my reward and called in XX/XX/2018 and spoke to the card rewards dept. I explained the situation to the rep on the phone and she had apologized for the inconvience and explained she would speak to a manager in reference to the rewards promo. After a few moments, the same rep explained that the balance transfer does not apply towards the promotion and I would have to speak to the branch manager to help me in this situation. Being very upset at this point that the representative on the phone was unable to help me and giving me the run around and not offered the promotion as promised, I am very upset at this point and filed a complaint and to the point where I may close my account with TD bank account. I do not want to see someone lose a job over a situation like this but if you are providing false information intentionally and not being upfront honest simply for a commission spiff, then that is a company I would not like to do business with.",
    "company_public_response": "None",
    "company": "TD BANK US HOLDING COMPANY",
    "state": "NJ",
    "zipcode": "082XX",
    "tags": "None",
    "consumer_consent_provided": "Consent provided",
    "submitted_via": "Web",
    "date_sent_to_company": "12/09/18",
    "company_response_to_consumer": "Closed with monetary relief",
    "timely_response": "Yes",
    "consumer_disputed": "N/A",
    "complaint_id": 3095363
}