{
    "date": "2018-12-09T00:00:00",
    "product": "Credit card or prepaid card",
    "sub-product": "General-purpose credit card or charge card",
    "issue": "Other features, terms, or problems",
    "sub-issue": "Other problem",
    "text": "On XX/XX/2018 I purchased an item I saw on the XXXX XXXX show on the XXXX Network, she airs daily in XXXX at XXXX XXXX and has deals on items for XXXX viewers. The product arrived defective we spent {$100.00} for a beauty cream. We put it on our XXXX account using the Discover Credit Card attached to the account. The merchant never returned phone calls or emails or texts and a text we got was written in computer symbols and jargon. XXXX XXXX was extremely uncooperative and finally gave me the address they had for the merchant so I could return the item. I questioned why the item came from XXXX XXXX XXXX and why the address they were giving me in Florida was to an individual with a strange sounding foreign name that could not even be pronounced. XXXX XXXX claimed that this is all they have for this company. And XXXX XXXX will not refund us until the merchant receives the package. I sent the package by XXXX   and have a tracking number ; for over XXXX days the package is in transit going from one postal station to another. Evidently this individual can not be tracked and is running a scam and may have left the country. Discover Card will not issue a refund for this item to us. We have filed fraud dispute with them and are giving us the run around and scripted speeches from them. We sent the item by XXXX and have provided the tracking number to Discover we have done all that we can do on our end and therefore it is up to Discover to issue us a credit for this fraudulent purchase And they re not doing it.",
    "company_public_response": "None",
    "company": "DISCOVER BANK",
    "state": "CA",
    "zipcode": "913XX",
    "tags": "Older American",
    "consumer_consent_provided": "Consent provided",
    "submitted_via": "Web",
    "date_sent_to_company": "12/09/18",
    "company_response_to_consumer": "Closed with explanation",
    "timely_response": "Yes",
    "consumer_disputed": "N/A",
    "complaint_id": 3095555
}