{
    "date": "2018-12-08T00:00:00",
    "product": "Credit card or prepaid card",
    "sub-product": "General-purpose credit card or charge card",
    "issue": "Other features, terms, or problems",
    "sub-issue": "Other problem",
    "text": "This has been an ongoing issue with Chase. All we want are our statements so that we can challenge some of the charges. They have been dragging their heels now for 3 months.",
    "company_public_response": "None",
    "company": "JPMORGAN CHASE & CO.",
    "state": "MA",
    "zipcode": "None",
    "tags": "None",
    "consumer_consent_provided": "Consent provided",
    "submitted_via": "Web",
    "date_sent_to_company": "12/11/18",
    "company_response_to_consumer": "Closed with explanation",
    "timely_response": "Yes",
    "consumer_disputed": "N/A",
    "complaint_id": 3094870
}