{
    "date": "2018-12-08T00:00:00",
    "product": "Credit card or prepaid card",
    "sub-product": "General-purpose credit card or charge card",
    "issue": "Getting a credit card",
    "sub-issue": "Card opened as result of identity theft or fraud",
    "text": "XXXX - I enrolled in XXXX  's XXXX credit security program and saw that there is a Revolving Account from CBNA opened in my name. I have used and had any CitiBank products. It is even more alarming because this account was opened XXXX ; I was born XXXX. During my phone call with CitiBank they were unable to locate any account connected with my SSN. They ask that I contact XXXX to have them give me the CBNA account number so that CitiBank could locate this account. \nXXXX - I contacted CitiBank to retrieve this account information. I was told that XXXX would be unable to give me any information about my credit profile unless I purchased their credit monitoring program XXXX ( XXXX ) for XXXXUSD. After a few moments of confusion I asked the telephone operator to confirm that XXXX  is refusing to provide me with information about my account until I purchase their XXXX  program ; to this the operator immediately disconnected the phone call.",
    "company_public_response": "Company has responded to the consumer and the CFPB and chooses not to provide a public response",
    "company": "CITIBANK, N.A.",
    "state": "MD",
    "zipcode": "212XX",
    "tags": "None",
    "consumer_consent_provided": "Consent provided",
    "submitted_via": "Web",
    "date_sent_to_company": "12/08/18",
    "company_response_to_consumer": "Closed with non-monetary relief",
    "timely_response": "Yes",
    "consumer_disputed": "N/A",
    "complaint_id": 3095063
}