{
    "date": "2018-12-08T00:00:00",
    "product": "Mortgage",
    "sub-product": "Conventional home mortgage",
    "issue": "Struggling to pay mortgage",
    "sub-issue": "None",
    "text": "CitiMortgage has failed to properly service our mortgage loan and we are facing a foreclosure sale. We had to file bankruptcy to try to get our payments back in line, but it is only a matter of time before our home is lost through foreclosure. We feel this is very unfair since they have never completed a review for mortgage retention options, even though we have complied with every request they have put in front of us. We killed an entire forest of trees trying to get them the documents they needed over the last few years, but this has yet to get our loan to their underwriters. We fell on difficult times financially and fell behind on our mortgage payments. We had no other choice given the situation we were in at the time. We have tried for years to work with CitiMortgage, but they have not provided any offers of loan modification or repayment plan. We feel though that their representatives have treated us with indifference towards our situation and have never really worked on getting our mortgage payments back in order. Our income was reduced when I suffered business losses and then my wife lost her job a short time later. Now that we are in foreclosure and apparently will be facing imminent eviction, we need your help to ensure that we have the opportunity to save our home. It would certainly be travesty if we lose our home due the inability of CitiMortgage to get our information into a reviewable format. We also have never had a single point of contact with whom to discuss our circumstances. This we understand is something that should have been provided to us. We want the opportunity to ensure we maintain our home for our family and live here the rest of our lives and thus will need your intervention.",
    "company_public_response": "Company has responded to the consumer and the CFPB and chooses not to provide a public response",
    "company": "CITIBANK, N.A.",
    "state": "MO",
    "zipcode": "631XX",
    "tags": "None",
    "consumer_consent_provided": "Consent provided",
    "submitted_via": "Web",
    "date_sent_to_company": "12/08/18",
    "company_response_to_consumer": "Closed with explanation",
    "timely_response": "Yes",
    "consumer_disputed": "N/A",
    "complaint_id": 3094698
}