{
    "date": "2018-12-08T00:00:00",
    "product": "Checking or savings account",
    "sub-product": "Checking account",
    "issue": "Opening an account",
    "sub-issue": "Didn't receive terms that were advertised",
    "text": "I opened a checking & saving account on XX/XX/2018 and funded my account with $ XXXX on XX/XX/2018 so that I will receive {$400.00} cash bonus as their promotion stated. By end of XXXX, I haven't received my credit. I have tried calling and visiting branch, and they have changed the date that I would receive my credit. They initially promised that i would get it in mid XXXX, then early XXXX and then End XXXX, as time went by. The last time I went to the branch on XX/XX/XXXX, I was told I will get it in end of XXXX On the fine print, it clearly states the cash bonus will be credited to the new checking account within 90 days from the date i complete all offer requirement. I completed the requirement on XX/XX/XXXX and I should receive by XX/XX/XXXX. Today is XX/XX/XXXX and I haven't heard back from them after submitting a complaint nor receiving the cash bonus. \n\nAttached is the my bank statement showing that i have funded $ XXXX, their promotion material, fine print and new account opening doc.",
    "company_public_response": "Company has responded to the consumer and the CFPB and chooses not to provide a public response",
    "company": "CITIBANK, N.A.",
    "state": "CA",
    "zipcode": "921XX",
    "tags": "None",
    "consumer_consent_provided": "Consent provided",
    "submitted_via": "Web",
    "date_sent_to_company": "12/08/18",
    "company_response_to_consumer": "Closed with explanation",
    "timely_response": "Yes",
    "consumer_disputed": "N/A",
    "complaint_id": 3094758
}