{
    "date": "2018-12-08T00:00:00",
    "product": "Credit card or prepaid card",
    "sub-product": "Store credit card",
    "issue": "Fees or interest",
    "sub-issue": "Charged too much interest",
    "text": "The statements don't make any sense. It gives balance subject to interest rate and then promotional balance and those and nothing else equal the total balance. Also, I thought it was a federal law that payments had to be applied to the highest interest rate first. They are applying my payments to the promotional balance 0 % first. Also, if you look at my statements from one month to the next, the balances don't make any sense.",
    "company_public_response": "Company has responded to the consumer and the CFPB and chooses not to provide a public response",
    "company": "SYNCHRONY FINANCIAL",
    "state": "FL",
    "zipcode": "None",
    "tags": "None",
    "consumer_consent_provided": "Consent provided",
    "submitted_via": "Web",
    "date_sent_to_company": "12/08/18",
    "company_response_to_consumer": "Closed with explanation",
    "timely_response": "Yes",
    "consumer_disputed": "N/A",
    "complaint_id": 3095050
}