{
    "date": "2018-12-08T00:00:00",
    "product": "Credit card or prepaid card",
    "sub-product": "General-purpose credit card or charge card",
    "issue": "Problem when making payments",
    "sub-issue": "Problem during payment process",
    "text": "I have a loan with XXXX XXXX XXXX XXXX. I have always made my payments on time. For some reason I realized that there was a late payment on my credit report. As you can see, I have always had a stellar payment record with this company. I tried contacting both Equifax and XXXX XXXX XXXX XXXX with no successful resolution. Equifax only reporting me late. There was definitely an error on their part. I was never 30-59 days late.",
    "company_public_response": "None",
    "company": "EQUIFAX, INC.",
    "state": "GA",
    "zipcode": "303XX",
    "tags": "None",
    "consumer_consent_provided": "Consent provided",
    "submitted_via": "Web",
    "date_sent_to_company": "12/08/18",
    "company_response_to_consumer": "Closed with explanation",
    "timely_response": "Yes",
    "consumer_disputed": "N/A",
    "complaint_id": 3095022
}