{
    "date": "2018-12-08T00:00:00",
    "product": "Student loan",
    "sub-product": "Federal student loan servicing",
    "issue": "Struggling to repay your loan",
    "sub-issue": "Problem lowering your monthly payments",
    "text": "I can not seem to pay down the principal amount that I borrowed. I was in forbearance for a while and am now in an IBR. When I originally consolidated my loans in 2004 the total principal balance was approximately $ XXXX. I have paid over $ XXXX back over the past 14 years and my principal balance is still $ XXXX. When I review a statement of all payments and charges against the accounts I can not make sense of the numbers.",
    "company_public_response": "None",
    "company": "Navient Solutions, LLC.",
    "state": "MA",
    "zipcode": "021XX",
    "tags": "Servicemember",
    "consumer_consent_provided": "Consent provided",
    "submitted_via": "Web",
    "date_sent_to_company": "12/08/18",
    "company_response_to_consumer": "Closed with explanation",
    "timely_response": "Yes",
    "consumer_disputed": "N/A",
    "complaint_id": 3095062
}