{
    "date": "2018-12-07T00:00:00",
    "product": "Mortgage",
    "sub-product": "Conventional home mortgage",
    "issue": "Struggling to pay mortgage",
    "sub-issue": "None",
    "text": "Navy fed did not tell me my x was not paying the mortgage untill it was about 3 months late i i asked what took so long i was told his info was on the loan. Well i have 3 checking accts 2 saving accts and they mailed a letter to tell me it was three months behind so Why couldnt they tell me when the first payment was not made. I have a legal right to know everything about the account and if they didnt have my inf thats on them not my fault in that illegal excuse. Last year when he didnt pay they took it from me they said we signed something in the mortgage letting them do that do i wasnt worried about him not paying cause they would take it out of my acount but they did not i asked why and got no answer. I think they just set you up to fail. No i am forced to live in a house with no roof because they are holding my insurance chech and they took the money fema gave me to pay my credit card bill and i have payment arrangements with a company i am working with to pay off my debt. I called and told them thst was fema money and i can go to jail was using it for something other then ehat it was giving to me for she put me on hold and came back and said it would not be reversed.",
    "company_public_response": "Company believes it acted appropriately as authorized by contract or law",
    "company": "NAVY FEDERAL CREDIT UNION",
    "state": "NC",
    "zipcode": "285XX",
    "tags": "Servicemember",
    "consumer_consent_provided": "Consent provided",
    "submitted_via": "Web",
    "date_sent_to_company": "12/07/18",
    "company_response_to_consumer": "Closed with explanation",
    "timely_response": "Yes",
    "consumer_disputed": "N/A",
    "complaint_id": 3093791
}