{
    "date": "2018-12-07T00:00:00",
    "product": "Credit card or prepaid card",
    "sub-product": "Store credit card",
    "issue": "Trouble using your card",
    "sub-issue": "Can't use card to make purchases",
    "text": "Truth in Lending violation by Synchrony Financial. On or about XX/XX/XXXX I applied for an increase to {$100000.00} for my Lowes Card issued by Synchrony Financial. I provided XXXX income tax returns and other data via fax. Later, I provided XXXX returns and recent pay details. The increase was needed to finance the purchase of a kitchen remodel for a property we have purchased. The increase was approved on or about XX/XX/XXXX. The increased line amount was reflected immediately on the Lowes Credit website. A few days later, I received a letter via USPS stating the line availability was now {$100000.00}. In reliance of this contracted amount with Synchrony/Lowes Credit and only due to the financing being secured, I proceeded with the related purchases from Lowes. To date, partial payment of the purchases amounting to {$66000.00} have been made on cabinets and appliances and associated labor. The balance remaining is needed to pay for all related construction, plumbing and electrical work and critical items such as permitting. On XX/XX/XXXX as I attempted to make the final approx. {$30000.00} payment, we discovered the account had \" been placed under review '' and further advances declined. Synchrony first claimed they were concerned with ID theft. Following confirmation of my ID via their processes, they switched to the explanation of the account being \" reviewed '' and the manager refused further details leaving me completely is the dark. We will be substantially financial harmed as we now need to secure replacement financing and our renovation will be delayed. This further delays our move in and rental of our current property, all substantial financial penalties for doing nothing but relying on Synchrony Financial 's offer of credit. As a substantial earner with a credit score in the XXXX, I expected more. Furthermore, I am a XXXXyear XXXX XXXX so I recognize an extremely poor performance and breach of contract and Truth in Lending when I see it. Approving credit and then allowing a customer to get themselves indebted and therefore tied to their customer Lowes then unilaterally withdrawing credit even temporarily is beyond inconvenience and should be subject to review and sanction by CFPB.",
    "company_public_response": "Company has responded to the consumer and the CFPB and chooses not to provide a public response",
    "company": "SYNCHRONY FINANCIAL",
    "state": "FL",
    "zipcode": "342XX",
    "tags": "None",
    "consumer_consent_provided": "Consent provided",
    "submitted_via": "Web",
    "date_sent_to_company": "12/08/18",
    "company_response_to_consumer": "Closed with explanation",
    "timely_response": "Yes",
    "consumer_disputed": "N/A",
    "complaint_id": 3094694
}