{
    "date": "2018-12-07T00:00:00",
    "product": "Checking or savings account",
    "sub-product": "Checking account",
    "issue": "Problem with a lender or other company charging your account",
    "sub-issue": "Transaction was not authorized",
    "text": "Over 30 days ago I noticed a withdrawal from my HSBC account. Someone wired money from my account to another account in Illinois. I contacted my account and they were able to get a hold of the other bank and stop the distribution of my money. I have now waited over 30 days for the amount of {$400.00} plus a {$35.00} service charge to be put back in my account. It takes over an hour to sit on hold waiting on someone from the fraud department to get on the phone and when I do no seems to know when I'm getting my money or what is going on.",
    "company_public_response": "None",
    "company": "HSBC NORTH AMERICA HOLDINGS INC.",
    "state": "VA",
    "zipcode": "201XX",
    "tags": "Older American",
    "consumer_consent_provided": "Consent provided",
    "submitted_via": "Web",
    "date_sent_to_company": "12/07/18",
    "company_response_to_consumer": "Closed with explanation",
    "timely_response": "Yes",
    "consumer_disputed": "N/A",
    "complaint_id": 3094334
}