{
    "date": "2018-12-07T00:00:00",
    "product": "Vehicle loan or lease",
    "sub-product": "Loan",
    "issue": "Managing the loan or lease",
    "sub-issue": "Billing problem",
    "text": "This company is the worst company. They are scammers they are adding extra fees to my account. Customer service is terrible. Interest rate is sky high. They are doing this to the who is going to stop them ... ...",
    "company_public_response": "None",
    "company": "SANTANDER CONSUMER USA HOLDINGS INC.",
    "state": "GA",
    "zipcode": "300XX",
    "tags": "None",
    "consumer_consent_provided": "Consent provided",
    "submitted_via": "Web",
    "date_sent_to_company": "12/07/18",
    "company_response_to_consumer": "Closed with explanation",
    "timely_response": "Yes",
    "consumer_disputed": "N/A",
    "complaint_id": 3094540
}