{
    "date": "2018-12-07T00:00:00",
    "product": "Vehicle loan or lease",
    "sub-product": "Loan",
    "issue": "Managing the loan or lease",
    "sub-issue": "Billing problem",
    "text": "XXXX XXXX is the company. My complaint is for Unfair Trade Practices. Their website provides incorrect contact information, two phone numbers both go to an automated teller. One states it is to contact a Customer Service Representative. The website shows incorrect available hours - the site shows XXXX to XXXX. Customer Support is available XXXX-XXXX but I only found this out after making three different calls. They contacted me in regards to a late payment on XX/XX/18 stating I needed to contact them to avoid delinquency. I called them as directed but the CSR did not mention I could pay by check over the phone or that I was required to make the  payment that day. The CSR went into sales mode and starting discussing loan modification. I called a second time that same evening because I wanted to confirm if I was required to modify my loan or if it was optional. In both calls I communicated that I would make a payment on the XX/XX/XXXX and a 2nd payment on XX/XX/XXXX. The next day, XX/XX/18, they hit my credit score. If they had been upfront about what was going to occur I would have made the payment on XX/XX/18. Today I contacted them to discuss this and I was told that they were not credit counselors and were not required to provide that information. I was also told they don't take payments in advance. I made a payment today on-line ( XX/XX/XXXX ) and then made a second advanced payment for XX/XX/18 via a phone call. I received a confirmation number for the XX/XX/18 payment. Which is it, they take a payment in advance or they don't? Is there no honesty in banking any more. XXXX XXXX got away with being shady and now BB & T.",
    "company_public_response": "Company has responded to the consumer and the CFPB and chooses not to provide a public response",
    "company": "BB&T CORPORATION",
    "state": "FL",
    "zipcode": "None",
    "tags": "None",
    "consumer_consent_provided": "Consent provided",
    "submitted_via": "Web",
    "date_sent_to_company": "12/07/18",
    "company_response_to_consumer": "Closed with explanation",
    "timely_response": "Yes",
    "consumer_disputed": "N/A",
    "complaint_id": 3093678
}