{
    "date": "2018-12-07T00:00:00",
    "product": "Credit card or prepaid card",
    "sub-product": "General-purpose credit card or charge card",
    "issue": "Getting a credit card",
    "sub-issue": "Card opened as result of identity theft or fraud",
    "text": "I received a Debit Card from Frost Bank on XX/XX/2018 which I did not request. I contacted Frost Bank and they said an account had been opened on XXXX XX/XX/2018. No funds were deposited. I received a separate letter the same day regarding my request not to authorize and pay overdrafts. Regardless, I do not want/need a bank account or card from Frost Bank. A scan of both letters are attached ( XXXX XXXX - Frost Bank Card.pdf ).",
    "company_public_response": "None",
    "company": "FROST BANK",
    "state": "TX",
    "zipcode": "770XX",
    "tags": "Older American",
    "consumer_consent_provided": "Consent provided",
    "submitted_via": "Web",
    "date_sent_to_company": "12/07/18",
    "company_response_to_consumer": "Closed with explanation",
    "timely_response": "Yes",
    "consumer_disputed": "N/A",
    "complaint_id": 3094263
}