{
    "date": "2018-12-06T00:00:00",
    "product": "Mortgage",
    "sub-product": "FHA mortgage",
    "issue": "Trouble during payment process",
    "sub-issue": "None",
    "text": "On my XX/XX/2018 my partner and I decided to proceed with the Loan assumption to be under my name XXXX XXXX XXXX XXXX, for the house located at XXXX XXXX XXXX XXXX, XXXX XXXX CA, XXXX. Normally the assumption process take 1 to 3 months according to the Mortgage company. on XX/XX/2018 the loan assumption got approved and my partner XXXX XXXX should be removed from the loan # XXXX from Nations Direct Mortgage. I call on XXXX to find out when the new bill under my name of XXXX XXXX XXXX XXXX will arrive, but XXXX XXXX, she told me I had to wait until the mortgage get recorder onto the Credit bureaus report which happen every XX/XX/XXXX of each month, that is mean they will update my information on the XX/XX/XXXX so it will recorder as a new loan owner, but did not happened, I call again to find out on XX/XX/XXXX and again XXXX told me it is missing documents so she can not summited to the credit bureaus and I have to submitted the Home insurance policy again and after she received she told me that I have to wait another month that is mean XXXX no later than XX/XX/XXXX so Direct mortgage can update all my information in their system. I been call several many time and no answer I received anybody avoid my call or does not want to answer why is taking so long to transfer my name to the loan. I am victim of discrimination and power abuse for part of the Nations direct mortgage located XXXX XXXX XXXX, XXXX XXXX XXXX, XXXX XXXX , IL , XXXX telephone XXXX because even do the Underwriting and the Direct Mortgage approved the loan on XX/XX/2018 I still paying my house and no Manager, no supervisor, no customer services return my call and I don't know what happened until now, why they are delaying to change the loan to my name,",
    "company_public_response": "Company believes it acted appropriately as authorized by contract or law",
    "company": "NATIONS DIRECT MORTGAGE, LLC",
    "state": "CA",
    "zipcode": "936XX",
    "tags": "None",
    "consumer_consent_provided": "Consent provided",
    "submitted_via": "Web",
    "date_sent_to_company": "12/06/18",
    "company_response_to_consumer": "Closed with explanation",
    "timely_response": "Yes",
    "consumer_disputed": "N/A",
    "complaint_id": 3093589
}