{
    "date": "2018-12-24T00:00:00",
    "product": "Checking or savings account",
    "sub-product": "Checking account",
    "issue": "Managing an account",
    "sub-issue": "Problem using a debit or ATM card",
    "text": "On XX/XX/XXXX I received a text message at approximately XXXX stating fraud charges. All these charges were use in XXXX, IN. \nFraud Charges- {$100.00} XXXX XXXX, {$95.00} XXXX XXXX, {$100.00} XXXX XXXX, {$92.00} XXXX XXXX XXXX and {$95.00} XXXX XXXX XXXX. At that time I called BMO Harris Bank and spoke to a representative who filed a dispute she also emailed me a form to take to a branch location in the morning. The representative also stated that I would receive a provisional credit once the forms were received in the REG E dept. She did inform me that it would take 7 to 10 days but I told her that is not acceptable because 2 bills were coming out my account and this would leave my account in the negative. As of today the money has not been placed in my account. I have been on the phone with multiple representatives from XX/XX/XXXX-XX/XX/XXXX. I need action done and someone to reach out to me regarding this matter. This is the short version of the issue. I have more to say but I will discuss this with BMO Harris CEO and board of directors.",
    "company_public_response": "Company has responded to the consumer and the CFPB and chooses not to provide a public response",
    "company": "BMO HARRIS BANK NATIONAL ASSOCIATION",
    "state": "WI",
    "zipcode": "532XX",
    "tags": "None",
    "consumer_consent_provided": "Consent provided",
    "submitted_via": "Web",
    "date_sent_to_company": "12/25/18",
    "company_response_to_consumer": "Closed with explanation",
    "timely_response": "Yes",
    "consumer_disputed": "N/A",
    "complaint_id": 3108777
}