{
    "date": "2018-12-06T00:00:00",
    "product": "Credit card or prepaid card",
    "sub-product": "General-purpose credit card or charge card",
    "issue": "Getting a credit card",
    "sub-issue": "Application denied",
    "text": "I read an advertisement for the Chase Ink Business Preferred credit card. \nThe introductory bonus is XXXX bonus points after you spend {$5.00} in purchases during the first 3 months of card ownership, and 3X points on the first {$15000.00} spent on the card. \n\nChase services turned me down because they said I opened other credit card accounts this year. \n\nI only opened one business account that one offered XXXX points, but I offered to close that account because the Chase Ink Preferred is important to me and my business. \n\nAll of my credit cards are in excellent standing and I maintain high bank balances in Chase and other banks. \n\nThey advertised this card and I want to take advantage of the benefits. I'm willingto close other credit cards if necessary.",
    "company_public_response": "None",
    "company": "JPMORGAN CHASE & CO.",
    "state": "NJ",
    "zipcode": "None",
    "tags": "Older American",
    "consumer_consent_provided": "Consent provided",
    "submitted_via": "Web",
    "date_sent_to_company": "12/11/18",
    "company_response_to_consumer": "Closed with explanation",
    "timely_response": "Yes",
    "consumer_disputed": "N/A",
    "complaint_id": 3093460
}