{
    "date": "2018-12-06T00:00:00",
    "product": "Credit card or prepaid card",
    "sub-product": "General-purpose credit card or charge card",
    "issue": "Getting a credit card",
    "sub-issue": "Delay in processing application",
    "text": "I contacted PENFED credit union by sending them a cease and desist letter, I currently am only receiving SSI and can not afford to pay them back. I am being Harassed by this company as they call me everyday twice a day. This is causing me a lot of stress and anxiety. I can not pay them back and my case work informed me that my income is also garnish proof. I am reseeding a cease and desist letter today.",
    "company_public_response": "Company has responded to the consumer and the CFPB and chooses not to provide a public response",
    "company": "PENTAGON FEDERAL CREDIT UNION",
    "state": "NY",
    "zipcode": "100XX",
    "tags": "None",
    "consumer_consent_provided": "Consent provided",
    "submitted_via": "Web",
    "date_sent_to_company": "12/17/18",
    "company_response_to_consumer": "Closed with explanation",
    "timely_response": "Yes",
    "consumer_disputed": "N/A",
    "complaint_id": 3093126
}