{
    "date": "2018-12-06T00:00:00",
    "product": "Checking or savings account",
    "sub-product": "Checking account",
    "issue": "Managing an account",
    "sub-issue": "Problem using a debit or ATM card",
    "text": "In reference to fraud to account corresponding to CFPB Case XXXX. \n\nI have presented TD Bank with disclosure of concerns pertaining the fraudulent use of my account and identity theft. TD Bank has noted that the fraud claims presented under REG E claim XXXX and REG E XXXX have been resolved statinng appropriate action has been taken to resolve the matter and mitigate the losses of monies. To this date the remaining REG E claim has not been address appropriately corresponding to the same recurrence of fraud and identity thief for a debit card that was issue to a third party without my authorization. Further, I have requested the account to be close and will not be making business with TD Bank in demonstration of my disagreement with the poor practices of XXXX XXXX, Assistant Vice President, NMLS ID # XXXX who handed me a check with the balance corresponding to the credits to the account as resolution of fraud without even an acknowledgement of the consequences that this has had on me and my business. \n\nI have visited TD Bank located in XXXX XXXX and the teller XXXX XXXX has said that she would reach the corresponding department for appropriate action. I was hoping to meet with a customer relationship specialist, but XXXX XXXX thought that she would resolve my concerns from the teller window, which she failed to do. I certainly expect that regard be employed towards what this process has been and how I have been prevented from a proper resolution. In relation to the response to the previous CFPB complaint, I am not in understanding that the final REG E claim has not been handled with propriety to this date and expect appropriate action.",
    "company_public_response": "None",
    "company": "TD BANK US HOLDING COMPANY",
    "state": "MA",
    "zipcode": "02143",
    "tags": "None",
    "consumer_consent_provided": "Consent provided",
    "submitted_via": "Web",
    "date_sent_to_company": "12/06/18",
    "company_response_to_consumer": "Closed with explanation",
    "timely_response": "Yes",
    "consumer_disputed": "N/A",
    "complaint_id": 3092502
}