{
    "date": "2018-12-06T00:00:00",
    "product": "Mortgage",
    "sub-product": "FHA mortgage",
    "issue": "Trouble during payment process",
    "sub-issue": "None",
    "text": "NATIONSTAR IS ENGAGED IN SYSTEMATIC ILLEGAL ACTIVITY AND CONSUMER FRAUD. THEY HAVE CONFIRMED THIS LOAN WAS FRAUDULENT, THEY HAVE CONFIRMED ESCROW FRAUD HAS OCCURRED, AND INSTEAD OF HELPING, THEY ADDED THEIR OWN FRAUD WHICH WAS UPLOADED FOR PERMANENT PUBLIC RECORD AND FOR MY RETRIEVAL FOR THE LAWSUIT WE WILL BE FILING AGAINST INDIVIDUALS AND CORP ... .. WE HAVE CONFIRMED LOAN DISCLOSURE /ORIGINATION FRAUD, A COPY IS PROVIDED ) .WE HAVE CONFIRMED LOAN SERVICING/ ESCROW FRAUD. ( A  COPY IS PROIVIDED ). BOTH COPIES CAME FROM NATIONSTAR ... .THEY ARE FULLY AWARE AND VERY VERY COMFORTABLE WITH CRIME AND FRAUD ... .IN ADDITION, WHILE WE TRIED TO RESOLVE THIS, WE REQUESTED PMI INSURANCE/FEES BE REMOVED, ALSO OUR LEGAL RIGHT, AND THEY HAVE REFUSED TO DO THIS FOR WELL OVER A YEAR, COLLECTING PRINCIPAL WITHOUT PROPER CREDIT. WE ARE WELL OVER 50 % EQUITY AND STILL PAYTING PMI TO THESE DISHONEST SCUMBAGS. IN ADDITION, BECAUSE I UPLOADED EVIDENCE TO CFPB, THEY HAVE BLOCKED OUR EMAIL ADDRESS AND WE ARE BEING DISCRIMNATED AGAINST, UNABLE TO ASK ANY QUESTIONS VIA EMAIL, YET ANOTHER FORM OF ABUSE, PREDATORY LENDING AND FRAUD IN ADDITION TO VIOLATING BOTH OUR CONSUMER AND CIVIL RIGHTS",
    "company_public_response": "None",
    "company": "NATIONSTAR MORTGAGE",
    "state": "FL",
    "zipcode": "342XX",
    "tags": "Servicemember",
    "consumer_consent_provided": "Consent provided",
    "submitted_via": "Web",
    "date_sent_to_company": "12/06/18",
    "company_response_to_consumer": "Closed with explanation",
    "timely_response": "Yes",
    "consumer_disputed": "N/A",
    "complaint_id": 3093215
}