{
    "date": "2018-12-06T00:00:00",
    "product": "Checking or savings account",
    "sub-product": "Checking account",
    "issue": "Closing an account",
    "sub-issue": "Company closed your account",
    "text": "In XXXX of 2013, I suffered a life threatening XXXX  injury which caused me to be in the hospital for several months. During that time a person by the name of XXXX XXXX, who I do not associate with anymore, gained unauthorized access to my bank account through Bank of America and stole over {$20000.00} from me while I was in the hospital. When I got out of the hospital, there was only {$40.00} in my account. While attempting to resolve this issue, I spoke to two representatives from the Bank of America complaint center and they were absolutely no help. XXXX ( unsure of the last name ) in the state of Utah and XXXX XXXX in the state of Maine. I asked them why my account was closed in 2013, and they stated that I had a pattern of late payment history. Ive never been late paying anybody, however I couldnt pay any of my bills while in the hospital fighting for my life. I asked the representatives to provide the dates I was late paying and they could not provide me any dates.",
    "company_public_response": "Company has responded to the consumer and the CFPB and chooses not to provide a public response",
    "company": "BANK OF AMERICA, NATIONAL ASSOCIATION",
    "state": "CA",
    "zipcode": "925XX",
    "tags": "None",
    "consumer_consent_provided": "Consent provided",
    "submitted_via": "Web",
    "date_sent_to_company": "12/06/18",
    "company_response_to_consumer": "Closed with explanation",
    "timely_response": "Yes",
    "consumer_disputed": "N/A",
    "complaint_id": 3093441
}