{
    "date": "2018-12-06T00:00:00",
    "product": "Credit card or prepaid card",
    "sub-product": "General-purpose credit card or charge card",
    "issue": "Getting a credit card",
    "sub-issue": "Application denied",
    "text": "Im XXXX and I can not get a credit card they cast I dont have any credit.",
    "company_public_response": "Company has responded to the consumer and the CFPB and chooses not to provide a public response",
    "company": "WELLS FARGO & COMPANY",
    "state": "SC",
    "zipcode": "295XX",
    "tags": "None",
    "consumer_consent_provided": "Consent provided",
    "submitted_via": "Web",
    "date_sent_to_company": "12/06/18",
    "company_response_to_consumer": "Closed with explanation",
    "timely_response": "Yes",
    "consumer_disputed": "N/A",
    "complaint_id": 3092492
}