{
    "date": "2018-12-23T00:00:00",
    "product": "Checking or savings account",
    "sub-product": "Checking account",
    "issue": "Managing an account",
    "sub-issue": "Deposits and withdrawals",
    "text": "USAA. No matter what I report to my own bank they laugh at me over charges fraudulent charges I have to fight for them to file with the FTC. I found over {$210.00} in overage charges from XXXX the teller last night actually told me I dont know what youre talking about Im sure XXXX did this I had to fight her and say no its all over the news they been hacked. And late XXXX of this year my husband actually took off for two days we were very worried I was on the phone with XXXX and USAA pointing out that there was a with drawl straight out of our savings the lady told me that it went somewhere in Texas he had left not 24 hours before without a car. They sat there and laughed at me while I reported my husband missing something weird is going on with this bank they treat me like XXXX and they take my money and laugh at me",
    "company_public_response": "Company believes complaint caused principally by actions of third party outside the control or direction of the company",
    "company": "UNITED SERVICES AUTOMOBILE ASSOCIATION",
    "state": "CA",
    "zipcode": "920XX",
    "tags": "Servicemember",
    "consumer_consent_provided": "Consent provided",
    "submitted_via": "Web",
    "date_sent_to_company": "12/23/18",
    "company_response_to_consumer": "Closed with explanation",
    "timely_response": "Yes",
    "consumer_disputed": "N/A",
    "complaint_id": 3108157
}