{
    "date": "2018-12-06T00:00:00",
    "product": "Credit card or prepaid card",
    "sub-product": "General-purpose credit card or charge card",
    "issue": "Struggling to pay your bill",
    "sub-issue": "Credit card company won't work with you while you're going through financial hardship",
    "text": "I would like to inform capital one of my financial hardships is why I got behind on my credit card payments. And I am unable to pay off the balances at this time. I am in the process of selling my home and when I get the money from my home selling. I will pay off all 3 credit cards that i had. But only what the credit limits were. Not late fees or interest charges.",
    "company_public_response": "None",
    "company": "CAPITAL ONE FINANCIAL CORPORATION",
    "state": "AL",
    "zipcode": "None",
    "tags": "Servicemember",
    "consumer_consent_provided": "Consent provided",
    "submitted_via": "Web",
    "date_sent_to_company": "12/06/18",
    "company_response_to_consumer": "Closed with explanation",
    "timely_response": "Yes",
    "consumer_disputed": "N/A",
    "complaint_id": 3093150
}