{
    "date": "2018-12-05T00:00:00",
    "product": "Checking or savings account",
    "sub-product": "Checking account",
    "issue": "Managing an account",
    "sub-issue": "Deposits and withdrawals",
    "text": "On XX/XX/2018 a deposit to my account through Bank of America ATM in XXXX, Georgia. The check amount {$8100.00} was placed on hold until XXXX.18 at XXXX. An additional check in the amount of {$35.00} made during same transaction and drawn on same banking institution was immediately available for withdrawal. In several conversations with customer service representatives plus a supervisor I was given the same answer that checks over {$5000.00} are held for seven days excluding weekends and there is no way that any of these funds can be made available until this date. Reason given on bottom of deposit receipt : A hold was placed on your check ( s ) because check specific information indicates item may be returned.",
    "company_public_response": "Company has responded to the consumer and the CFPB and chooses not to provide a public response",
    "company": "BANK OF AMERICA, NATIONAL ASSOCIATION",
    "state": "GA",
    "zipcode": "302XX",
    "tags": "None",
    "consumer_consent_provided": "Consent provided",
    "submitted_via": "Web",
    "date_sent_to_company": "12/05/18",
    "company_response_to_consumer": "Closed with explanation",
    "timely_response": "Yes",
    "consumer_disputed": "N/A",
    "complaint_id": 3091878
}