{
    "date": "2018-12-05T00:00:00",
    "product": "Student loan",
    "sub-product": "Federal student loan servicing",
    "issue": "Problem with a credit reporting company's investigation into an existing problem",
    "sub-issue": "Their investigation did not fix an error on your report",
    "text": "I have a loan with XXXX. I have always made my payments on time. For some reason I realized that there was a late payment on my credit report. As you can see, I have always had a stellar payment record with this company. I tried contacting both XXXX, XXXX, XXXX  and XXXX with no successful resolution. XXXX, XXXX and XXXX  were reporting me late. There was definitely an error on their part. I was never 30 days late XXXX - XX/XX/2018.",
    "company_public_response": "None",
    "company": "Utah System of Higher Education",
    "state": "GA",
    "zipcode": "30106",
    "tags": "None",
    "consumer_consent_provided": "Consent provided",
    "submitted_via": "Web",
    "date_sent_to_company": "12/11/18",
    "company_response_to_consumer": "Closed with explanation",
    "timely_response": "Yes",
    "consumer_disputed": "N/A",
    "complaint_id": 3091657
}