{
    "date": "2018-12-05T00:00:00",
    "product": "Checking or savings account",
    "sub-product": "Checking account",
    "issue": "Problem with a lender or other company charging your account",
    "sub-issue": "Transaction was not authorized",
    "text": "I contacted BBVA Compass Bank after I noticed that several credit card accounts were open Fraudulently from XXXX XXXX XXXX   and the payments were being taken from my second checking account. I advised both banks the XXXX disputed amount had to have been a roommate that rented a room from me for about six months. After he recently moved out I noticed things in my dresser drawer were missing such as money, Identification, and Credit Cards from companies I did apply for.",
    "company_public_response": "None",
    "company": "BBVA COMPASS FINANCIAL CORPORATION",
    "state": "FL",
    "zipcode": "None",
    "tags": "None",
    "consumer_consent_provided": "Consent provided",
    "submitted_via": "Web",
    "date_sent_to_company": "12/11/18",
    "company_response_to_consumer": "Closed with monetary relief",
    "timely_response": "Yes",
    "consumer_disputed": "N/A",
    "complaint_id": 3091606
}