{
    "date": "2018-12-05T00:00:00",
    "product": "Credit card or prepaid card",
    "sub-product": "General-purpose credit card or charge card",
    "issue": "Other features, terms, or problems",
    "sub-issue": "Problem with rewards from credit card",
    "text": "I'm an American Express Platinum member and I'm unable to use my Membership Rewards points. I contacted American Express and nobody was able to tell me why I couldn't use my points and when the issue would be resolved. I find it unacceptable I have to waste my time to file a complaint so I can use my points. Please let me know if the issue will be resolved so that I know whether to cancel my accounts before the anual fees are due.",
    "company_public_response": "None",
    "company": "AMERICAN EXPRESS COMPANY",
    "state": "FL",
    "zipcode": "331XX",
    "tags": "Servicemember",
    "consumer_consent_provided": "Consent provided",
    "submitted_via": "Web",
    "date_sent_to_company": "12/05/18",
    "company_response_to_consumer": "Closed with explanation",
    "timely_response": "Yes",
    "consumer_disputed": "N/A",
    "complaint_id": 3091800
}