{
    "date": "2018-12-05T00:00:00",
    "product": "Checking or savings account",
    "sub-product": "Checking account",
    "issue": "Managing an account",
    "sub-issue": "Funds not handled or disbursed as instructed",
    "text": "Continuation of complaint # XXXX I've already contacted your office in regards to a complaint with Chase Bank. However, your not doing enough to resolve the issue. \n\nI'm on Social Security XXXX and I cant believe they treat XXXX people like this. Shame on them. \n\nI have proof of payment on a cashiers check that I got from my Dad and his wife. It took three weeks to get it since the XXXX XXXX XXXX is on a rolling provincial strike ( meaning this week this province and a different province next week. ) The quickest way for me to get proof of payment is this way but Chase has called me a liar that my dad doesn't live in XXXX. I had given Chase my pass port for second ID. It may say US passport but it also give original country of being XXXX. \n\nThey also told XXXX XXXX that I gave them a fraudulent check and they even closed my account and wont release the less the {$6.00} in my account. \n\nI have included a copy of my Chase statement and there corporate office told me the funds have been in the account waiting to be picked up. Yet when I go into a branch they won't release the funds. They keep saying its a fraudulent check without proof. I have proof its not even if its emailed to me its still more proof than what they have. \n\nSince they arent releasing the funds. What is my next legal action? Court? I can do that.",
    "company_public_response": "None",
    "company": "JPMORGAN CHASE & CO.",
    "state": "CA",
    "zipcode": "None",
    "tags": "None",
    "consumer_consent_provided": "Consent provided",
    "submitted_via": "Web",
    "date_sent_to_company": "12/05/18",
    "company_response_to_consumer": "Closed with explanation",
    "timely_response": "Yes",
    "consumer_disputed": "N/A",
    "complaint_id": 3091805
}