{
    "date": "2018-12-05T00:00:00",
    "product": "Checking or savings account",
    "sub-product": "Checking account",
    "issue": "Opening an account",
    "sub-issue": "Didn't receive terms that were advertised",
    "text": "On XX/XX/2018 I deposited {$10000.00} by XXXX to open a new HSBC account based on a promise of {$350.00}. After it took HSBC an unusually long period to credit that electronic deposit, I wrote them via their secure message feature to complain and to memorialize that I only opened the account for the {$350.00}. Since then, I have sent more than a dozen follow-up messages asking when I would receive the {$350.00} and I was told it takes time ( app. 90 days and it's been app. 170 days ) until now, when they did not even bother to promise the {$350.00} or offer an excuse but said instead that I can have my money back less a {$25.00} \" penalty '' that they never even disclosed.",
    "company_public_response": "None",
    "company": "HSBC NORTH AMERICA HOLDINGS INC.",
    "state": "NY",
    "zipcode": "115XX",
    "tags": "None",
    "consumer_consent_provided": "Consent provided",
    "submitted_via": "Web",
    "date_sent_to_company": "12/05/18",
    "company_response_to_consumer": "Closed with explanation",
    "timely_response": "Yes",
    "consumer_disputed": "N/A",
    "complaint_id": 3091838
}