{
    "date": "2018-12-05T00:00:00",
    "product": "Mortgage",
    "sub-product": "Conventional home mortgage",
    "issue": "Struggling to pay mortgage",
    "sub-issue": "None",
    "text": "My loan is currently serviced by XXXX XXXX. On or about XX/XX/XXXX, Rushmore received {$100000.00} from Keep Your Home California. The proceeded to misapply the funds, which has trapped me back into foreclosure. There is a foreclosure sale date set for XX/XX/XXXX. Listed below are my primary concerns. \n\n1. The statement on XX/XX/XXXX shows a suspense balance of - {$53000.00}. I am assuming this is the surplus money from the XXXX payment from Keep Your Home California aka KYHC. Why did KYHC issue a check for such a large amount when account was around 48K past due? Did Rushmore make that demand? If so, that constitutes fraud on their part. KYHC is due to run dry of funds before the end of this yeartwo years before the designated end date of XX/XX/XXXX. The fraud links directly to a government entity, which means that False Claims Act Qui Tam applies. I SIGNED A DEED OF TRUST FOR XXXX, SO ULTIMATELY I WAS RIPPED OFF BY RUSHMORE.AGAIN! \n\n2. Why is there a deferred principal balance of {$87000.00} listed on the payoff? \n\n\n3. KYHC was applied a large part of the XXXX towards principal. KYHC is a program designed to assist unemployed home owners catch up and make regular monthly mortgage payments.not pay down principal.again The False Claims Act applies. \n\n4. The loan never should have never been modified on XX/XX/XXXX,  since it was current from the funds KYHC paid.THIS MAKES ABSOLUTELY NO SENSE! The only reason is was modified, was so that Rushmore could hide the excess money paid and reset the clock. They did not want the dirty accounting from the original loan lingering around.especially if they tried to sell the loan via portfolio to a new investor on XXXX XXXX. \n\n5. The corporate advance fees listed below have extensive foreclosure fees, attorney fees and litigation fees that need to be accounted for. They need to show invoices from the alleged law firms that were paid.which they likely will not have. \n\nBreakdown of the corporate advance balances paid : {$200.00} FPIR ( FC PROP INPSPEC ) {$3300.00} FCST ( FORECLOSURE COSTS ) {$2600.00} FFEE ( FORECLOSURE FEES ) {$14000.00} LFEE ( LITIGATION FEES ) {$47.00} BCTC ( BK COURT COSTS ) {$36.00} BCST ( BK COSTS ) {$800.00} BATT ( BK ATTNY FEES )",
    "company_public_response": "None",
    "company": "RUSHMORE LOAN MANAGEMENT SERVICES LLC",
    "state": "CA",
    "zipcode": "930XX",
    "tags": "None",
    "consumer_consent_provided": "Consent provided",
    "submitted_via": "Web",
    "date_sent_to_company": "12/05/18",
    "company_response_to_consumer": "Closed with explanation",
    "timely_response": "Yes",
    "consumer_disputed": "N/A",
    "complaint_id": 3091705
}