{
    "date": "2018-12-05T00:00:00",
    "product": "Credit card or prepaid card",
    "sub-product": "General-purpose credit card or charge card",
    "issue": "Fees or interest",
    "sub-issue": "Problem with fees",
    "text": "Today XX/XX/XXXX, I talked to customer service about my XXXX XXXX dollar charges for the last the company spokesman at XXXX XXXX XXXX, when asked if they would forgive the 2 fees, sense Im a senior citizen ( XXXX ) on a fixed income and cant really afford this {$60.00} penalty for late payment, they send no. Because I had already used up my one forgiveness and only 1 is allowed. I mentioned my increased confusion and forgetfulness as I age, do you have auto- pay and they said yes. I wish I was made aware of that months ago so I paid my bill on the phone and will set up auto-pay",
    "company_public_response": "None",
    "company": "Alliance Data Card Services",
    "state": "MN",
    "zipcode": "55428",
    "tags": "Older American",
    "consumer_consent_provided": "Consent provided",
    "submitted_via": "Web",
    "date_sent_to_company": "12/05/18",
    "company_response_to_consumer": "Closed with explanation",
    "timely_response": "Yes",
    "consumer_disputed": "N/A",
    "complaint_id": 3091596
}