{
    "date": "2018-12-05T00:00:00",
    "product": "Mortgage",
    "sub-product": "Conventional home mortgage",
    "issue": "Struggling to pay mortgage",
    "sub-issue": "None",
    "text": "I submitted an application to Citimortgage on or about XX/XX/2018 for a loan modification on my mortgage which converted from an interest only loan to an amortized loan with a 20 year amortization in effect more than doubling the payment. The home is underwater as well but would like to keep it as we have lived in the home for more than 16 years and have children in school. I have been submitting any and all requested documents on a timely basis and have kept in constant contact with Citimortgage and thought things were moving along when on XX/XX/18 I received a letter from a law firm representing Citimortgage demanding full payment of the mortgage plus penalties and interest and says in paragraph 6 of the letter that the law firm can file a foreclosure immediately and does not have to wait 30 days for a reply. I have additional correspondence from CItimortgage stating that we do in fact have an ongoing application for modification relief at this exact time period. I also received a phone call from a Citimortgage collection account employee on XX/XX/2018 at XXXX CST who identified himself as \" XXXX '' - he said his purpose of the call was to see if we were going to pay off the balance of what's due ( he quoted a number ) and then when I said I had a modification in review right now he paused and said we were in foreclosure and said he could transfer this call to \" litigation '' if I wanted to speak to them. I did and he tried to transfer but I was disconnected. Today XX/XX/2018 at XXXX CST I received a call from \" XXXX '' at Citimortgage employee ID number XXXX who also said I was in foreclosure and asked what my intentions were- I said I was in a modification review and she placed me on hold for a long period of time and came back on and asked me to keep holding - I couldn't because I was at work. It seems like a case of \" dual tracking '' and that's my complaint.",
    "company_public_response": "Company has responded to the consumer and the CFPB and chooses not to provide a public response",
    "company": "CITIBANK, N.A.",
    "state": "IL",
    "zipcode": "600XX",
    "tags": "Older American",
    "consumer_consent_provided": "Consent provided",
    "submitted_via": "Web",
    "date_sent_to_company": "12/05/18",
    "company_response_to_consumer": "Closed with explanation",
    "timely_response": "Yes",
    "consumer_disputed": "N/A",
    "complaint_id": 3091831
}