{
    "date": "2018-12-05T00:00:00",
    "product": "Mortgage",
    "sub-product": "Conventional home mortgage",
    "issue": "Trouble during payment process",
    "sub-issue": "None",
    "text": "My mortgage servicer SPS Select Portfolio Servicing is illegally charging me late fees, overcharging me for escrow ( taxes and insurance ) and is claiming now I am over {$55000.00} negative in my escrow account. This can not be possible. I have paid for the last 5 years since they took over, my principal, interest and more than my taxes and insurance. These criminals send me a different statement every few months changing my payment by several thousand dollars. They send me microfiche in 6 pt  hard to read with glasses an account summary that is not understandable. I can not be more than say 6 months back due to escrow as they pay the property taxes each 6 months not annually. I do not owe for any back property taxes or insurance for 2 years worth, thats proposterous and there was no hidden funds I owe to prior lender. My mortgage was modified into one payment for all the late taxes. Then SPS takes over, They charge me late fees if I do not make there made up full payment. I can document all of this. When I called and complained to 3 different managers in XX/XX/2018 they miraculously said okay we will lower your payment {$1200.00} but still are off by {$1200.00} a month. I have attached proof. No ones escrow moves {$2000.00} a month up or down, its ridiculous.",
    "company_public_response": "Company believes it acted appropriately as authorized by contract or law",
    "company": "SELECT PORTFOLIO SERVICING, INC.",
    "state": "CA",
    "zipcode": "None",
    "tags": "None",
    "consumer_consent_provided": "Consent provided",
    "submitted_via": "Web",
    "date_sent_to_company": "12/12/18",
    "company_response_to_consumer": "Closed with explanation",
    "timely_response": "Yes",
    "consumer_disputed": "N/A",
    "complaint_id": 3091553
}