{
    "date": "2018-12-05T00:00:00",
    "product": "Vehicle loan or lease",
    "sub-product": "Loan",
    "issue": "Managing the loan or lease",
    "sub-issue": "Problem with fees charged",
    "text": "I've had an auto loan with XXXX XXXX XXXX ( XXXX ) with a retail installation date of XX/XX/XXXX. Since XX/XX/XXXX, I've been timely and consistent with my auto loan payments of {$530.00}. This account/contract reached full term in XX/XX/XXXX with a total payoff remaining balance of {$7400.00} ; principal balance of {$7200.00}, accrued interest of XXXX, and other fees and charges of {$150.00}! I was notified via account statement that this payment was expected in full by XX/XX/XXXX. Being that my wife and I could not make the substantial payoff payment, we entered a Renewal/Reschedule contract in XXXX. We were informed not to proceed with the regular schedule payments due to the fact that the date and renewal monthly payment amount would change. I inquired if the changes would cause any blemishes on our credit report and was informed that it would not. It did not reflect negatively for XXXX, but unfortunately my credit report is indeed reflecting a late payment in XXXX.",
    "company_public_response": "Company has responded to the consumer and the CFPB and chooses not to provide a public response",
    "company": "BB&T CORPORATION",
    "state": "TX",
    "zipcode": "774XX",
    "tags": "None",
    "consumer_consent_provided": "Consent provided",
    "submitted_via": "Web",
    "date_sent_to_company": "12/11/18",
    "company_response_to_consumer": "Closed with explanation",
    "timely_response": "Yes",
    "consumer_disputed": "N/A",
    "complaint_id": 3092358
}