{
    "date": "2018-12-05T00:00:00",
    "product": "Vehicle loan or lease",
    "sub-product": "Loan",
    "issue": "Problems at the end of the loan or lease",
    "sub-issue": "Problem with paying off the loan",
    "text": "We financed a XXXX XXXX in XXXX, XXXX for 6 years. XX/XX/XXXX should have been our final payment. However, we took two ( 2 ) extensions and one date change. That should have made the final payment to XX/XX/XXXX. We filed a complaint with CFPB during late XXXX.We received a letter from CFPB dated XX/XX/XXXX. We received a letter from CFPB dated XX/XX/XXXX stating the company ( XXXX XXXX XXXX ) had responded to our complaint. That letter stated that XXXX XXXX received our complaint and that a XXXX XXXX had satisfactorially explained to my wife the terms of the financing. That's a blatant lie. The truth of the matter is that XXXX XXXX was supposed to explain the matter to my satisfaction. I personally made three ( 3 ) phone calls to XXXX XXXX, none of which she answered or returned. To make matters worse, CFPB simply closed the complaint without lifting a finger to check the merit of XXXX XXXX claim. I will continue to follow up on this claim until i get a legitimate response.",
    "company_public_response": "Company has responded to the consumer and the CFPB and chooses not to provide a public response",
    "company": "BB&T CORPORATION",
    "state": "MS",
    "zipcode": "397XX",
    "tags": "None",
    "consumer_consent_provided": "Consent provided",
    "submitted_via": "Web",
    "date_sent_to_company": "12/11/18",
    "company_response_to_consumer": "Closed with explanation",
    "timely_response": "Yes",
    "consumer_disputed": "N/A",
    "complaint_id": 3092402
}