{
    "date": "2018-12-05T00:00:00",
    "product": "Credit card or prepaid card",
    "sub-product": "General-purpose credit card or charge card",
    "issue": "Advertising and marketing, including promotional offers",
    "sub-issue": "Confusing or misleading advertising about the credit card",
    "text": "A caller from XXXX routinely calls my cell phone attempting to solicit information related to a credit card service. I have repeatedly attempted to opt out of the calls by selecting the automated option to \" opt out '' in addition to confirming that I registered my cell phone for the National Do Not Call Registry on XX/XX/2013. \n\nToday I received another call from this same company and selected the option to speak to a representative. When the representative answered he stated he was with Visa Credit Card Services. I informed him he was calling my cell phone and that I had previously opted out on several occasions. He responded stating \" go XXXX  yourself you XXXX XXXX '' then he hung up. I called the number back and asked for his name and employer id number which he refused to provide and hung up again. \n\nI have contacted Visa to report this issue and was informed this caller was not affiliated with Visa Credit Card Services. Instead, Visa alleges this is a fraudulent company who has obtained Visa 's customer information and is attempting to use it for fraud activities.",
    "company_public_response": "Company has responded to the consumer and the CFPB and chooses not to provide a public response",
    "company": "ZIONS BANCORPORATION",
    "state": "TX",
    "zipcode": "None",
    "tags": "None",
    "consumer_consent_provided": "Consent provided",
    "submitted_via": "Web",
    "date_sent_to_company": "12/05/18",
    "company_response_to_consumer": "Closed with explanation",
    "timely_response": "Yes",
    "consumer_disputed": "N/A",
    "complaint_id": 3091889
}