{
    "date": "2018-12-04T00:00:00",
    "product": "Checking or savings account",
    "sub-product": "Checking account",
    "issue": "Problem with a lender or other company charging your account",
    "sub-issue": "Transaction was not authorized",
    "text": "Dear Sir/Madam, I found a fraudulent charge on my savings account when I was looking back the transaction history on XX/XX/XXXX. I found one of my personal check was used by someone whom I don't know for XXXX $ on XX/XX/XXXX in XXXX XXXX XXXX, XXXX. \n\nThe check was cashed to \" XXXX XXXX XXXX XXXX '' XXXX XXXX XXXX  The check payee name is : XXXX XXXX I XXXXontacted my bank ( Bank of America ) as soon as I realized this fraud and raised complaint on XX/XX/XXXX. They took 90 days to investigate and told me today that they can't process this request as it is beyond 60 days from the date of incident, as per bank policy. \nSo I am raising this complaint to you. Kindly do the needful. \n\nPlease let me know if you need any further details.",
    "company_public_response": "Company has responded to the consumer and the CFPB and chooses not to provide a public response",
    "company": "BANK OF AMERICA, NATIONAL ASSOCIATION",
    "state": "WA",
    "zipcode": "980XX",
    "tags": "None",
    "consumer_consent_provided": "Consent provided",
    "submitted_via": "Web",
    "date_sent_to_company": "12/04/18",
    "company_response_to_consumer": "Closed with explanation",
    "timely_response": "Yes",
    "consumer_disputed": "N/A",
    "complaint_id": 3090371
}