{
    "date": "2018-12-04T00:00:00",
    "product": "Vehicle loan or lease",
    "sub-product": "Loan",
    "issue": "Managing the loan or lease",
    "sub-issue": "Problem with fees charged",
    "text": "XXXX XXXX repossessed the vehicle on XX/XX/2018. We reinstated the loan on XX/XX/XXXX, which included the repossession fees of {$700.00}. There was to be another {$120.00} that would be billed at a later date. That was told to us by XXXX and the company the repossessed the car, which was fine. Since we reinstated the loan, XXXX has charged an additional {$700.00}, {$15.00}, and {$170.00} respectively at different times. There has been no explanation as to what the fees are. They are placed under \" other ''. I have sent XXXX 2 different letters disputing the charges and they have not responded. As you will see through the documents provided, all past due amounts, late charges, and repossession fees were paid on XX/XX/XXXX ( please see \" transactions '' ) I paid the exact amount they said in their certified letter that was needed to reinstate the loan. ( see reinstatement letter ) In addition, I have provided the statement from the repo company that all fees are to be capped in {$120.00} ( see vehicle release fee cap ). Finally, as you will see through my documentation, XXXX has failed to produce a statement for me since XXXX ( see statements ).",
    "company_public_response": "None",
    "company": "SANTANDER CONSUMER USA HOLDINGS INC.",
    "state": "IL",
    "zipcode": "605XX",
    "tags": "None",
    "consumer_consent_provided": "Consent provided",
    "submitted_via": "Web",
    "date_sent_to_company": "12/04/18",
    "company_response_to_consumer": "Closed with monetary relief",
    "timely_response": "Yes",
    "consumer_disputed": "N/A",
    "complaint_id": 3091093
}