{
    "date": "2018-12-04T00:00:00",
    "product": "Credit card or prepaid card",
    "sub-product": "General-purpose credit card or charge card",
    "issue": "Advertising and marketing, including promotional offers",
    "sub-issue": "Didn't receive advertised or promotional terms",
    "text": "Bank of America offered me a XXXX reward points for spending {$3000.00} within first 90 days from opening date. While I was applying for the card on the web, small chat window popped up and insisted help. service representative through the chat window suggested me to go over the phone to finish the paper work, and i did it. \nToday, Bank of America have refused to pay me XXXX reward points ( {$500.00} worth ) because that deal was online exclusive and I finished applying process through phone call. I started process with online form. It was the Bank of America that leaded me from online form to chat window and then eventually a phone call. There was no information given to me saying I will lose my benefit for moving over to a phone. They also refuses to refund {$95.00} dollars annual fee because a card has been active for more than a month.",
    "company_public_response": "Company has responded to the consumer and the CFPB and chooses not to provide a public response",
    "company": "BANK OF AMERICA, NATIONAL ASSOCIATION",
    "state": "AR",
    "zipcode": "720XX",
    "tags": "None",
    "consumer_consent_provided": "Consent provided",
    "submitted_via": "Web",
    "date_sent_to_company": "12/04/18",
    "company_response_to_consumer": "Closed with monetary relief",
    "timely_response": "Yes",
    "consumer_disputed": "N/A",
    "complaint_id": 3091480
}