{
    "date": "2018-12-22T00:00:00",
    "product": "Mortgage",
    "sub-product": "Conventional home mortgage",
    "issue": "Trouble during payment process",
    "sub-issue": "None",
    "text": "The company ROUND POINT, was suppose to make my home insurance payment, but they sent the check to the wrong address, or so they say. They wanted me to issue another check, but they made the mistake I tried to speek to someone in the office, but they were giving me the run around, I was STRESSING out. I wanted answers, that's why I contacted your company, PLEASE HELP ME. I want some action takin to this company!!!",
    "company_public_response": "Company has responded to the consumer and the CFPB and chooses not to provide a public response",
    "company": "RoundPoint Mortgage Servicing Corporation",
    "state": "FL",
    "zipcode": "33971",
    "tags": "None",
    "consumer_consent_provided": "Consent provided",
    "submitted_via": "Web",
    "date_sent_to_company": "01/15/19",
    "company_response_to_consumer": "Closed with explanation",
    "timely_response": "Yes",
    "consumer_disputed": "N/A",
    "complaint_id": 3107992
}