{
    "date": "2018-12-04T00:00:00",
    "product": "Checking or savings account",
    "sub-product": "Checking account",
    "issue": "Problem with a lender or other company charging your account",
    "sub-issue": "Transaction was not authorized",
    "text": "I purchased an auto insurance policy from XXXX for XXXX and XXXX per month payment for a 6 month policy.They deducted XXXX plus an additional XXXX. The XXXX was not authorized neither did I know that amount was due to purchase the policy. This occurred on XX/XX/2018. My Bank is TD Bank.At this time I am unable to maintain my other financial obligations.",
    "company_public_response": "None",
    "company": "TD BANK US HOLDING COMPANY",
    "state": "NJ",
    "zipcode": "None",
    "tags": "None",
    "consumer_consent_provided": "Consent provided",
    "submitted_via": "Web",
    "date_sent_to_company": "12/04/18",
    "company_response_to_consumer": "Closed with monetary relief",
    "timely_response": "Yes",
    "consumer_disputed": "N/A",
    "complaint_id": 3090664
}