{
    "date": "2018-12-04T00:00:00",
    "product": "Credit card or prepaid card",
    "sub-product": "General-purpose credit card or charge card",
    "issue": "Advertising and marketing, including promotional offers",
    "sub-issue": "Confusing or misleading advertising about the credit card",
    "text": "Chase Visa XXXX Card. Chase sent out an offer to upgrade to another XXXX card. Same account number, so no impact on personal credit. No other fee changes on offer. I agreed to upgrade to the card. I activated the new card on XX/XX/XXXX. Today I receive a letter from Chase dated XX/XX/XXXX ( todays date is XX/XX/XXXX ) stating changes to account terms. The change is that they are increasing their annual fee from {$99.00} to {$140.00}. I find it awfully suspicious that the letter came after I had time to accept and activate the card. This seems a lot like a bait and switch tactic. I will not accept this change in annual fees as it was not advertised when I was initially offered this card upgrade ( and I highly doubt Chase bank makes decisions to raise annual fees in less than a months time, these decisions are factored in months in advance ). Another example of how the banking system is not regulated enough, or perhaps a sign it needs more oversight since they resort to tactics like this. Bad business.",
    "company_public_response": "None",
    "company": "JPMORGAN CHASE & CO.",
    "state": "NV",
    "zipcode": "890XX",
    "tags": "None",
    "consumer_consent_provided": "Consent provided",
    "submitted_via": "Web",
    "date_sent_to_company": "12/04/18",
    "company_response_to_consumer": "Closed with explanation",
    "timely_response": "Yes",
    "consumer_disputed": "N/A",
    "complaint_id": 3091328
}