{
    "date": "2018-12-03T00:00:00",
    "product": "Checking or savings account",
    "sub-product": "Checking account",
    "issue": "Managing an account",
    "sub-issue": "Cashing a check",
    "text": "Our account was bought by Flagstar Bank on XX/XX/2018. We have been informed of the process since XX/XX/2018 when XXXX XXXX inform us of the plan buy. We have received out debit cards a few weeks back. Last week we received out checks and only my husband 's name appeared on them. I call and to inform them of the error and was told I would have to wait until Monday XX/XX/XXXX to have it taken care of. I called and waited for 45 minutes to speak to a banker to be told there is nothing he can do, that it was what XXXX XXXX send over to them. He told me I would have to call XXXX to have them reissue the check with the correct name. I called the number and was told they were just the printing company and have no way to change the name on a checking account. I turned around and called Flagstar back and waited on hold for 40 minutes to be told that I would have to go into a branch office which is 250 miles away, Then was told there is nothing they can do. I feel this is ridiculous that they should make good on the check. I have not ask to be send to Flagstar in the first place. I am already out time to change all my ACH because of this whole mess. They need to replace the check with the proper names on them.",
    "company_public_response": "Company has responded to the consumer and the CFPB and chooses not to provide a public response",
    "company": "FLAGSTAR BANK, FSB",
    "state": "OH",
    "zipcode": "431XX",
    "tags": "None",
    "consumer_consent_provided": "Consent provided",
    "submitted_via": "Web",
    "date_sent_to_company": "12/03/18",
    "company_response_to_consumer": "Closed with explanation",
    "timely_response": "Yes",
    "consumer_disputed": "N/A",
    "complaint_id": 3090130
}