{
    "date": "2018-12-03T00:00:00",
    "product": "Credit card or prepaid card",
    "sub-product": "General-purpose credit card or charge card",
    "issue": "Problem with a purchase shown on your statement",
    "sub-issue": "Credit card company isn't resolving a dispute about a purchase on your statement",
    "text": "I opened a dispute case with Citi XXXX for charges of XXXX with XXXX 's XXXX on XX/XX/2018. Citi continues to issue a credit and then debit this charge 30 days later. More importantly Citi continues to allow vendor to confuse the issues. on XX/XX/2018 I advise vendor that the temperature on the boat reach an inhabitable temperatures. I advise the vendor that I could not stay on the boat because the air conditioner could not keep up due to the high temperatures. see attached text exchange with vendor. In addition to the inhabitable conditions my dog and I contracted XXXX due to the water on the boat. XXXX is one of several XXXX XXXX  known to cause XXXX in both dogs and humans due to poor water. \nXXXX 's XXXX does not have a cancellation policy in the agreement and therefore Citi states because XXXX 's XXXX does not have a cancellation policy I am obligated to pay for charges that I did not stay and cancelled due to the inhabitable temperature conditions on the boat. see attached weather report and contract signed.",
    "company_public_response": "Company has responded to the consumer and the CFPB and chooses not to provide a public response",
    "company": "CITIBANK, N.A.",
    "state": "MD",
    "zipcode": "217XX",
    "tags": "None",
    "consumer_consent_provided": "Consent provided",
    "submitted_via": "Web",
    "date_sent_to_company": "12/18/18",
    "company_response_to_consumer": "Closed with explanation",
    "timely_response": "Yes",
    "consumer_disputed": "N/A",
    "complaint_id": 3089929
}