{
    "date": "2018-12-22T00:00:00",
    "product": "Checking or savings account",
    "sub-product": "Checking account",
    "issue": "Managing an account",
    "sub-issue": "Fee problem",
    "text": "On XX/XX/XXXX, I made a mobile deposit for {$45.00}. I got an email confirmation that the mobile check deposit has been received from Citibank. I keep an XXXX spreadsheet of my bank balances with all the despots and withdrawals every day and a I saw that the balance on the account was enough to cover all the checks and ATM withdrawals for the day. \n\nThe next day, on XX/XX/XXXX, however, I saw that my account was overdrawn and my mobile check deposit was still showing as pending. The mobile check deposit didn't post on time unlike what the e-mail confirmation said. Due to this reason I was charged a fee of {$34.00}, however this brought my account to a negative balance. I called the bank to get this fee reversed and they were able to credit my account. \n\nThe next day, on XX/XX/XXXX, I was charged a second overdraft fee of {$34.00} because my account was overdrawn the day before with a negative balance. Then the next day, on XX/XX/XXXX, I got charged another overdraft fee of {$34.00} for being overdrawn the day before. The mobile check deposit that DID NOT get posted on time and get reflected on time triggered my account to become overdrawn, and because I was charged an overdraft fee it made my account to become overdrawn again and again. \n\nI believe this is a bank error and Citibank did not notify me the accurate balance on the account from XX/XX/XXXX. It started with the mobile check that did not post when it showed that it did. Their app was having technical difficulties on that day and it didn't get properly credited to my account. Had I known that I didn't have enough money to cover the checks then I wouldn't have withdrew money from the ATM each night to bring my balance down to negative. Instead, I would've deposited more money in the account.",
    "company_public_response": "Company has responded to the consumer and the CFPB and chooses not to provide a public response",
    "company": "CITIBANK, N.A.",
    "state": "CA",
    "zipcode": "906XX",
    "tags": "None",
    "consumer_consent_provided": "Consent provided",
    "submitted_via": "Web",
    "date_sent_to_company": "12/22/18",
    "company_response_to_consumer": "Closed with monetary relief",
    "timely_response": "Yes",
    "consumer_disputed": "N/A",
    "complaint_id": 3107968
}