{
    "date": "2018-12-03T00:00:00",
    "product": "Mortgage",
    "sub-product": "Conventional home mortgage",
    "issue": "Trouble during payment process",
    "sub-issue": "None",
    "text": "My experiences with Rushmore Loan Management Services suggest that their automatic billing processes are prone to error and lack transparency. \n\nIn XXXX of 2018 I changed the way I paid my mortgage from automatic payments initiated by my checking account to using Rushmore 's automated debits, which would automatically deduct my payment each month, and would automatically adjust when changes to my escrow payment required it. \n\nI'd forgotten to cancel the monthly payment initiated by my bank, so I made two payments in the month of XXXX. When I realized this, I contacted Rushmore and asked them to reassign the overpayment to my principal. On XX/XX/XXXX, I expected Rushmore to debit my account per my automatic payment agreement, but this did not happen. I was traveling abroad for much of XXXX, and did not realize this until XX/XX/XXXX. \n\nWhen I spoke with a Rushmore customer service agent, I was informed that my payment for XXXX was not made because the double payments for XXXX caused the account to register no balance due. I also learned that both payments from XXXX had been attributed to principal, so I was in default for XXXX as well as XXXX. Furthermore, my account was not debited as usual in XXXX since my account was in default. I incurred approximately {$110.00} in fees due to the missed payments. \n\nRushmore encourages users to use auto draft payments : their website states : \" Rushmore highly recommends setting up recurring auto draft payments, if your loan is eligible for the service. Signing up ensures you will avoid being late on your loan payment ''. I did this, and consistently had sufficient balance in my checking account to cover the drafts. Nevertheless, my account became overdue and I incurred fees and had negative impacts on my credit score. It also took some time and inconvenience to resolve the issue. Furthermore, I was not able to find any information on Rushmore 's website ( rushmore.customercarenet.com ) that showed the terms of my existing recurring bank draft agreement, nor did I receive any communications from them explaining that my bank draft would not go through as scheduled.",
    "company_public_response": "None",
    "company": "RUSHMORE LOAN MANAGEMENT SERVICES LLC",
    "state": "VA",
    "zipcode": "232XX",
    "tags": "None",
    "consumer_consent_provided": "Consent provided",
    "submitted_via": "Web",
    "date_sent_to_company": "12/03/18",
    "company_response_to_consumer": "Closed with explanation",
    "timely_response": "Yes",
    "consumer_disputed": "N/A",
    "complaint_id": 3090302
}