{
    "date": "2018-12-03T00:00:00",
    "product": "Credit card or prepaid card",
    "sub-product": "General-purpose credit card or charge card",
    "issue": "Fees or interest",
    "sub-issue": "Problem with fees",
    "text": "Had a high balance on a Chase Credit Card. Paid of the high balance on the Chase Credit card. Then received high fees and interest month later as I continued to use card. Paid of balances that belong to me and left only the balance of fees. Contact Chase to tell them that the fees were excessive, XXXX total, and I would not pay. Now account is growing because I will never pay the card due to the excessive fees. This has been reported before and Chase determine that they are valid. So this a complaint that Chase is  apparently allowed to put any charges on customer accounts and call it valid.",
    "company_public_response": "None",
    "company": "JPMORGAN CHASE & CO.",
    "state": "TX",
    "zipcode": "784XX",
    "tags": "None",
    "consumer_consent_provided": "Consent provided",
    "submitted_via": "Web",
    "date_sent_to_company": "12/03/18",
    "company_response_to_consumer": "Closed with explanation",
    "timely_response": "Yes",
    "consumer_disputed": "N/A",
    "complaint_id": 3090124
}