{
    "date": "2018-12-03T00:00:00",
    "product": "Mortgage",
    "sub-product": "Conventional home mortgage",
    "issue": "Trouble during payment process",
    "sub-issue": "None",
    "text": "I attempted to pay my mortgage ( as always ) on or before the first business day of the month via the XXXX website. When I was not able to do so, I called. They informed me that my loan servicing ( no word on whether the loan itself ) was transferred to XXXX XXXX. \n\nThe problem is, they did not provide adequate notice. The representative said they mailed the notice on XXXX the XXXX. The effective date of the transfer is XX/XX/2018. Even if applying the \" Mailbox Rule '', that does not provide 15 days notice. Also note, that they never provided email or other electronic notices.",
    "company_public_response": "None",
    "company": "American Financial Resources, Inc.",
    "state": "TN",
    "zipcode": "372XX",
    "tags": "None",
    "consumer_consent_provided": "Consent provided",
    "submitted_via": "Web",
    "date_sent_to_company": "12/03/18",
    "company_response_to_consumer": "Closed with explanation",
    "timely_response": "Yes",
    "consumer_disputed": "N/A",
    "complaint_id": 3090269
}