{
    "date": "2018-12-03T00:00:00",
    "product": "Student loan",
    "sub-product": "Federal student loan servicing",
    "issue": "Dealing with your lender or servicer",
    "sub-issue": "Received bad information about your loan",
    "text": "I was previously having my loans serviced by XXXX and was on a payment plan with a low payment for the year based on my limited income. I then switched my lender to XXXX as part of the PSLF program. Before switching I spoke to XXXX and was told I could continue with my existing plan at my current payment. After switching I was told I would need to resubmit a plan. I called XXXX again on XX/XX/XXXX and I was told again that I could continue with my previous payments but my plan would be changed in XXXX after tax season. Today I received an email stating I owed over {$2000.00} and after calling XXXX I learned that everything I was told was a lie and now I need to change my plan which will cause my interest to compound costing me thousands of dollars. XXXX directly lied to me to increase my student loan burden.",
    "company_public_response": "None",
    "company": "AES/PHEAA",
    "state": "OH",
    "zipcode": "43617",
    "tags": "None",
    "consumer_consent_provided": "Consent provided",
    "submitted_via": "Web",
    "date_sent_to_company": "12/03/18",
    "company_response_to_consumer": "Closed with explanation",
    "timely_response": "Yes",
    "consumer_disputed": "N/A",
    "complaint_id": 3089560
}