{
    "date": "2018-12-03T00:00:00",
    "product": "Student loan",
    "sub-product": "Federal student loan servicing",
    "issue": "Dealing with your lender or servicer",
    "sub-issue": "Received bad information about your loan",
    "text": "I am a XXXX  that qualifies for the public servant loan forgiveness program. I am trying to find out how many qualifying payments I have made toward the 120 required payments. I called in XXXX of 2016 to get an answer and have called repeatedly with no success. They keep telling me that they working on finding out, but my file is still pending.",
    "company_public_response": "None",
    "company": "AES/PHEAA",
    "state": "TX",
    "zipcode": "774XX",
    "tags": "None",
    "consumer_consent_provided": "Consent provided",
    "submitted_via": "Web",
    "date_sent_to_company": "12/11/18",
    "company_response_to_consumer": "Closed with explanation",
    "timely_response": "Yes",
    "consumer_disputed": "N/A",
    "complaint_id": 3090173
}