{
    "date": "2018-12-03T00:00:00",
    "product": "Checking or savings account",
    "sub-product": "Savings account",
    "issue": "Managing an account",
    "sub-issue": "Funds not handled or disbursed as instructed",
    "text": "On XX/XX/18, I opened a Capital One Money Market Savings account that had a bonus offer of XXXX after depositing a total of XXXX by XXXX XXXX.  I made 4 seperate deposits of : XXXX, XXXX, XXXX, XXXX, by XXXX XXXX.  The terms stated that the bonus would be posted by 60 days after the XXXX total had been met, and the bonus still has not been posted. When i contacted capital one, I was told the the XXXX had to be deposited at one time, which is not stated at all in the terms.",
    "company_public_response": "None",
    "company": "CAPITAL ONE FINANCIAL CORPORATION",
    "state": "TX",
    "zipcode": "750XX",
    "tags": "None",
    "consumer_consent_provided": "Consent provided",
    "submitted_via": "Web",
    "date_sent_to_company": "12/03/18",
    "company_response_to_consumer": "Closed with explanation",
    "timely_response": "Yes",
    "consumer_disputed": "N/A",
    "complaint_id": 3090266
}