{
    "date": "2018-12-03T00:00:00",
    "product": "Student loan",
    "sub-product": "Federal student loan servicing",
    "issue": "Dealing with your lender or servicer",
    "sub-issue": "Trouble with how payments are being handled",
    "text": "I have a monthly auto payment set up for my account with Navient. Each month, I check to see how much was paid for the loan principal versus the interest. For multiple months now, my loan payments have been allocated incorrectly and a majority of my total payment has been charged toward interest. I have called each time, and the customer service reps have no been helpful. Most times, I have to tell them why this should not be, even though it is common sense that I should not be paying more for my interest since I have not been late a single payment and have paid additional amounts to keep the interest payments low. Last month, {$170.00} of my {$350.00} payment was put toward interest. The customer service rep said she didnt see the problem, even though the previous month I paid only {$14.00} in interest. She then said I usually accrue {$94.00} in interest a month. She still didnt see why {$170.00} was way too much for interest. I even looked up the interest calculator that Navient used to calculate each studenta interest payment. It took 2 days for my payment to be corrected. This has been an ongoing problem. I have contacted Navient at least 4 times about the same problem, and each month they take days to get it fixed.",
    "company_public_response": "None",
    "company": "Navient Solutions, LLC.",
    "state": "PA",
    "zipcode": "None",
    "tags": "None",
    "consumer_consent_provided": "Consent provided",
    "submitted_via": "Web",
    "date_sent_to_company": "12/03/18",
    "company_response_to_consumer": "Closed with explanation",
    "timely_response": "Yes",
    "consumer_disputed": "N/A",
    "complaint_id": 3090165
}