{
    "date": "2018-12-03T00:00:00",
    "product": "Credit card or prepaid card",
    "sub-product": "General-purpose credit card or charge card",
    "issue": "Trouble using your card",
    "sub-issue": "Can't use card to make purchases",
    "text": "Citi AA CARD WAS CLOSED without my consent, after talking to citi rep they said i requested to close account but i did not & they claim to receive a third party letter on my behalf to close account & the account no. on that letter do not match with my credit card with citi & now to reopen citi wants to do a hard pull on my credit which is not acceptable as citi made error in closing my account.",
    "company_public_response": "Company has responded to the consumer and the CFPB and chooses not to provide a public response",
    "company": "CITIBANK, N.A.",
    "state": "NJ",
    "zipcode": "None",
    "tags": "None",
    "consumer_consent_provided": "Consent provided",
    "submitted_via": "Web",
    "date_sent_to_company": "12/11/18",
    "company_response_to_consumer": "Closed with explanation",
    "timely_response": "Yes",
    "consumer_disputed": "N/A",
    "complaint_id": 3089578
}