{
    "date": "2018-12-02T00:00:00",
    "product": "Credit card or prepaid card",
    "sub-product": "Store credit card",
    "issue": "Problem with a purchase shown on your statement",
    "sub-issue": "Credit card company isn't resolving a dispute about a purchase on your statement",
    "text": "this has been a longstanding and unresolved issue. I was a victim of id theft and fraud and synchrony bank illegally took XXXX from my now closed XXXX XXXX XXXX checking account. I was assured that the problem would be resolved but as of yet, the problem still exists and i'm extremely upset by this issue. I've submitted documents and a police report to XXXX XXXX XXXX at XXXX EXT XXXX. I'm extremely angry and I want this issue resolved immediately.",
    "company_public_response": "Company has responded to the consumer and the CFPB and chooses not to provide a public response",
    "company": "SYNCHRONY FINANCIAL",
    "state": "NY",
    "zipcode": "146XX",
    "tags": "Servicemember",
    "consumer_consent_provided": "Consent provided",
    "submitted_via": "Web",
    "date_sent_to_company": "12/02/18",
    "company_response_to_consumer": "Closed with explanation",
    "timely_response": "Yes",
    "consumer_disputed": "N/A",
    "complaint_id": 3089228
}