{
    "date": "2018-12-02T00:00:00",
    "product": "Credit card or prepaid card",
    "sub-product": "General-purpose credit card or charge card",
    "issue": "Getting a credit card",
    "sub-issue": "Application denied",
    "text": "I open an account with this CC back in XXXX and have been on time with my monthly payment till I closed my account in XXXX. I recently shopping for tires online and the website that I going to buy those tires offer finance and its the same CC but I was denied even if I have been on time paying my bills with the same CC company. This just prove that Credit history is really not important",
    "company_public_response": "Company has responded to the consumer and the CFPB and chooses not to provide a public response",
    "company": "SYNCHRONY FINANCIAL",
    "state": "CA",
    "zipcode": "941XX",
    "tags": "None",
    "consumer_consent_provided": "Consent provided",
    "submitted_via": "Web",
    "date_sent_to_company": "12/02/18",
    "company_response_to_consumer": "Closed with explanation",
    "timely_response": "Yes",
    "consumer_disputed": "N/A",
    "complaint_id": 3089045
}