{
    "date": "2018-12-02T00:00:00",
    "product": "Vehicle loan or lease",
    "sub-product": "Loan",
    "issue": "Problems at the end of the loan or lease",
    "sub-issue": "Problem with paying off the loan",
    "text": "I spoke to Santander my Creditor regarding my car and we agree if I would pay this bill off with a legal settlement they would removed off of my credit bureau reports. When looking at my credit report its states that I have been late and negative from XX/XX/XXXX until now. I have been trying to speak with them repeating ; they told me that they couldn't do anything to take off this negative reporting off my credit report, but I paid them over {$10000.00} in one lump sum. I have negotiated with them over and over again, even when i paid they still did not help. This creditor is paid and its showing negative on my report and is hurting me a great deal. PLEASE HELP ME",
    "company_public_response": "None",
    "company": "SANTANDER CONSUMER USA HOLDINGS INC.",
    "state": "MO",
    "zipcode": "63031",
    "tags": "None",
    "consumer_consent_provided": "Consent provided",
    "submitted_via": "Web",
    "date_sent_to_company": "12/02/18",
    "company_response_to_consumer": "Closed with monetary relief",
    "timely_response": "Yes",
    "consumer_disputed": "N/A",
    "complaint_id": 3089302
}