{
    "date": "2018-12-01T00:00:00",
    "product": "Checking or savings account",
    "sub-product": "Checking account",
    "issue": "Managing an account",
    "sub-issue": "Problem using a debit or ATM card",
    "text": "This is the 2nd complaint regarding this illegal situation. Citibank has placed a block on our Living Trust account, negligently again without formal communication from them. Also from my last complaint, Citibank submitted documents showing that they sent the documents request to an address where we haven't lived since XX/XX/XXXX but yet current statements reflect our correct address. Since my last complaint, I received a phone call from a XXXX XXXX from the XXXX XXXX XXXX XXXX Branch in XXXX XXXX XXXX. She asked me to fill out the documentation that was requested from me by their Know Your Customer Department ( \" XXXX '' ), which I did and submitted directly to her on XX/XX/XXXX via email. The matter was supposed to be resolved. \n\nXX/XX/XXXX - My wife attempted to make a transaction using her Citibank debit card. The transaction was denied. She called me and asked me to find out why her transaction was denied. I called and spoke with a representative who then confirmed that the account was blocked by XXXX. They then transferred me to them and after an half an hour hold time, they informed me that they haven't received the documents that I submitted to XXXX XXXX. I informed them that I submitted those documents, as per their instructions, to XXXX XXXX in late XX/XX/XXXX. I asked them to remove the block and they informed me that they couldn't remove it until they receive those documents. Shortly after, I called the branch to where I was transferred back to their regular customer service number and then I was able to speak with XXXX XXXX. I informed her that XXXX has blocked the account again because they haven't received the documents I submitted to her. She confirmed to me that she submitted documents. I asked her twice, via email, for an update and the last communication was that someone in XXXX has confirmed that they have the documents and are working on removing the block. \n\nXX/XX/XXXX - My distraught wife called and spoke with a Citibank Customer Service to ask for the status of our account and if the block was removed. The block wasn't removed and she was transferred to XXXX who claimed that they don't have the documents which is contrary to what XXXX XXXX reported to me. This is crippling us and has put us in an embarrassing situation where we have to ask family and neighbors for financial help because of their negligence.",
    "company_public_response": "Company has responded to the consumer and the CFPB and chooses not to provide a public response",
    "company": "CITIBANK, N.A.",
    "state": "NY",
    "zipcode": "104XX",
    "tags": "None",
    "consumer_consent_provided": "Consent provided",
    "submitted_via": "Web",
    "date_sent_to_company": "12/01/18",
    "company_response_to_consumer": "Closed with explanation",
    "timely_response": "Yes",
    "consumer_disputed": "N/A",
    "complaint_id": 3088804
}