{
    "date": "2018-12-01T00:00:00",
    "product": "Mortgage",
    "sub-product": "Conventional home mortgage",
    "issue": "Struggling to pay mortgage",
    "sub-issue": "None",
    "text": "I am on Social Security XXXX and have been trying to modify my home loan to make the payment more affordable. Carrington Mortgage has been dragging their feet, losing documents I send them, and trying to stall the modification process as long as they can.\n\nI have sent Carrington Mortgage ALL the information they requested and I am currently working with them to get the loan modified, but they just sent me a Notice of Trustees Sale! \n\nI have no other place to go and Im XXXX! I dont want to live in the street! \n\nPlease help",
    "company_public_response": "None",
    "company": "CARRINGTON MORTGAGE SERVICES, LLC",
    "state": "AZ",
    "zipcode": "853XX",
    "tags": "None",
    "consumer_consent_provided": "Consent provided",
    "submitted_via": "Web",
    "date_sent_to_company": "12/01/18",
    "company_response_to_consumer": "Closed with explanation",
    "timely_response": "Yes",
    "consumer_disputed": "N/A",
    "complaint_id": 3088584
}