{
    "date": "2018-12-01T00:00:00",
    "product": "Credit card or prepaid card",
    "sub-product": "Store credit card",
    "issue": "Getting a credit card",
    "sub-issue": "Sent card you never applied for",
    "text": "I have been a XXXX store card holder since XXXX. Recently they sent me an upgraded credit card ( American Express ), that I was supposed to call and opt out of by XXXX ( per customer service XX/XX/XXXX ). \n\nI was not able to cancel this upgrade when I talked to customer service. \n\nEnd result : I have a credit card I didnt apply for.",
    "company_public_response": "Company has responded to the consumer and the CFPB and chooses not to provide a public response",
    "company": "CITIBANK, N.A.",
    "state": "MN",
    "zipcode": "553XX",
    "tags": "None",
    "consumer_consent_provided": "Consent provided",
    "submitted_via": "Web",
    "date_sent_to_company": "12/19/18",
    "company_response_to_consumer": "Closed with explanation",
    "timely_response": "Yes",
    "consumer_disputed": "N/A",
    "complaint_id": 3088897
}