{
    "date": "2018-12-01T00:00:00",
    "product": "Credit card or prepaid card",
    "sub-product": "General-purpose credit card or charge card",
    "issue": "Problem with a purchase shown on your statement",
    "sub-issue": "Credit card company isn't resolving a dispute about a purchase on your statement",
    "text": "I transferred him money through XXXX. I used Wells Fargo, he used Wells Fargo he said. He gave me his name, email address and phone number. He said this was the service he was most comfortable with. Since I had used it before and he gave me all the details I wasnt that concerned with it. The transfer went through. He called me about 5 minutes later to confirm he received the money and said he was logging into XXXX, and Id have the tickets in the next 5 minutes.. I didnt receive them and called him back, he answered right away and said he had initiated the transfer and it might just take a few minutes.",
    "company_public_response": "Company has responded to the consumer and the CFPB and chooses not to provide a public response",
    "company": "WELLS FARGO & COMPANY",
    "state": "TX",
    "zipcode": "774XX",
    "tags": "None",
    "consumer_consent_provided": "Consent provided",
    "submitted_via": "Web",
    "date_sent_to_company": "12/01/18",
    "company_response_to_consumer": "Closed with explanation",
    "timely_response": "Yes",
    "consumer_disputed": "N/A",
    "complaint_id": 3088606
}