{
    "date": "2018-12-01T00:00:00",
    "product": "Credit card or prepaid card",
    "sub-product": "General-purpose credit card or charge card",
    "issue": "Problem with a purchase shown on your statement",
    "sub-issue": "Card was charged for something you did not purchase with the card",
    "text": "Received Citi Cards ( Master Card ) bill for XXXX with purchases made in XXXX XXXX XX/XX/XXXX for $ XXXX not by us. Resolved! XX/XX/XXXX XXXX XXXX & XXXX XXXX TX for {$65.00}, UNRESOLVED!! After several calls to Citi Cards Customer Service XXXX. Phone calls were bounced all over U.S. Finally wife got someone she could not understand because of accent. Their response was I transfer you to someone in U.S. Received letter from Citi ( R ) Cards dated XX/XX/XXXX and received XX/XX/XXXX stating their Investigation was over and we will now be billed for {$65.00}. The following info provided for you. Invoice # XXXX, XX/XX/XXXX Shipped Standard Ground, Waybill # XXXX. Tried tracking on Internet and got no where. Second item at XXXX for same date for {$32.00} Invoice # XXXX, XX/XX/XXXX Standard Ground, Waybill # XXXX. Haven't been billed yet. These look like XXXX games. Citi Cards was sent all required info they requested and authorization not to pay XXXX XXXX and XXXX from us. No XXXX Games were ever received by us as we did not ORDER!",
    "company_public_response": "Company has responded to the consumer and the CFPB and chooses not to provide a public response",
    "company": "CITIBANK, N.A.",
    "state": "AZ",
    "zipcode": "86401",
    "tags": "Servicemember",
    "consumer_consent_provided": "Consent provided",
    "submitted_via": "Web",
    "date_sent_to_company": "12/02/18",
    "company_response_to_consumer": "Closed with monetary relief",
    "timely_response": "Yes",
    "consumer_disputed": "N/A",
    "complaint_id": 3089007
}