{
    "date": "2018-12-01T00:00:00",
    "product": "Student loan",
    "sub-product": "Federal student loan servicing",
    "issue": "Dealing with your lender or servicer",
    "sub-issue": "Received bad information about your loan",
    "text": "I am eligible for student loan discharge of 15 % under the National Defense Student Loan discharge program, which discharges portions of loans by certain percentages, on request, based upon time in a combat zone. I have served a year on a deployment and requested this benefit. I requested the benefit through my servicer, Navient, in XX/XX/2017. They denied the request saying it was for XXXX loans only. that is incorrect, it is for XXXX XXXX as well. See the actual code of the law XXXX XXXX XXXX ( 1 ) An institution must cancel up to 100 percent of the outstanding balance on a borrower 's Federal XXXX or XXXX loan for a borrower 's full year of active duty service that includes XX/XX/2008, or begins on or after that date, as a member of the U.S. Army , Navy, Air Force , Marine Corps , or Coast Guard in an area of hostilities that qualifies for special pay under section 310 of title 37 of the United States Code .\n\n( 2 ) The cancellation rate is 15 percent for the first and second year of qualifying service, 20 percent for the third and fourth year of qualifying service, and 30 percent for the fifth year of qualifying service.",
    "company_public_response": "None",
    "company": "Navient Solutions, LLC.",
    "state": "VA",
    "zipcode": "220XX",
    "tags": "Servicemember",
    "consumer_consent_provided": "Consent provided",
    "submitted_via": "Web",
    "date_sent_to_company": "12/01/18",
    "company_response_to_consumer": "Closed with explanation",
    "timely_response": "Yes",
    "consumer_disputed": "N/A",
    "complaint_id": 3088237
}