{
    "date": "2018-12-31T00:00:00",
    "product": "Mortgage",
    "sub-product": "FHA mortgage",
    "issue": "Struggling to pay mortgage",
    "sub-issue": "None",
    "text": "When my mortgage was originated I was promised a lower fixed rate, but at closing the rate changed. I was unable to afford the higher payment, and was advised by the servicer \" I can't tell you not to make the payments, but we have no reason to negotiate with you if you are current '' Of course that was then represented in my credit report, but more horrifically, they sent notices to my ex-wife, who used that to force my hand in a child custody battle, causing me to negotiate a horrible compromise, and ultimately loose custody of my children.",
    "company_public_response": "Company has responded to the consumer and the CFPB and chooses not to provide a public response",
    "company": "BANK OF AMERICA, NATIONAL ASSOCIATION",
    "state": "IA",
    "zipcode": "None",
    "tags": "None",
    "consumer_consent_provided": "Consent provided",
    "submitted_via": "Web",
    "date_sent_to_company": "12/31/18",
    "company_response_to_consumer": "Closed with explanation",
    "timely_response": "Yes",
    "consumer_disputed": "N/A",
    "complaint_id": 3113746
}