{
    "date": "2018-12-29T00:00:00",
    "product": "Mortgage",
    "sub-product": "Conventional home mortgage",
    "issue": "Trouble during payment process",
    "sub-issue": "None",
    "text": "Sent in via Overnight mail on XX/XX/2018 a Guaranteed Cashier Check in the amount {$2300.00} that exactly covers the Principal and Interest of my monthly mortgage payment. Seterus did not credit my account for the principal and interest which would have satisfied my XX/XX/XXXX Due  Date. Seterus has no reason to put funds into suspense account as the {$2300.00} is the exact payment necessary to satisfy my monthly mortgage payment. Seterus is willfully trying to cause my payments to be late by not applying funds and in addition not accepting two previous payments that had been made on XX/XX/XXXX and XX/XX/XXXX. This prompted me to make this payment via cashier check which should have guaranteed my monthly Principal and Interest to be credited toward my mortgage.",
    "company_public_response": "Company has responded to the consumer and the CFPB and chooses not to provide a public response",
    "company": "Seterus, Inc.",
    "state": "NY",
    "zipcode": "None",
    "tags": "None",
    "consumer_consent_provided": "Consent provided",
    "submitted_via": "Web",
    "date_sent_to_company": "12/29/18",
    "company_response_to_consumer": "Closed with explanation",
    "timely_response": "Yes",
    "consumer_disputed": "N/A",
    "complaint_id": 3112586
}