{
    "date": "2018-12-29T00:00:00",
    "product": "Checking or savings account",
    "sub-product": "Checking account",
    "issue": "Managing an account",
    "sub-issue": "Fee problem",
    "text": "Suntrust bank continues to assess overdraft charges while my account is still positive. Their explanation continues to be that my balance on online banking is not the correct balance, that I am not able to see the actual balance. This last time they charged me {$140.00} in fees before my account ever became negative, {$36.00} each time.",
    "company_public_response": "Company has responded to the consumer and the CFPB and chooses not to provide a public response",
    "company": "SUNTRUST BANKS, INC.",
    "state": "MD",
    "zipcode": "214XX",
    "tags": "None",
    "consumer_consent_provided": "Consent provided",
    "submitted_via": "Web",
    "date_sent_to_company": "12/29/18",
    "company_response_to_consumer": "Closed with monetary relief",
    "timely_response": "Yes",
    "consumer_disputed": "N/A",
    "complaint_id": 3112601
}