{
    "date": "2018-12-28T00:00:00",
    "product": "Mortgage",
    "sub-product": "Conventional home mortgage",
    "issue": "Trouble during payment process",
    "sub-issue": "None",
    "text": "I have the problem with Santander bank. Start from XXXX, I didn't know some money with amount {$1100.00} kept depositing to my mortgage account on XXXX of every month, till XXXX total 4 times.I contacted them immediately in XXXX, and asked for who paid it, but I didn't got the answer, and I was told just need to pay the remaining balance. but from XXXX, I paid full mortgage payment. at the beginning of XXXX, the guy who paid to my account by mistake called back the money, it is normal and understandable, but the bank even reverse all the payment even paid by me. and told me I didn't pay since XXXX, I kept calling them, almost every day. nobody give me a solution, they just kept change my balance, every week I receive a difference number need to pay, finally, I was told by customer service, they didn't accept any payment before they making it clear, I should wait their notice, but after that they reported me their lost mitigation deportment, and informed for pre foreclosure. till now the statement is not correct, it is difference with what I got from the phone call, I still don't know how much to pay. I just paid them based on my calculation. but the still reported to consumer report which impacted my credit history. I can't imagine such a big bank, no body can do the correct calculation?",
    "company_public_response": "Company has responded to the consumer and the CFPB and chooses not to provide a public response",
    "company": "SANTANDER BANK, NATIONAL ASSOCIATION",
    "state": "NY",
    "zipcode": "120XX",
    "tags": "None",
    "consumer_consent_provided": "Consent provided",
    "submitted_via": "Web",
    "date_sent_to_company": "12/28/18",
    "company_response_to_consumer": "Closed with explanation",
    "timely_response": "Yes",
    "consumer_disputed": "N/A",
    "complaint_id": 3111841
}