{
    "date": "2018-12-21T00:00:00",
    "product": "Credit card or prepaid card",
    "sub-product": "General-purpose credit card or charge card",
    "issue": "Other features, terms, or problems",
    "sub-issue": "Add-on products and services",
    "text": "On or around XX/XX/XXXX I submitted a Citi Price Rewind request for a XXXX XXXX console that I purchased on XX/XX/XXXX for XXXX plus tax. The advertised price I found was on XXXX for XXXX plus tax. The lower price included the date, website screen shot, item description, and sales price -- all of the information listed as required by the Citi Price Rewind Terms and Conditions. The response I got back was that my request was denied because they could not find a lower price -- despite the clear evidence that I submitted to them.",
    "company_public_response": "Company has responded to the consumer and the CFPB and chooses not to provide a public response",
    "company": "CITIBANK, N.A.",
    "state": "CA",
    "zipcode": "933XX",
    "tags": "None",
    "consumer_consent_provided": "Consent provided",
    "submitted_via": "Web",
    "date_sent_to_company": "12/21/18",
    "company_response_to_consumer": "Closed with explanation",
    "timely_response": "Yes",
    "consumer_disputed": "N/A",
    "complaint_id": 3106745
}