{
    "date": "2018-12-28T00:00:00",
    "product": "Checking or savings account",
    "sub-product": "Checking account",
    "issue": "Opening an account",
    "sub-issue": "Didn't receive terms that were advertised",
    "text": "I opened an checking account in XX/XX/XXXX with Wells Fargo there was a bonus for new customers of {$100.00} after you met a few requirements which were met within days of opening the account ( have so many deposits of XXXX amount and make XXXX amount of debits with your card ). I was supposed to receive the {$100.00} after 40 days of meeting the requirements. It is XX/XX/XXXX today and I still haven't received anything. I called in XX/XX/XXXX they told me it would be between XX/XX/XXXX and XX/XX/XXXX I called them again on the XX/XX/XXXX they said if I didn't receive it by the XX/XX/XXXX to call back. I called back on XX/XX/XXXX and they never returned my call.",
    "company_public_response": "Company has responded to the consumer and the CFPB and chooses not to provide a public response",
    "company": "WELLS FARGO & COMPANY",
    "state": "NC",
    "zipcode": "287XX",
    "tags": "None",
    "consumer_consent_provided": "Consent provided",
    "submitted_via": "Web",
    "date_sent_to_company": "12/28/18",
    "company_response_to_consumer": "Closed with monetary relief",
    "timely_response": "Yes",
    "consumer_disputed": "N/A",
    "complaint_id": 3112074
}