{
    "date": "2018-12-28T00:00:00",
    "product": "Credit card or prepaid card",
    "sub-product": "General-purpose credit card or charge card",
    "issue": "Struggling to pay your bill",
    "sub-issue": "Credit card company won't work with you while you're going through financial hardship",
    "text": "On XX/XX/2017 a letter was sent by myself to CitiBank regarding a credit card that we were having trouble keeping up on the payments. We were working with an advisor who told us to send a letter about the situation and and ask to speak with them. Part of the letter sent is attached. The other portion just stated our hardship and we were looking to work with Citi to get this situation resolved. We did receive a letter back and all it stated was to call them. I began calling on XX/XX/17 when the letter arrived. I have attached my call log but also provided a summary here. I was never allowed to speak with anyone regarding the account. Each phone call I was just told account was under review and given a date as of when to call back. When I called back at each date given, I was told once again account was in review, no one could speak with me. The date to call back just kept getting later in the month. In total, 5 phone calls were made by me and I was never spoken to about anything regarding the situation. The ID numbers provided by the representatives who answered the phone are also provided in the log I have attached to reference each call. On the last call XX/XX/2017 I was told the account was sold. They would no longer speak with me. This was not even to the date of XX/XX/XXXX that they said would be when to call back. I just kept calling even before the dates given to try to get some sort of communication and resolution. The account is now in collections without any communication from Citibank and never once being able to speak with anyone at the company in any manner or form. They did not reach out except the letter in the beginning that said to call. Again I did. Again they never took the calls. The dates given as to call back to speak to someone just kept getting extended until one day, 4 days ahead of the date I was told to call, they said they would no longer speak to me.",
    "company_public_response": "Company has responded to the consumer and the CFPB and chooses not to provide a public response",
    "company": "CITIBANK, N.A.",
    "state": "NY",
    "zipcode": "None",
    "tags": "None",
    "consumer_consent_provided": "Consent provided",
    "submitted_via": "Web",
    "date_sent_to_company": "12/28/18",
    "company_response_to_consumer": "Closed with explanation",
    "timely_response": "Yes",
    "consumer_disputed": "N/A",
    "complaint_id": 3112152
}