{
    "date": "2018-12-28T00:00:00",
    "product": "Credit card or prepaid card",
    "sub-product": "General-purpose credit card or charge card",
    "issue": "Problem when making payments",
    "sub-issue": "Problem during payment process",
    "text": "I have a recording of this call saved on my phone. \n\nOn XX/XX/18 at XXXX, I called to make sure my entire balance was paid off. \nI spoke with a representative from Citi who told me that : A ) my automatic payment could not be increased to pay the full balance B ) that if I had an automatic payment, it would pull money each month even I didn't have a balance (???? ) C ) that he would make a payment ( which he NEVER did ) Now I have a late payment. I am very concerned that this behavior will continue to innocent consumers.",
    "company_public_response": "Company has responded to the consumer and the CFPB and chooses not to provide a public response",
    "company": "CITIBANK, N.A.",
    "state": "NH",
    "zipcode": "None",
    "tags": "None",
    "consumer_consent_provided": "Consent provided",
    "submitted_via": "Web",
    "date_sent_to_company": "12/28/18",
    "company_response_to_consumer": "Closed with explanation",
    "timely_response": "Yes",
    "consumer_disputed": "N/A",
    "complaint_id": 3112303
}