{
    "date": "2018-12-27T00:00:00",
    "product": "Checking or savings account",
    "sub-product": "Checking account",
    "issue": "Managing an account",
    "sub-issue": "Problem using a debit or ATM card",
    "text": "To Whom It May Concern : My name is Mr. XXXX XXXX XXXX, I am a United States Veteran and Senior Citizen writing you concerning a matter that happened in XX/XX/2018 regarding my payroll account. I worked for XXXX XXXX during the month of XXXX I received two direct deposits to my XXXX XXXX card. One direct deposit was for XXXX and the balance was XXXX that was on XX/XX/2018. Then on XX/XX/2018 a direct deposit was made to my payroll card for XXXX the balance was XXXX. I submitted a police report for the incident that took place on XX/XX/2018 and I am still waiting for a claim form to be sent to me for the XX/XX/2018 incident as well. I also ; reported that my wallet had been stolen to the XXXX XXXX located in XXXX, IL thats the office I work out of from time to time. I also ; reported my debit card stolen to XXXX XXXX. \nOn XX/XX/2018 I filed a police report concerning my payroll card and wallet being stolen, which I have a copy of. I also ; spoked with one of your representatives concerning the account ending in XXXX and debit card ending in XXXX, which the XXXX was taken out of an ATM and a withdrawal fee was applied. I asked specifically, why when the card was reported stolen was it not immediately cancelled? The response that I was given was that there were transactions still being made so, therefore the card remained open. If a debit card has been reported stolen by the owner it should be immediately cancelled! The second payroll card which ended in XXXX and account number ending in XXXX had a deposit made to it for XXXX and a balance of XXXX on XX/XX/2018 this card was never in my possession. Now, tell me how can there be two different payroll cards with two different account numbers which has two different pin numbers attached to them and someone is still able to extract money from each account! I have proof of everything that is mentioned in this letter. On the payroll card ending in XXXX there were two transactions made at XXXX  gas station, one for XXXX and another transaction for XXXX on the same day XX/XX/2018. I didnt purchase any gas because I dont own a vehicle. Then Im sent a letter stating that my claim has been closed. By all means this situation is far from over, I have alerted the Illinois State Attorney General 's office and the XXXX. I will also ; be getting an attorney and involving the State of Illinois Veterans Administration. \nI will advise that this case be revisited and reopened, there will be documentation included with this initial letter of notification. In closing if there are any further questions please fill free to contact me @ XXXX. \n\nSincerely, Mr. XXXX XXXX XXXX",
    "company_public_response": "Company has responded to the consumer and the CFPB and chooses not to provide a public response",
    "company": "First Data Corporation",
    "state": "IL",
    "zipcode": "606XX",
    "tags": "Older American, Servicemember",
    "consumer_consent_provided": "Consent provided",
    "submitted_via": "Web",
    "date_sent_to_company": "12/27/18",
    "company_response_to_consumer": "Closed with explanation",
    "timely_response": "Yes",
    "consumer_disputed": "N/A",
    "complaint_id": 3110421
}