{
    "date": "2018-12-27T00:00:00",
    "product": "Checking or savings account",
    "sub-product": "Checking account",
    "issue": "Opening an account",
    "sub-issue": "Account opened as a result of fraud",
    "text": "I receive a letter today ( XXXX XX/XX/2018 ) dated XX/XX/2018 thanking me for my request to open a new Citibank account. I did not apply for this account and don't want any financial service from Citibank. This was a fraudulent application. Please see the attached scan of the letter ( XXXX XXXX - Citi Bank XXXX ).",
    "company_public_response": "Company has responded to the consumer and the CFPB and chooses not to provide a public response",
    "company": "CITIBANK, N.A.",
    "state": "TX",
    "zipcode": "770XX",
    "tags": "Older American",
    "consumer_consent_provided": "Consent provided",
    "submitted_via": "Web",
    "date_sent_to_company": "12/27/18",
    "company_response_to_consumer": "Closed with explanation",
    "timely_response": "Yes",
    "consumer_disputed": "N/A",
    "complaint_id": 3110216
}