{
    "date": "2018-12-21T00:00:00",
    "product": "Mortgage",
    "sub-product": "Conventional home mortgage",
    "issue": "Trouble during payment process",
    "sub-issue": "None",
    "text": "Every month I make 2 payments towards my mortgage. Suntrust mortgage holds the payments until I call and advise them that I've made the full payment. They charge me a late fee and they have heavy handed collection agents harass me every month. I have advised multiple times to multiple agents of my payment pattern to no avail. I I feel I'm being harassed by the collection agents for a debt I've paid. The representative who are on a call system told me they NEVER REVIEW CUSTOMER ACCOUNTS BEFORE THEY SPEAK TO YOU. That's monthly harassment. \nI have made the full and most times more than the minimum monthly amount, why the malicious collection calls? \nI received multiple collection calls in the same day which I believe is against the law if I've made payment. \nOnce I advise the the ignorant annoyed disrespectful representative it can take multiple business days to be adjusted. Why am I being punished? \nThe banks bi-weekly payment plan is cost prohibited. I'm unable to make 2 full payments in one month. \nPlease assist me on stopping this collection harassment and total disrespect that Suntrust Mortgage.",
    "company_public_response": "Company has responded to the consumer and the CFPB and chooses not to provide a public response",
    "company": "SUNTRUST BANKS, INC.",
    "state": "FL",
    "zipcode": "333XX",
    "tags": "None",
    "consumer_consent_provided": "Consent provided",
    "submitted_via": "Web",
    "date_sent_to_company": "12/21/18",
    "company_response_to_consumer": "Closed with monetary relief",
    "timely_response": "Yes",
    "consumer_disputed": "N/A",
    "complaint_id": 3106804
}