{
    "date": "2018-12-27T00:00:00",
    "product": "Mortgage",
    "sub-product": "FHA mortgage",
    "issue": "Trouble during payment process",
    "sub-issue": "None",
    "text": "My home was robbed in XXXX when my Mortgage company was XXXX XXXX. I replaced all of the items in my home per my agreement with XXXX. An insurance check was sent to XXXX reimbursing me for all funds spent which was over {$11000.00} dollars. XXXX was evacuated due to the California wildfires so my check was never processed. XXXX sold my mortgage to XXXX XXXX without my knowledge. XXXX XXXX  received the insurance funds. Midland was to apply the insurance funds to the arrears since the inspection is complete and all paperwork has been provided. However, I am being threatened with foreclosure still and they have not applied the funds. I am being referred to foreclosure today XX/XX/2018 even though HUD has told them not to put me into foreclosure. The funds have still not been applied and they have still continued to charge me late fees.",
    "company_public_response": "Company has responded to the consumer and the CFPB and chooses not to provide a public response",
    "company": "MIDFIRST BANK",
    "state": "IL",
    "zipcode": "606XX",
    "tags": "None",
    "consumer_consent_provided": "Consent provided",
    "submitted_via": "Web",
    "date_sent_to_company": "12/27/18",
    "company_response_to_consumer": "Closed with explanation",
    "timely_response": "Yes",
    "consumer_disputed": "N/A",
    "complaint_id": 3110551
}