{
    "date": "2018-12-27T00:00:00",
    "product": "Mortgage",
    "sub-product": "Conventional home mortgage",
    "issue": "Struggling to pay mortgage",
    "sub-issue": "None",
    "text": "This mortgage lender is refusing me a loan modification even though I work and have income and is dragging there feet and adjourning the case to drive up the arrears forcing me in to a bankruptcy to save my home, they have not sent me a statement in 2 years to make a payment ( no monthly payments I am now {$110000.00} in arrears and I offered them {$100000.00} on XX/XX/2018 and they refused they are not allowing me to work things or mortgage out I believe at this time because of my XXXX or my age at this time.as I have tried to work things out over and over, so the fact I get no statements it can only be because of my age or XXXX at this point.",
    "company_public_response": "Company has responded to the consumer and the CFPB and chooses not to provide a public response",
    "company": "Specialized Loan Servicing LLC",
    "state": "NY",
    "zipcode": "None",
    "tags": "Servicemember",
    "consumer_consent_provided": "Consent provided",
    "submitted_via": "Web",
    "date_sent_to_company": "12/27/18",
    "company_response_to_consumer": "Closed with explanation",
    "timely_response": "Yes",
    "consumer_disputed": "N/A",
    "complaint_id": 3110604
}