{
    "date": "2018-12-31T00:00:00",
    "product": "Checking or savings account",
    "sub-product": "Checking account",
    "issue": "Managing an account",
    "sub-issue": "Deposits and withdrawals",
    "text": "Recieveing payments I believe someone got my information I get XXXX SSI and I have part-time job I believe someone got my information but not even that they have my email information",
    "company_public_response": "Company has responded to the consumer and the CFPB and chooses not to provide a public response",
    "company": "TRANSUNION INTERMEDIATE HOLDINGS, INC.",
    "state": "NY",
    "zipcode": "146XX",
    "tags": "None",
    "consumer_consent_provided": "Consent provided",
    "submitted_via": "Web",
    "date_sent_to_company": "01/15/19",
    "company_response_to_consumer": "Closed with explanation",
    "timely_response": "Yes",
    "consumer_disputed": "N/A",
    "complaint_id": 3113226
}