{
    "date": "2018-12-31T00:00:00",
    "product": "Credit card or prepaid card",
    "sub-product": "General-purpose credit card or charge card",
    "issue": "Other features, terms, or problems",
    "sub-issue": "Other problem",
    "text": "a person called me from XXXX said they want to lower my interest rates on all of my card i asked what company they represented they named many companies including XXXX, XXXX XXXX XXXX , visa, master card, XXXX XXXX and others. I was getting suspicious asked if they represented all of the companies they said that my name came from the experian credit reporting agency.",
    "company_public_response": "Company has responded to the consumer and the CFPB and chooses not to provide a public response",
    "company": "Experian Information Solutions Inc.",
    "state": "WA",
    "zipcode": "986XX",
    "tags": "None",
    "consumer_consent_provided": "Consent provided",
    "submitted_via": "Web",
    "date_sent_to_company": "01/07/19",
    "company_response_to_consumer": "Closed with explanation",
    "timely_response": "Yes",
    "consumer_disputed": "N/A",
    "complaint_id": 3113317
}