{
    "date": "2018-12-30T00:00:00",
    "product": "Mortgage",
    "sub-product": "Conventional home mortgage",
    "issue": "Struggling to pay mortgage",
    "sub-issue": "None",
    "text": "I have made mortgage payments to Select Portfolio Servicing Inc. They failed to report receiving the payments. \n\nI need them to correct the statements to include all payments received. \n\nI also want to request the Note on the property. The mortgages have been inactive on XXXX for years, and the last know servicer is XXXX XXXX XXXX, so why is SPS my servicer, do they have rights to service my loan, who gave them this right?",
    "company_public_response": "Company believes it acted appropriately as authorized by contract or law",
    "company": "SELECT PORTFOLIO SERVICING, INC.",
    "state": "CA",
    "zipcode": "94505",
    "tags": "Servicemember",
    "consumer_consent_provided": "Consent provided",
    "submitted_via": "Web",
    "date_sent_to_company": "12/30/18",
    "company_response_to_consumer": "Closed with explanation",
    "timely_response": "Yes",
    "consumer_disputed": "N/A",
    "complaint_id": 3113017
}