{
    "date": "2018-12-21T00:00:00",
    "product": "Checking or savings account",
    "sub-product": "Checking account",
    "issue": "Managing an account",
    "sub-issue": "Funds not handled or disbursed as instructed",
    "text": "I make monthly payments to the same person to may my rent using the third party company XXXX through my bank account. One time in particular the payment that I sent to my Landlord went to another person and I did not recognize the mistake until nearly a few weeks later. \nI do not know the person that received the money I sent to my landlord. I selected the landlords name from the dropdown menu as I do overtime I send money. The name For my landlord is the only name that drops down because it is the only name that starts with that letter. \nA few weeks later when I was making another rental payment, I noticed an unknown name in all CAPITAL letters for the remaining amount I sent to my landlord. So I contacted XXXX, but because the payment was made from my account, I was instructed to contact my bank and handle the issue through them. I called my bank and explained to them the issue I had encountered and they began to look into it. Starting by giving me a conditional credit for the money missing. \nI then received a letter from my bank saying that because the person received the money I was to contact them. My claim was that I have been making the payments to the same person for months for the same total amount and asked why this did not look odd to them? It was a payment to complete the amount that I had consecutively sent monthly to my landlord. Citibank withdrew the conditional credit, making my account overdrawn and now states that I have to go after this person. I have no idea who the person is or why the name is on this payment. I have no idea who this person is, and when I type in the letters of their name it is foreign to my account, the name is not saved nor is it in the drop down menu for names to select. \nThis seems to be a hacker and perhaps the money was intercepted, this is not my fault, and because I made this payment through the company which Citibank has provided, I believe it is their responsibility falls on Citibank and XXXX.",
    "company_public_response": "Company has responded to the consumer and the CFPB and chooses not to provide a public response",
    "company": "CITIBANK, N.A.",
    "state": "CA",
    "zipcode": "950XX",
    "tags": "None",
    "consumer_consent_provided": "Consent provided",
    "submitted_via": "Web",
    "date_sent_to_company": "12/21/18",
    "company_response_to_consumer": "Closed with explanation",
    "timely_response": "Yes",
    "consumer_disputed": "N/A",
    "complaint_id": 3107467
}