{
    "date": "2018-12-29T00:00:00",
    "product": "Checking or savings account",
    "sub-product": "Checking account",
    "issue": "Problem caused by your funds being low",
    "sub-issue": "Overdrafts and overdraft fees",
    "text": "I am suffering a hardship and dealing with raising my nephews whom were displaced as a result of Hurricane Michael this past XX/XX/XXXX. One has been sick and I was in the hospital recently as well. I got {$72.00} in fees for a {$17.00} shortage. Outrageous! I am asking for a refund of the fees.",
    "company_public_response": "Company has responded to the consumer and the CFPB and chooses not to provide a public response",
    "company": "SUNTRUST BANKS, INC.",
    "state": "FL",
    "zipcode": "335XX",
    "tags": "None",
    "consumer_consent_provided": "Consent provided",
    "submitted_via": "Web",
    "date_sent_to_company": "12/29/18",
    "company_response_to_consumer": "Closed with monetary relief",
    "timely_response": "Yes",
    "consumer_disputed": "N/A",
    "complaint_id": 3112612
}