{
    "date": "2018-12-29T00:00:00",
    "product": "Credit card or prepaid card",
    "sub-product": "General-purpose credit card or charge card",
    "issue": "Getting a credit card",
    "sub-issue": "Card opened as result of identity theft or fraud",
    "text": "I want to bring this attention to serious matter to your attention. I went to XXXX in XXXX, Delaware to open my XXXX membership on XX/XX/2018. The representative at the store did not inform me that a credit card account was being opened under my name in addition to the membership. This is an absolutely unacceptable and fraudulent sales practice. \n\nI'm requesting the following resolutions to rectify my issues. \n1. ) Withdraw my Costco credit card application 2. ) Remove the credit card and credit inquiry from my credit bureau 3 ) investigation of this incident and ensure this would not happen again XXXX Membership # XXXX",
    "company_public_response": "Company has responded to the consumer and the CFPB and chooses not to provide a public response",
    "company": "CITIBANK, N.A.",
    "state": "DE",
    "zipcode": "197XX",
    "tags": "None",
    "consumer_consent_provided": "Consent provided",
    "submitted_via": "Web",
    "date_sent_to_company": "12/29/18",
    "company_response_to_consumer": "Closed with non-monetary relief",
    "timely_response": "Yes",
    "consumer_disputed": "N/A",
    "complaint_id": 3112315
}