{
    "date": "2018-12-29T00:00:00",
    "product": "Credit card or prepaid card",
    "sub-product": "General-purpose credit card or charge card",
    "issue": "Getting a credit card",
    "sub-issue": "Problem getting a working replacement card",
    "text": "RE : Synchrony Financial Pay Pal Mastercard account # XXXX Dear CFPB and Synchrony Bank/Paypal Mastercard : On XX/XX/XXXX I applied for a paypal extras mastercard and was approved for {$300.00} dollar credit line, the inquiry was pulled from XXXX XXXX. On XX/XX/XXXX I had another hard inquiry from Synchrony Financial, the inquiry listed as Synchrony XXXX XXXX XXXX, XXXX, GA XXXX. I called XXXX XXXX and the number listed on my credit report to report the additional inquiry. \n\nOn XX/XX/XXXX I called Paypal Mastercard to inform them I had never received the paypals extra mastercard, upon speaking with the individual from the fraud dept she had put a restriction on my account, I then spoke with another individual who proceeded with a phone call back verification number that I received, however, the representative said they where unable to proceed with verification because of my internet/phone, and said I will be receiving a letter with the instructions on how to proceed with identity verifications. I called XX/XX/XXXX and spoke with XXXX phone number XXXX to obtain more information on what had occurred, and was told to wait 7-10 days until I received the letter with the credit card.\n\nAt this time, I have written this complaint because I believe either the credit agency XXXX  and XXXX failed to provide accurate information to Synchrony to verify my identity. The issue remains, I had never received my card and they placed restrictions on my account, and I have still not received an adequate explanation from Synchrony on what had transpired between my application and verifications.\n\nI am asking the CFPB to send my complaint to Synchrony Bank/ Financial and XXXX  and XXXX  as these are the credit agencies responsible for failing to maintain accurate information. \n\n\nSincerely, XXXX XXXX",
    "company_public_response": "Company has responded to the consumer and the CFPB and chooses not to provide a public response",
    "company": "SYNCHRONY FINANCIAL",
    "state": "CT",
    "zipcode": "06606",
    "tags": "None",
    "consumer_consent_provided": "Consent provided",
    "submitted_via": "Web",
    "date_sent_to_company": "12/29/18",
    "company_response_to_consumer": "Closed with explanation",
    "timely_response": "Yes",
    "consumer_disputed": "N/A",
    "complaint_id": 3112590
}