{
    "date": "2018-12-29T00:00:00",
    "product": "Checking or savings account",
    "sub-product": "Checking account",
    "issue": "Managing an account",
    "sub-issue": "Fee problem",
    "text": "A friend of mine wired {$1000.00} into my account on XX/XX/18 - and Wells Fargo charged ME a {$15.00} \" wire transfer '' fee! \nI'm quite sure WF charged my friend a transfer fee as well ... but why would they charge ME a fee when HE initiated the transfer!? \nWhat scumbags these people are ... Wells Fargo 's recent {$570.00} million fine has obviously NOT deterred their criminal behavior.",
    "company_public_response": "Company has responded to the consumer and the CFPB and chooses not to provide a public response",
    "company": "WELLS FARGO & COMPANY",
    "state": "CO",
    "zipcode": "805XX",
    "tags": "None",
    "consumer_consent_provided": "Consent provided",
    "submitted_via": "Web",
    "date_sent_to_company": "12/29/18",
    "company_response_to_consumer": "Closed with explanation",
    "timely_response": "Yes",
    "consumer_disputed": "N/A",
    "complaint_id": 3112678
}