{
    "date": "2018-12-28T00:00:00",
    "product": "Mortgage",
    "sub-product": "Conventional home mortgage",
    "issue": "Trouble during payment process",
    "sub-issue": "None",
    "text": "On XX/XX/2018, I went to a branch of Santander Bank in XXXX XXXX, Pa. and paid my mortgage note as I usually do. To my surprise, on or about XX/XX/2018, I received a collections letter saying that the payment had not been made. I took a copy of the cashed checks and presented them to a representative at Santanter Bank, however, they told me that they could not help me because their mortgage department has been sourced out to another company. But for your information, the representatives from the outsourced company answers the phone as Santander Bank. \n\nI called Santander several times about my missing payment and finally during one of my calls, their representatives requested that I send an email of the collections letter and copies of the cashed checks. Meanwhile, a representative of the branch of Santander Bank in XXXX XXXX, who tried her best to help me, also sent copies of the payment I made to the XXXX XXXX branch. As a result of the emails sent, I received two separate letters from Santander several weeks ago acknowledging the receipt of the email and the letters stated the problem was being investigated. Since that time I have received another past due letter and two collection calls from Santander. Will you please advise me on what can be done to solve this problem.",
    "company_public_response": "Company has responded to the consumer and the CFPB and chooses not to provide a public response",
    "company": "SANTANDER BANK, NATIONAL ASSOCIATION",
    "state": "DE",
    "zipcode": "198XX",
    "tags": "None",
    "consumer_consent_provided": "Consent provided",
    "submitted_via": "Web",
    "date_sent_to_company": "01/08/19",
    "company_response_to_consumer": "Closed with explanation",
    "timely_response": "Yes",
    "consumer_disputed": "N/A",
    "complaint_id": 3111412
}