{
    "date": "2018-12-28T00:00:00",
    "product": "Checking or savings account",
    "sub-product": "Savings account",
    "issue": "Closing an account",
    "sub-issue": "Can't close your account",
    "text": "- I opened a Citi checking and saving account in response to a promotion.\n\n- I learned that the accounts were not right for me ( poor service, long call center hold times, high fees, and non-competitive interest rates ).\n\n- On XX/XX/18, my account balance was {$0.00}. I spoke to an agent at XXXX central time ( extension ID XXXX ) and requested my accounts be closed.\n\n- The agent would not provide any form of a confirmation number.\n\n- I received a letter dated XX/XX/18 from Citi indicating I am in collections for an account that should have been closed on XX/XX/18.\n\n- After receiving the letter, I contacted Citi again requesting my account be closed and the agent said they would take care of it.\n\n- Today ( XX/XX/XXXX ) I have started receiving collections calls.\n\nWhen speaking with to the collections department and customer service, they were unable to offer any resolution.",
    "company_public_response": "Company has responded to the consumer and the CFPB and chooses not to provide a public response",
    "company": "CITIBANK, N.A.",
    "state": "MO",
    "zipcode": "633XX",
    "tags": "None",
    "consumer_consent_provided": "Consent provided",
    "submitted_via": "Web",
    "date_sent_to_company": "12/28/18",
    "company_response_to_consumer": "Closed with explanation",
    "timely_response": "Yes",
    "consumer_disputed": "N/A",
    "complaint_id": 3112091
}