{
    "date": "2018-12-28T00:00:00",
    "product": "Checking or savings account",
    "sub-product": "Savings account",
    "issue": "Opening an account",
    "sub-issue": "Didn't receive terms that were advertised",
    "text": "I opened an account with Citibank. The promotional bonus was for opening a new Checking and savings account with {$15000.00} and I would receive a bonus of {$400.00}. I waited the 60 days then another 90 days for the funds to be credited to my account. I followed all the rules and regulations. I was told the extra 90 days was over on XX/XX/2018. Then I was told they did not know why I did not receive a bonus yet and that they would check. They then told me over the phone and over their online chat support that I would receive it on the XXXX then the XXXX of XXXX. On the XXXX and the XXXX of XXXX a representative told me they would put in an inquiry into what happened with the promotions department. I called on the XXXX and the rep told me she did not know why it was taking so long and that she could not give me an explanation. I have called about 10 times or more and can not get this resolved. I do not know why they are doing this and fear it might be some type of discrimination. \n\nThis is a very deceptive and predatory prate. My money has been in that account now for 6 months receiving a very small interest rate. I could have opened with another bank and received a better interest rate so now I am also missing out while I am waiting. Please assist me in Dealing with CITI Bank they are very unfair and unhelpful. \nAlthough it was not a requirement I enrolled in paperless e-statements yet they continue to send via mail at times. \n\nI am afraid they are doing all these things intentionally to avoid paying the bonus.",
    "company_public_response": "Company has responded to the consumer and the CFPB and chooses not to provide a public response",
    "company": "CITIBANK, N.A.",
    "state": "TX",
    "zipcode": "787XX",
    "tags": "None",
    "consumer_consent_provided": "Consent provided",
    "submitted_via": "Web",
    "date_sent_to_company": "12/28/18",
    "company_response_to_consumer": "Closed with explanation",
    "timely_response": "Yes",
    "consumer_disputed": "N/A",
    "complaint_id": 3111916
}