{
    "date": "2018-12-28T00:00:00",
    "product": "Credit card or prepaid card",
    "sub-product": "General-purpose credit card or charge card",
    "issue": "Closing your account",
    "sub-issue": "Company closed your account",
    "text": "In XX/XX/2018, I opened a credit card account with Bank of America. My application was in their process for over three weeks until it was approved. I paid my bill on time each and every month. Untill recently I tired to use my card to purchase some gas and it was declined. I called the company the next day, only to learn that my credit card account was closed XX/XX/2018. They told me their risk team closed my account because of my recent credit report score drop. I told the risk team that it was a mistake on this company reporting me as late when I paid them and they misplaced my payment in a savings account instead of on my credit card bill. Then their system automatically reported me as 30 days late when I was not even late. Then I find out in the mist of trying to fix one problem. Bank of America closes my credit card account off of one negative remark on my credit report. This is unfair, because risk management told me I can reapply again. I do not want to keep adding inquiries to my credit report. This new closed account affects my credit negatively also and takes away from my number of revolving accounts and my credit percentage rate. This has had affects on me emotionally and caused me financial damage.",
    "company_public_response": "Company has responded to the consumer and the CFPB and chooses not to provide a public response",
    "company": "BANK OF AMERICA, NATIONAL ASSOCIATION",
    "state": "TX",
    "zipcode": "770XX",
    "tags": "None",
    "consumer_consent_provided": "Consent provided",
    "submitted_via": "Web",
    "date_sent_to_company": "12/28/18",
    "company_response_to_consumer": "Closed with explanation",
    "timely_response": "Yes",
    "consumer_disputed": "N/A",
    "complaint_id": 3112056
}