{
    "date": "2018-12-28T00:00:00",
    "product": "Mortgage",
    "sub-product": "Conventional home mortgage",
    "issue": "Trouble during payment process",
    "sub-issue": "None",
    "text": "Ditech bought my mortgage a few years ago. Since then I have had frequent problems with them. The most common problem is where they send two bills in a month. I have called them about this several times. They say it's an error and to ignore the second bill. This month, for the payment due XX/XX/18, I sent a check to them ( # XXXX ) on XX/XX/18 for the amount in full ( {$680.00} ). This check cleared with my bank ( XXXX XXXX  ) on XX/XX/18. About two weeks ago I get a second bill as had happened many times before. Based on what they had told me, I ignored the bill after looking online to make sure that they had actually cashed my XX/XX/18 payment. I received a letter today stating that they had not received my XX/XX/18 mortgage payment and that they were assessing a late fee of {$34.00}. I am tired of struggling with their ineffective customer service. I am also starting to wonder if their double billing is not an accident, but in fact an unfair business practice designed to dupe customers into paying late fees. Please help me to resolve this issue so that others do not also have similar problems.",
    "company_public_response": "Company believes it acted appropriately as authorized by contract or law",
    "company": "Ditech Financial LLC",
    "state": "WI",
    "zipcode": "None",
    "tags": "None",
    "consumer_consent_provided": "Consent provided",
    "submitted_via": "Web",
    "date_sent_to_company": "12/28/18",
    "company_response_to_consumer": "Closed with explanation",
    "timely_response": "Yes",
    "consumer_disputed": "N/A",
    "complaint_id": 3111410
}