{
    "date": "2018-12-27T00:00:00",
    "product": "Checking or savings account",
    "sub-product": "Checking account",
    "issue": "Problem with a lender or other company charging your account",
    "sub-issue": "Transaction was not authorized",
    "text": "XX/XX/XXXX we had a unauthorized charge to our bank account with wellsfargo. They opened a claim and gave us our money back they called us and received more information from us and said they didnt need anything else here we are on XX/XX/2018 on XX/XX/XXXX two months later they took the money back of XXXX $ sending my account into over draft. When I called my bank asking what this was for they said the claim that they had opened back in XX/XX/XXXX and they never where able to receive information they needed from us. They said they sent us paperwork I have lived at the same address for 21 years I didnt receive anything. I sent in a email from the company who said they would not be taking any more payments from us until our furniture was fixed. And that they needed to order parts and we would make one more payment AFTER it was fixed and we Own the furniture since it kept breaking. We sent the paperwork and emails we had from the company who said they wouldnt take money and did and we also sent in paperwork stating we owned the furniture now from the company Wells Fargo said thats all they needed and it would take 48 hours here we are two weeks later and I keep calling wellsfargo and they dont even have a claim open. I want someone to do something about this they also opened a fraudulent account in my name without my permission a year ago but that is being fixed with someone else.",
    "company_public_response": "Company has responded to the consumer and the CFPB and chooses not to provide a public response",
    "company": "WELLS FARGO & COMPANY",
    "state": "UT",
    "zipcode": "840XX",
    "tags": "None",
    "consumer_consent_provided": "Consent provided",
    "submitted_via": "Web",
    "date_sent_to_company": "12/27/18",
    "company_response_to_consumer": "Closed with explanation",
    "timely_response": "Yes",
    "consumer_disputed": "N/A",
    "complaint_id": 3110966
}