{
    "date": "2018-12-20T00:00:00",
    "product": "Checking or savings account",
    "sub-product": "Checking account",
    "issue": "Problem caused by your funds being low",
    "sub-issue": "Non-sufficient funds and associated fees",
    "text": "I opened an account with Region Bank back in XXXX XXXX XXXX dollars was stolen out of my account between XX/XX/XXXX and XX/XX/XXXX. I reported the matter, I cooperated with the bank did everything they told me to do as far as filing a police report. The bank had decided not to refund me my money back. My money was stolen and I want my money back.",
    "company_public_response": "Company has responded to the consumer and the CFPB and chooses not to provide a public response",
    "company": "REGIONS FINANCIAL CORPORATION",
    "state": "FL",
    "zipcode": "336XX",
    "tags": "None",
    "consumer_consent_provided": "Consent provided",
    "submitted_via": "Web",
    "date_sent_to_company": "12/31/18",
    "company_response_to_consumer": "Closed with explanation",
    "timely_response": "Yes",
    "consumer_disputed": "N/A",
    "complaint_id": 3106019
}