{
    "date": "2018-12-27T00:00:00",
    "product": "Credit card or prepaid card",
    "sub-product": "Store credit card",
    "issue": "Advertising and marketing, including promotional offers",
    "sub-issue": "Confusing or misleading advertising about the credit card",
    "text": "I made a purchase on XX/XX/XXXX and I was told by the associate that I would receive 10 % cash back in rewards if I opened a store credit card and made a purchase the same day. This associate told me that it would take up to 30 days to receive the rewards. He walked me through the process step by step. I initiated a chat through a representative and they stated that I would receive the rewards. 30 days later, I did not receive my rewards credit. So I called Best buy and they stated to me that because I did financing, I was not eligible. They told me that I would have to pay the balance in full in order to receive the credit. So I asked them what was the purpose of me doing a hard inquiry on my credit report, take out a credit card and make a purchase just to turn around and pay the bill in full in order to receive the rewards credit? That does not make any sense. So I went through their terms and conditions and I do not see where it explicitly states that you are not eligible for the rewards credit if you are doing financing. So I went back to the store and ask another associate and they stated that you do not have to pay the balance in full in order to get the cash back. I am receiving different stories from different areas. The information that was provided to me was misleading. Why would I take out a credit card just to get rewards credit, if I had to pay the balance in full? This is a deceptive practice that Best Buy is doing to consumers. Also, the store associates needs to be properly informed of how the rewards options work. In addition, I would like to see where in your terms and conditions it states that if you choose financing, you are not eligible for the credit. The purpose of a credit card is for financing. Why would someone risk a hard inquiry on their report, if they could just pay the balance in full or use a card that has already been established to pay the bill.",
    "company_public_response": "Company has responded to the consumer and the CFPB and chooses not to provide a public response",
    "company": "CITIBANK, N.A.",
    "state": "GA",
    "zipcode": "303XX",
    "tags": "None",
    "consumer_consent_provided": "Consent provided",
    "submitted_via": "Web",
    "date_sent_to_company": "12/27/18",
    "company_response_to_consumer": "Closed with explanation",
    "timely_response": "Yes",
    "consumer_disputed": "N/A",
    "complaint_id": 3110456
}