{
    "date": "2018-12-27T00:00:00",
    "product": "Mortgage",
    "sub-product": "Conventional home mortgage",
    "issue": "Struggling to pay mortgage",
    "sub-issue": "None",
    "text": "1a. on XX/XX/XXXX XXXX filed a fraudulent Assignment of Deed of Trust falsely claiming to be nominee for the defunct XXXX XXXXXXXX XXXX. XXXX  violated RTC 23302 Transferring Property in California under a corporate suspended license. XXXX  license to do business in California was suspended by the Secretary of State of California XX/XX/XXXX. XXXX  license to do business in California was also suspended by The Franchise Tax Board XX/XX/XXXX. XXXX XXXX did not own any loans in XXXX XXXX XXXX XXXX XXXX. also filed a Corrective Assignment of deed of trust in XXXX operating under a Suspended Corporation violating State and Federal Laws. \n2 Specialize Loan Servicing is responsible for the illegal transferring of loans XXXX XXXX XXXX who is employed by Specialize Loan Servicing forged the Corrective Assignment falsely claims to be Assistant Secretary for the California Suspended Corporation XXXX, and representing the defunct XXXX XXXX XXXX who denies owning ANY LOANS as of XXXX See XXXX XXXX XXXX Liquidating Trust Letter Page 3.",
    "company_public_response": "Company has responded to the consumer and the CFPB and chooses not to provide a public response",
    "company": "Specialized Loan Servicing LLC",
    "state": "CA",
    "zipcode": "917XX",
    "tags": "None",
    "consumer_consent_provided": "Consent provided",
    "submitted_via": "Web",
    "date_sent_to_company": "12/27/18",
    "company_response_to_consumer": "Closed with explanation",
    "timely_response": "Yes",
    "consumer_disputed": "N/A",
    "complaint_id": 3110613
}