{
    "date": "2018-12-27T00:00:00",
    "product": "Mortgage",
    "sub-product": "FHA mortgage",
    "issue": "Struggling to pay mortgage",
    "sub-issue": "None",
    "text": "On XX/XX/2018 they received a complete application and onXX/XX/2018 they came to a decision that I was not eligible for a home retention loss mitigation.",
    "company_public_response": "Company believes it acted appropriately as authorized by contract or law",
    "company": "SELECT PORTFOLIO SERVICING, INC.",
    "state": "IL",
    "zipcode": "604XX",
    "tags": "None",
    "consumer_consent_provided": "Consent provided",
    "submitted_via": "Web",
    "date_sent_to_company": "12/27/18",
    "company_response_to_consumer": "Closed with explanation",
    "timely_response": "Yes",
    "consumer_disputed": "N/A",
    "complaint_id": 3111214
}