{
    "date": "2018-12-26T00:00:00",
    "product": "Credit card or prepaid card",
    "sub-product": "Store credit card",
    "issue": "Closing your account",
    "sub-issue": "Can't close your account",
    "text": "I have been trying to close a Best Buy credit card provided by Citigroup for almost three years without success. I have had a XXXX balance for almost three years and I am still receiving balance statements and the acccount continues to remain active. I have received FIVE balance statements in just this XXXX alone. I have contacted Citi DOZENS of times begging them to provide written proof my account is closed, as well as requesting to stop receiving balance statements but I receive more each month. This has been ongoing for almost three years. They will not stop sending me balance statements for a closed account. \n\n\n( XXXX XXXX XXXX XXXX XXXX XXXX )",
    "company_public_response": "Company has responded to the consumer and the CFPB and chooses not to provide a public response",
    "company": "CITIBANK, N.A.",
    "state": "CO",
    "zipcode": "None",
    "tags": "None",
    "consumer_consent_provided": "Consent provided",
    "submitted_via": "Web",
    "date_sent_to_company": "12/26/18",
    "company_response_to_consumer": "Closed with explanation",
    "timely_response": "Yes",
    "consumer_disputed": "N/A",
    "complaint_id": 3109279
}