{
    "date": "2018-12-20T00:00:00",
    "product": "Credit card or prepaid card",
    "sub-product": "Store credit card",
    "issue": "Problem when making payments",
    "sub-issue": "Problem during payment process",
    "text": "On XX/XX/XXXX my bank mailed a cashier 's check to Home Depot. The cashier 's check had the last four digits of my account number and they included a copy of my statement. This cashier 's check was cashed on or around the XX/XX/XXXX. This check was for the Full account balance. This has yet to be applied to my account. My bank sent me the front and back copy showing it was cashed. I opened a dispute to get this payment found and applied. To date, this payment still hasn't been applied to my account. Now, they are charging late fees and calling harassing me that I'm late. This check was cashed by them and I called them to find this check and filed a dispute 10 days at least before a minimum payment was due. My minimum paymenta are due the XX/XX/XXXX so they had the check and cashed it Way before my payment was due. When I call, I get the run around that they are still missing something and yet another department says they received the notice from my bank that the check belongs to my account.",
    "company_public_response": "Company has responded to the consumer and the CFPB and chooses not to provide a public response",
    "company": "CITIBANK, N.A.",
    "state": "NE",
    "zipcode": "None",
    "tags": "None",
    "consumer_consent_provided": "Consent provided",
    "submitted_via": "Web",
    "date_sent_to_company": "12/20/18",
    "company_response_to_consumer": "Closed with monetary relief",
    "timely_response": "Yes",
    "consumer_disputed": "N/A",
    "complaint_id": 3105600
}