{
    "date": "2018-12-26T00:00:00",
    "product": "Mortgage",
    "sub-product": "Conventional home mortgage",
    "issue": "Struggling to pay mortgage",
    "sub-issue": "None",
    "text": "On XX/XX/XXXX I received a letter from Select Portfolio Servicing Inc. stating that they have not serviced my loan for a year, so they said they don't have to respond to my request to release the lien for my mortgage.\n\nSPS says they haven't serviced my loans for one year, but yet over the past few months due to my complaints I have filed with the Consumer Financial Protection Bureau, it has prompted SPS to finally respond to my numerous request for information and actions to release the lien for the mortgages due to the fact that the loans have been forgiven and extinguished under the Making Homes Affordable Program, or other means.\n\nI believe my mortgage have been extinguished through the making homes affordable program and forgiven. The loans have been charged off. \n\nI am requesting a lien release for both mortgages. \n\nXXXX XXXX XXXX says they aren't the responsible party, and XXXX  XXXX XXXX says they aren't the responsible party, now SPS is saying they have not serviced my loan for a year? Who is responsible?",
    "company_public_response": "Company believes it acted appropriately as authorized by contract or law",
    "company": "SELECT PORTFOLIO SERVICING, INC.",
    "state": "CA",
    "zipcode": "94505",
    "tags": "Servicemember",
    "consumer_consent_provided": "Consent provided",
    "submitted_via": "Web",
    "date_sent_to_company": "01/15/19",
    "company_response_to_consumer": "Closed with explanation",
    "timely_response": "Yes",
    "consumer_disputed": "N/A",
    "complaint_id": 3109377
}