{
    "date": "2018-12-26T00:00:00",
    "product": "Credit card or prepaid card",
    "sub-product": "General-purpose credit card or charge card",
    "issue": "Problem with a purchase shown on your statement",
    "sub-issue": "Credit card company isn't resolving a dispute about a purchase on your statement",
    "text": "I presented my XXXX XXXX XXXX Mastercard from Barclays Bank for payment at the restaurant in the XXXX at the XXXX ( XXXX, XXXX ) on XX/XX/18 and asked them to apply it to the dining bill, charging me for one half and charging one half to another party ( who provided a different credit card ). Upon reviewing my account statement a month later I noticed the merchant had charged me twice - once in the amount of {$38.00} and once in the amount of {$38.00}. I disputed the charge as a \" duplicate '' with Barclays Bank, the card issuer. \nBarclays Bank contacted the vendor who explained in a written statement ( attached ) that \" the bill was split into 2 guest checks and was paid with diff [ sic ] credit cards. '' This statement by the restaurant was false and fraudulent - as the evidence they provided clearly showed : a copy of the slip I signed with half the amount and a copy of a second slip also charged to my account with a scribbled signature that looked nothing like mine. \nInstead of doing the right thing and telling the restaurant they made a mistake and resolving the dispute in my favor, Barclays left me a voicemail ( on a phone I couldn't access for two months ) asking me if the other party had been charged or not. I didn't get the voicemail until months later when I returned to the US but even if I had gotten the voicemail I had no way of knowing if the other person in my party had been charged or not. The question was not germane to my dispute : the XXXX can not charge my card for the second half when I clearly stated I was only paying for the first half and in fact had only signed for that half. \nBarclays ' excuse in resolving the case in favor of the merchant was that I didn't respond to their voicemail fast enough. I don't think they should have contacted me in the first place - the resolution should have been made after receiving the paperwork from the merchant with the clearly erroneous ( I would say fraudulent ) information. At the least they should have contacted me in writing.",
    "company_public_response": "Company has responded to the consumer and the CFPB and chooses not to provide a public response",
    "company": "BARCLAYS BANK DELAWARE",
    "state": "MD",
    "zipcode": "212XX",
    "tags": "None",
    "consumer_consent_provided": "Consent provided",
    "submitted_via": "Web",
    "date_sent_to_company": "12/27/18",
    "company_response_to_consumer": "Closed with monetary relief",
    "timely_response": "Yes",
    "consumer_disputed": "N/A",
    "complaint_id": 3110217
}