{
    "date": "2018-12-26T00:00:00",
    "product": "Checking or savings account",
    "sub-product": "Checking account",
    "issue": "Managing an account",
    "sub-issue": "Problem using a debit or ATM card",
    "text": "On XXXX XXXX XXXX took a payment unauthorized from my BB & T account for {$44.00}. This made my account go into a negative status. At the time I figured my husband and I just had to deal with the mistake with the insurance company. This turned out not to be the case. BB & T put my prevuous debit transactions all out of order ( most that occurred on the XXXX ) and I was charged {$100.00} in overdraft fees and an overdraft fee for esurance. While I had the money for my other charges BB & T refused to refund me my money stating that 3 of my first charges posted after XXXX. My online account did not reflect this at  all. I check my account daily and multiple times. BB & T reordered my transactions from the highest to the lowest resulting in these fees ( with esurance being the highest ). Since then XXXX has corrected the mistake on their end and refunded the {$44.00} while BB & T have said that \" if '' they refund my fees it will be up 5 days. They should not be allowed to do this especially with debit card purchases. Once the money is debited I cant touch it. Exactly why I chose to debit and keep an accurate account of how much I have to spend. I have further documentation on my purchases being jumbled up if needed.",
    "company_public_response": "Company has responded to the consumer and the CFPB and chooses not to provide a public response",
    "company": "BB&T CORPORATION",
    "state": "VA",
    "zipcode": "224XX",
    "tags": "None",
    "consumer_consent_provided": "Consent provided",
    "submitted_via": "Web",
    "date_sent_to_company": "12/26/18",
    "company_response_to_consumer": "Closed with explanation",
    "timely_response": "Yes",
    "consumer_disputed": "N/A",
    "complaint_id": 3109325
}