{
    "date": "2018-12-25T00:00:00",
    "product": "Checking or savings account",
    "sub-product": "Checking account",
    "issue": "Managing an account",
    "sub-issue": "Deposits and withdrawals",
    "text": "I am an entrepreneur, inventor, and investor. I invested in several companies, invented two technologies, and I'm in partnership with different companies for my business. I'm a victim of identity theft, identity forgery on financial documents since XX/XX/2017 to the best of my knowledge. There are three banks, bankers, and their employees who are on call that are involved in those corrupt practices. Some bankers and call center responders are even responsible of obstruction of justice. For, I reported those practices to the Federal Trade Commission, the Federal Communication Commission, and the local police. The FTC issued me a report recommending me to go ask the concerned banks to release all information regarding my bank accounts, and all pending payments but they refused, they said those letters from the FTC don't mean anything. \nNow, I want the CFPB to take charge of the matter and see if need be, to escalate it to a federal court in order to sue those banks, other corrupt wall street managers, their bankers and backup calls responders.",
    "company_public_response": "Company has responded to the consumer and the CFPB and chooses not to provide a public response",
    "company": "BANK OF AMERICA, NATIONAL ASSOCIATION",
    "state": "CA",
    "zipcode": "None",
    "tags": "None",
    "consumer_consent_provided": "Consent provided",
    "submitted_via": "Web",
    "date_sent_to_company": "12/25/18",
    "company_response_to_consumer": "Closed with explanation",
    "timely_response": "Yes",
    "consumer_disputed": "N/A",
    "complaint_id": 3108833
}