{
    "date": "2018-12-24T00:00:00",
    "product": "Credit card or prepaid card",
    "sub-product": "General-purpose credit card or charge card",
    "issue": "Problem with a purchase shown on your statement",
    "sub-issue": "Credit card company isn't resolving a dispute about a purchase on your statement",
    "text": "I got charged twice by XXXX XXXX XXXX  in XXXX for services. I contacted my credit Card Company Citi-Cards to get one of the charges refunded. I also contacted XXXX stating that I got charged twice. XXXX has told me they have refunded one of the charges on XX/XX/XXXX, as of today I do not see a refund on my credit card account online. I am enclosing letters from XXXX confirming that they have refunded the charge. I have talked to the dispute department with Citibank but I am not getting anywhere they keep telling me that they are investigating. I first requested a refund in XX/XX/2018.",
    "company_public_response": "Company has responded to the consumer and the CFPB and chooses not to provide a public response",
    "company": "CITIBANK, N.A.",
    "state": "OK",
    "zipcode": "740XX",
    "tags": "None",
    "consumer_consent_provided": "Consent provided",
    "submitted_via": "Web",
    "date_sent_to_company": "12/24/18",
    "company_response_to_consumer": "Closed with explanation",
    "timely_response": "Yes",
    "consumer_disputed": "N/A",
    "complaint_id": 3108569
}