{
    "date": "2018-12-20T00:00:00",
    "product": "Credit card or prepaid card",
    "sub-product": "Store credit card",
    "issue": "Fees or interest",
    "sub-issue": "Problem with fees",
    "text": "Synchrony Financial applies credit card payments made after the XXXX of every month ( payment due date ), between XXXX and the XXXX of the next month, to the pervious months billing cycle even if there is no balance due from the previous month. This allows them to apply late fees and interest charges to payments made between the XXXX of the previous month to the XXXX of the next month ( when the statement cycle closes ). This is unethical and they are cheating consumers who are paying their credit card bill in good faith.",
    "company_public_response": "Company has responded to the consumer and the CFPB and chooses not to provide a public response",
    "company": "SYNCHRONY FINANCIAL",
    "state": "DC",
    "zipcode": "200XX",
    "tags": "Servicemember",
    "consumer_consent_provided": "Consent provided",
    "submitted_via": "Web",
    "date_sent_to_company": "12/20/18",
    "company_response_to_consumer": "Closed with explanation",
    "timely_response": "Yes",
    "consumer_disputed": "N/A",
    "complaint_id": 3106336
}