{
    "date": "2018-12-22T00:00:00",
    "product": "Mortgage",
    "sub-product": "FHA mortgage",
    "issue": "Struggling to pay mortgage",
    "sub-issue": "None",
    "text": "New American Funding is calling me multiple times a day about late payments and I have asked them to stop but they refuse. My car was stolen XXXX Police Department case XXXX. They refuse to accept ACH payments because I was late a few times so I have no transportation and they refuse to take payment anyway that I can pay them. I have a titanium rod in my leg from knee to ankle so walking to the bank is not an option, the wire fees are costing me {$20.00} a month on top of late fees.",
    "company_public_response": "Company believes it acted appropriately as authorized by contract or law",
    "company": "BROKER SOLUTIONS, INC.",
    "state": "CA",
    "zipcode": "953XX",
    "tags": "None",
    "consumer_consent_provided": "Consent provided",
    "submitted_via": "Web",
    "date_sent_to_company": "12/22/18",
    "company_response_to_consumer": "Closed with explanation",
    "timely_response": "No",
    "consumer_disputed": "N/A",
    "complaint_id": 3107886
}