{
    "date": "2018-12-22T00:00:00",
    "product": "Checking or savings account",
    "sub-product": "Checking account",
    "issue": "Problem caused by your funds being low",
    "sub-issue": "Non-sufficient funds and associated fees",
    "text": "On XX/XX/18 Wells Fargo Bank reversed a promised final credit of {$69.00} for purchase of non received merchandise -claim # XXXX for debt card ending in XXXX. \nThis is a deliberate attempt to make my account balance negative & create NSF non sufficient fund fees for future transactions.",
    "company_public_response": "Company has responded to the consumer and the CFPB and chooses not to provide a public response",
    "company": "WELLS FARGO & COMPANY",
    "state": "NV",
    "zipcode": "891XX",
    "tags": "None",
    "consumer_consent_provided": "Consent provided",
    "submitted_via": "Web",
    "date_sent_to_company": "12/22/18",
    "company_response_to_consumer": "Closed with explanation",
    "timely_response": "Yes",
    "consumer_disputed": "N/A",
    "complaint_id": 3107816
}