{
    "date": "2018-12-22T00:00:00",
    "product": "Checking or savings account",
    "sub-product": "Checking account",
    "issue": "Closing an account",
    "sub-issue": "Funds not received from closed account",
    "text": "When I wasn't able to collect my bonus from Citibank I filed a complaint with cfpb. The bonus then posted. I moved my money to another bank via Citi check and waited for my Citibank checking account balance to show XXXX balance. When I went to close my account and was asked for the reason, I advised Citibank it was very difficult to collect the bonus and had to file a complaint with cfpb to receive it. At that time my account was blocked and I didn't have access to my funds. Citi then took the money back from my bank. \nAfter multiple contacts with Citi they assured me the money was in the mail as of XX/XX/XXXX and would arrive no later than XX/XX/XXXX. It did not arrive and now Citi states there is a block but will not tell us why there is a block. It appears to be due to the fact we filed a cfpb complaint but we can not verify. \nToday Citibank told us they are closing the account but will not tell us when. They advised us that when it is closed we will receive our money in 5-7 days. Possible the first week of XX/XX/XXXX. We don't have much confidence that they will actually follow through on this statement.",
    "company_public_response": "Company has responded to the consumer and the CFPB and chooses not to provide a public response",
    "company": "CITIBANK, N.A.",
    "state": "OR",
    "zipcode": "973XX",
    "tags": "Older American",
    "consumer_consent_provided": "Consent provided",
    "submitted_via": "Web",
    "date_sent_to_company": "12/22/18",
    "company_response_to_consumer": "Closed with monetary relief",
    "timely_response": "Yes",
    "consumer_disputed": "N/A",
    "complaint_id": 3107621
}