{
    "date": "2018-12-22T00:00:00",
    "product": "Credit card or prepaid card",
    "sub-product": "General-purpose credit card or charge card",
    "issue": "Other features, terms, or problems",
    "sub-issue": "Other problem",
    "text": "I wanted to let you know that Citibank has been calling my work and my Mother 's house and has continuously been pretending to be someone else in order to get me to call them back. I have been trying to work with them but at this very moment after theiere interest and all the late fees I am currently not able to do so. \n\nI still feel just because I can not pay them as of today they should not be allowed to call and harass me and not only that call and pretend to be someone else. The have continuously called not only my family but they have also called my Mother 's home number and I have asked them to stop but they keep calling.",
    "company_public_response": "Company has responded to the consumer and the CFPB and chooses not to provide a public response",
    "company": "CITIBANK, N.A.",
    "state": "CA",
    "zipcode": "921XX",
    "tags": "None",
    "consumer_consent_provided": "Consent provided",
    "submitted_via": "Web",
    "date_sent_to_company": "12/22/18",
    "company_response_to_consumer": "Closed with explanation",
    "timely_response": "Yes",
    "consumer_disputed": "N/A",
    "complaint_id": 3107632
}