{
    "date": "2018-12-21T00:00:00",
    "product": "Credit card or prepaid card",
    "sub-product": "Store credit card",
    "issue": "Problem when making payments",
    "sub-issue": "Problem during payment process",
    "text": "On Friday morning XX/XX/2018 I tried to make a payment on my XXXX XXXX credit card. I tried using XXXX web browser and received a message that the data was not encrypted properly and attackers would be able to steal my information. I have been making my credit card payments in the same way for the last year and never had this problem. I called the company and was told to use XXXX XXXX as the web browser. I got the same message from that browser. I called the company back and was simply told they are not aware of any problems. The customer service person stated there was nothing wrong with the company web site or security. The person didn't even want to forward my information to IT. The company should look into the insecurity of their system and advise customers.",
    "company_public_response": "Company has responded to the consumer and the CFPB and chooses not to provide a public response",
    "company": "CITIBANK, N.A.",
    "state": "OH",
    "zipcode": "None",
    "tags": "None",
    "consumer_consent_provided": "Consent provided",
    "submitted_via": "Web",
    "date_sent_to_company": "01/13/19",
    "company_response_to_consumer": "Closed with explanation",
    "timely_response": "Yes",
    "consumer_disputed": "N/A",
    "complaint_id": 3106882
}