{
    "date": "2018-12-21T00:00:00",
    "product": "Credit card or prepaid card",
    "sub-product": "General-purpose credit card or charge card",
    "issue": "Other features, terms, or problems",
    "sub-issue": "Add-on products and services",
    "text": "I purchased an appliance on XX/XX/2018 using my Citi credit card in the amount of XXXX plus tax. I submitted an online Citi Price Rewind request because I found a lower price of XXXX several days later. Citi Price Rewind is supposed to match that lower price as long as you meet the requirements in their terms and conditions. I submitted all of the required information and made sure to include proof of the lower ad that satisfied all of the requirements in their terms and conditions. \n\nMy ad included : The advertisement of the lower price must have been published or made available within 60 calendar days after your purchase date and must be for the same item by the same manufacturer for a lower price. \n\nA copy of the itemized receipt for the item purchased. \nA copy of the merchant 's advertisement with the lower price for the same item by the same manufacturer. \nEffective date of sale ( within 60 days of purchase ) Sale price Model number and model year Authorized dealer or merchant name Despite submitting this proof ( which met every requirement in their terms and conditions ), I received a denial letter in the mail saying the ad was not sufficient without elaborating on which part of their terms and conditions was not met by the ad I submitted and without any indication of what would need to be different about my ad in order for the request to be approved.",
    "company_public_response": "Company has responded to the consumer and the CFPB and chooses not to provide a public response",
    "company": "CITIBANK, N.A.",
    "state": "CA",
    "zipcode": "933XX",
    "tags": "None",
    "consumer_consent_provided": "Consent provided",
    "submitted_via": "Web",
    "date_sent_to_company": "12/21/18",
    "company_response_to_consumer": "Closed with explanation",
    "timely_response": "Yes",
    "consumer_disputed": "N/A",
    "complaint_id": 3106749
}