{
    "date": "2018-12-21T00:00:00",
    "product": "Mortgage",
    "sub-product": "Conventional home mortgage",
    "issue": "Trouble during payment process",
    "sub-issue": "None",
    "text": "SETERUS, INC. CROOKED SERVICER ON MY MORTGAGE. WHILE I HAVE NO PROBLEM PAYING A LATE FEE BUT I AM NOT PAY FOR WHATEVER CHARGES THEY CONTINUE TO PUT IN THE MISCELLANEOUS COLUMN. NOW THEY WANT TO CHARGE ATTORNEY FEES FOR WHAT? WHEN DOES SOMEONE INVESTIGATE THIS COMPANY? \nI WAS XXXX IN XX/XX/2018 FROM A CHAPTER XXXX, THIS COMPANY CONTINUES TO CHARGE PROPERTY APPRAISAL MONTHLY, NOW THEY START CHARGING ATTORNEY FEES. FIRST OFF I DO NOT OWE THEM NOTHING BUT MY MORTGAGE. THEY CONTINUE TO TAKE MY MORTGAGE TAKING ALL THEIR ERRONEOUS FEES FIRST WHILE THEN THEY SAY MY MORTGAGE IS LATE. I AM SICK AND TIRED OF THIS! THIS COMPANY IS A ONE STAR RATING WITH MANY COMPLAINTS! NOW THEY ARE PUTTING MY ACCOUNT BACK IN THE RED RITE AFTER I GOT ALL THIS XXXX CLEARED. I AM NOT PAYING ANYMORE LEGAL FEES FOR THESE CROOKED THIEVES. I HAD A CLEAN ACCOUNT AS OF XXXX, BANK STATEMENTS AND A XXXX FOR THEM TO THREATEN ME IN XXXX FOR SOME DOCUMENT I COULD NOT FILE AND MY ATTORNEY SAID THE CASE WAS XXXX BUT SETERUS INC THREATENED TO ACCELERATE MY LOAN IF I DID NOT PAY THEM {$2000.00} FOR WHAT? WHO IS GOING TO LOOK INTO THESE PEOPLE AND THEIR FRAUDULENT ACTIONS AGAINST SOMEONE JUST TRYING TO PAY A MORTGAGE? I OWED NOTHING IN XXXX AND XX/XX/2018 NOW THEY KEEP ADDING ATTORNEY FEES, I PAY MY MORTGAGE THEY TAKE ALL THESE FEES THEN MORTGAGE IS LATE? I WANT THIS STOPPED",
    "company_public_response": "Company has responded to the consumer and the CFPB and chooses not to provide a public response",
    "company": "Seterus, Inc.",
    "state": "GA",
    "zipcode": "305XX",
    "tags": "None",
    "consumer_consent_provided": "Consent provided",
    "submitted_via": "Web",
    "date_sent_to_company": "12/21/18",
    "company_response_to_consumer": "Closed with explanation",
    "timely_response": "Yes",
    "consumer_disputed": "N/A",
    "complaint_id": 3107113
}