{
    "date": "2018-12-21T00:00:00",
    "product": "Checking or savings account",
    "sub-product": "Checking account",
    "issue": "Managing an account",
    "sub-issue": "Funds not handled or disbursed as instructed",
    "text": "Citibank offered a cash promotion on XX/XX/2018 if a Citi Priority Dividend checking account was opened with a minimum deposit of {$50000.00} and the money was to remain in the account for 3 months ( 90 days ). I opened XX/XX/2018, funded the account with {$50000.00} and left it for four months. I called and was told I would receive the $ 300.00+ in XX/XX/XXXX. I called again and was told I would receive it by XX/XX/XXXX. I have recently received a letter which states I did not qualify. This is absolutely not true.\n\nI took advantage of their online off and this money sat with Citibank for over 4 months earning no interest. I moved my money to another institution and they converted my account to a no fee checking account.\n\nThe letter I am attaching is not the offer I accepted.",
    "company_public_response": "Company has responded to the consumer and the CFPB and chooses not to provide a public response",
    "company": "CITIBANK, N.A.",
    "state": "MA",
    "zipcode": "017XX",
    "tags": "Servicemember",
    "consumer_consent_provided": "Consent provided",
    "submitted_via": "Web",
    "date_sent_to_company": "12/21/18",
    "company_response_to_consumer": "Closed with explanation",
    "timely_response": "Yes",
    "consumer_disputed": "N/A",
    "complaint_id": 3106872
}