{
    "date": "2018-12-21T00:00:00",
    "product": "Credit card or prepaid card",
    "sub-product": "General-purpose credit card or charge card",
    "issue": "Problem when making payments",
    "sub-issue": "Problem during payment process",
    "text": "I have power of attorney for my brother who holds this c/c. I have complete financial control. For more than a year, I have not been able to get onto the website to pay the bill and when I mail the payment, it arrives late. In both instances we are continually charged finance charges. I have had to send the notarized paperwork twice ... they keep losing it. I was told that when the account was up to date, the website tech people would get me on the website to make payments easier and faster. The tech people tell me they have no access to the powers of attorney paperwork and refuse to allow me access and send me back to customer service. \n\nThe last time I spoke to customer service in XXXX, I asked for the full payoff, as I was planning on canceling this c/c. I paid the amount I was told and today, received yet another bill for yet unpaid prior balance with more finance charges. No one can validate the charges and I am being forced to pay \" blind '' the amount they state and interest on top of it. \n\nThis is all totally unacceptable. I am canceling this card and the card was taken from my brother after the last phone call to the company. \n\nUS bank was totally unhelpful, uncooperative and I am still unable to access the website to validate these charges.",
    "company_public_response": "Company has responded to the consumer and the CFPB and chooses not to provide a public response",
    "company": "U.S. BANCORP",
    "state": "NY",
    "zipcode": "11743",
    "tags": "Older American",
    "consumer_consent_provided": "Consent provided",
    "submitted_via": "Web",
    "date_sent_to_company": "12/21/18",
    "company_response_to_consumer": "Closed with monetary relief",
    "timely_response": "Yes",
    "consumer_disputed": "N/A",
    "complaint_id": 3107512
}