{
    "date": "2018-12-21T00:00:00",
    "product": "Checking or savings account",
    "sub-product": "Checking account",
    "issue": "Closing an account",
    "sub-issue": "Company closed your account",
    "text": "Citi bank blocked my account and closed my account without consulting me on XX/XX/18. Moreover, they hold my money and dont let me access to my own money. I called and went to the branch on XX/XX/18, still no help at all. They said I have to wait 30-60 days to receive a check from them for my remaining balance in my checking account. This is ridiculous. All my money is in that account, how should I live for 30-60 days without money at all!",
    "company_public_response": "Company has responded to the consumer and the CFPB and chooses not to provide a public response",
    "company": "CITIBANK, N.A.",
    "state": "CA",
    "zipcode": "941XX",
    "tags": "None",
    "consumer_consent_provided": "Consent provided",
    "submitted_via": "Web",
    "date_sent_to_company": "12/21/18",
    "company_response_to_consumer": "Closed with explanation",
    "timely_response": "Yes",
    "consumer_disputed": "N/A",
    "complaint_id": 3106731
}