{
    "date": "2018-12-21T00:00:00",
    "product": "Credit card or prepaid card",
    "sub-product": "General-purpose credit card or charge card",
    "issue": "Other features, terms, or problems",
    "sub-issue": "Problem with balance transfer",
    "text": "On XX/XX/XXXX I contacted my Barclays Ring card to initiate a balance transfer of {$7500.00} from my Barclays card to my XXXX card. The transfer processed on XX/XX/XXXX, but they incorrectly transferred a {$7500.00} balance on to my Barclays card. At no time during my phone call was I advised that they were doing the opposite of what I explicitly stated I wanted. When I contacted Barclays they refused to reverse the charge. Further they insisted that I was responsible for the interest payments on my grossly inflated balance. This is the second time Barclays has incorrectly executed a balance transfer ; upon opening the card over a year ago they processed the same balance transfer twice, and also refused to correct. Perhaps they should remove themselves form the balance transfer industry",
    "company_public_response": "Company has responded to the consumer and the CFPB and chooses not to provide a public response",
    "company": "BARCLAYS BANK DELAWARE",
    "state": "CA",
    "zipcode": "921XX",
    "tags": "None",
    "consumer_consent_provided": "Consent provided",
    "submitted_via": "Web",
    "date_sent_to_company": "12/21/18",
    "company_response_to_consumer": "Closed with explanation",
    "timely_response": "Yes",
    "consumer_disputed": "N/A",
    "complaint_id": 3107081
}