{
    "date": "2018-12-21T00:00:00",
    "product": "Mortgage",
    "sub-product": "Conventional home mortgage",
    "issue": "Struggling to pay mortgage",
    "sub-issue": "None",
    "text": "US bank is both the lien holder, servicer and investor in my XXXX home mortgage ( confirmed with them ) I lost my job on XX/XX/2018. \n\nI used my severance to pay Mortgage / Property taxes  and did not get a new full salary check in my new position until 1st week XX/XX/2018. \n\nI fell behind two payments of {$3500.00} each. \n\nI applied for a forebearance and hoped to have the loan modified in some way. \n\nTo date ( XX/XX/2018 ) US bank has declined to modify the loan and instead \" offered '' a 3 month accelerated repayment plan of over {$5800.00} to be paid XX/XX/XXXX, XXXX, XXXX I had to turn this down as I only have about $ XXXX/month disposable income after paying all my bills. \n\nU.S. bank knew this in XX/XX/2018 when I applied. \n\nI appealed their repayment plan and denial of loan modification by XX/XX/XXXX IN WRITING as there letter to me instructed. \n\nI'm Waiting to hear from the appeal ( as of XX/XX/2018 ) I called US bank MAP ( mortgage assistance point today ) My Complaint In the middle of trying to a loan modification ( XX/XX/2018 ) I received a letter from US bank saying they were setting up an escrow account into which I was to deposit about $ XXXX/month to cover home insurance and property taxes. \n\nMy loan note with them EXPLICTLY says \" no loans or impound accounts '' and I will pay the property tax as I have done so far. \n\nI want this escrow account suggestion withdrawn. \n\nThey have made the situation more complex as I was UP TO DATE on all home insurance payments with XXXX ( XXXX ) and yet they paid the full 6 months insurance even though I'd already paid 2 months WITHOUT my knowledge or consent. \n\nUS bank refuses to conduct business via email and insists on telephone conversations. Im guessing to avoid paper trails. \n\nI have written to them and asked they shut the escrow request down and fix the home insurance mess they created.",
    "company_public_response": "Company has responded to the consumer and the CFPB and chooses not to provide a public response",
    "company": "U.S. BANCORP",
    "state": "CA",
    "zipcode": "950XX",
    "tags": "None",
    "consumer_consent_provided": "Consent provided",
    "submitted_via": "Web",
    "date_sent_to_company": "12/21/18",
    "company_response_to_consumer": "Closed with non-monetary relief",
    "timely_response": "Yes",
    "consumer_disputed": "N/A",
    "complaint_id": 3107420
}