{
    "date": "2018-12-20T00:00:00",
    "product": "Checking or savings account",
    "sub-product": "Checking account",
    "issue": "Managing an account",
    "sub-issue": "Banking errors",
    "text": "I recently filed a complaint on usaa for reversing a credit they gave me from their fraud department because they refused to upload the documents to the fraud team for my proof that I was being denied a package/product I ordered. I was told that I didnt send the documents in to the proper department as the reason why the credit was reversed. Then after I filed the first complaint with the CFPB about a week ago a woman by the name of XXXX contacted me and told me my claim should have been submitted as a credit dispute and that SHE herself resubmitted it with all the documentation I uploaded, and even though Inhave supporting documentation from USPS oig Investigation team stating that I wont get the package back, MRS XXXX claims she cant guarantee that I will get my XXXX that the bank stole from my account back. They are lunching with veterans money and this has to stop now.",
    "company_public_response": "Company believes it acted appropriately as authorized by contract or law",
    "company": "UNITED SERVICES AUTOMOBILE ASSOCIATION",
    "state": "FL",
    "zipcode": "333XX",
    "tags": "Servicemember",
    "consumer_consent_provided": "Consent provided",
    "submitted_via": "Web",
    "date_sent_to_company": "12/20/18",
    "company_response_to_consumer": "Closed with explanation",
    "timely_response": "Yes",
    "consumer_disputed": "N/A",
    "complaint_id": 3105949
}