{
    "date": "2018-12-20T00:00:00",
    "product": "Checking or savings account",
    "sub-product": "Checking account",
    "issue": "Problem caused by your funds being low",
    "sub-issue": "Overdrafts and overdraft fees",
    "text": "I opted out of overdraft protection when I opened the account, however to my disappointment, SunTrust allowed a charge against my debit card to go through, through-by sending my account into overdraft. I not only was charged for a item I did not want, SunTrust added in a XXXX fee as my account was over drawn. \n\nI spoke to their fraud dept. and they asserted, \" SunTrust had the sole Discretion to pay debit card charges and add a fee for overdraft, as they had \" 2 '' over-draft programs?! I quickly spoke up and advised them I was NEVER advised of a 2nd over-draft program ; if I had been I would have opted out of it. \nThis \" 2nd overdraft Discretion '' is a fraudulent scheme they are running against their clients to assess fees against accounts. It's simply illegal and must be shut down immediately.",
    "company_public_response": "Company has responded to the consumer and the CFPB and chooses not to provide a public response",
    "company": "SUNTRUST BANKS, INC.",
    "state": "TN",
    "zipcode": "38464",
    "tags": "None",
    "consumer_consent_provided": "Consent provided",
    "submitted_via": "Web",
    "date_sent_to_company": "12/20/18",
    "company_response_to_consumer": "Closed with explanation",
    "timely_response": "Yes",
    "consumer_disputed": "N/A",
    "complaint_id": 3105792
}