{
    "date": "2018-12-20T00:00:00",
    "product": "Credit card or prepaid card",
    "sub-product": "General-purpose credit card or charge card",
    "issue": "Closing your account",
    "sub-issue": "Company closed your account",
    "text": "CFPB team please review Citibank issued Credit card ( Citi DoubleCash Card ) I was recently found out that my credit card transactions were coming up declined and after calling the customer service I found out that Citibank has decided to close my credit card on XX/XX/XXXX It is understood that Citibank has right to close my credit card but with a notice of upcoming closure. They should have given me few days to redeem my rewards that I have legal right to earn as per your terms and conditions across all these years I have had service. In-fact I have accumulated thousands of dollars of charges on the account for which Citi has charged up to 4 % to each merchant i did business with. For tens of thousands of dollars in purchase at the end of the year I earn the Cash back that Citibank stole from me. \nI called customer service on XX/XX/XXXX, XX/XX/XXXX, XX/XX/XXXX, XX/XX/XXXX. They are not ready to help. \nI have my rights to redeem my cash back rewards back for each one of these cards : Citi Double Cash Card XXXX $ XXXX {$250.00} Cash Back that was never credited back to the account for purchases I had made until XX/XX/XXXX I send a letter to Escalation customer service and the citibank via USPS mail on XX/XX/XXXX. There was no response received. I had requested all my cash back on my account to be redeemed and credited back to my bank as a ACH payment or check to be issued. Citicards & Citibank is refusing to give me the cashback for which they had clear terms and conditions to honor their rewards. \n\nIt is unjust and unethical for Citibank/Citicards to forfeit my points i collected for past 1 years paying high interest rates for the charges. \n\nI am looking for a legal decision to be held against Citibank to make these unjust decisions and stealing my benefits. \n\nRegards, XXXX XXXX XXXX",
    "company_public_response": "Company has responded to the consumer and the CFPB and chooses not to provide a public response",
    "company": "CITIBANK, N.A.",
    "state": "MI",
    "zipcode": "481XX",
    "tags": "None",
    "consumer_consent_provided": "Consent provided",
    "submitted_via": "Web",
    "date_sent_to_company": "12/20/18",
    "company_response_to_consumer": "Closed with explanation",
    "timely_response": "Yes",
    "consumer_disputed": "N/A",
    "complaint_id": 3106163
}