{
    "date": "2018-12-20T00:00:00",
    "product": "Credit card or prepaid card",
    "sub-product": "Store credit card",
    "issue": "Advertising and marketing, including promotional offers",
    "sub-issue": "Didn't receive advertised or promotional terms",
    "text": "I have four different promotional purchases through Care Credit. \nTransaction on XX/XX/XXXX was for a total purchase of {$880.00} and still has a balance of {$550.00} because Care Credit has not placed my {$200.00} per month toward this promotional purchase first. \n\nInstead they have placed my payment to a transaction from XX/XX/XXXX that was for {$3300.00} with a balance of {$1100.00} remaining that does not have a promotion ending until XX/XX/XXXX.\n\nThe transaction from XX/XX/XXXX has a promotion ending on XX/XX/XXXX so with Care Credit not applying my payment to the oldest transaction first they are fraudulently going to charge me {$380.00} in interest on XX/XX/XXXX that should not be due as I have paid over {$3400.00} since this transaction incurred and they have not paid off this transaction first. \n\nI believe this to be fraud and I have called Care Credit and spoke to XXXX Agent XXXX out of XXXX XXXX Michigan and she stated she can't do anything about it the system won't allow due to some regulations. This was not disclosed to me and I believe that Care Credit is trying to bait and switch customers with this practice. \n\nI want it evaluated and I need assurance that they will apply the payments to the oldest transaction first and assurance that this erroneous deferred interest charge will not hit my account.",
    "company_public_response": "Company has responded to the consumer and the CFPB and chooses not to provide a public response",
    "company": "SYNCHRONY FINANCIAL",
    "state": "TX",
    "zipcode": "752XX",
    "tags": "None",
    "consumer_consent_provided": "Consent provided",
    "submitted_via": "Web",
    "date_sent_to_company": "12/20/18",
    "company_response_to_consumer": "Closed with explanation",
    "timely_response": "Yes",
    "consumer_disputed": "N/A",
    "complaint_id": 3106333
}