{
    "date": "2018-12-20T00:00:00",
    "product": "Credit card or prepaid card",
    "sub-product": "General-purpose credit card or charge card",
    "issue": "Problem with a purchase shown on your statement",
    "sub-issue": "Credit card company isn't resolving a dispute about a purchase on your statement",
    "text": "In XX/XX/2016 I submitted a balance transfer request from XXXX XXXX to my Sears XXXX in the amount of {$1600.00}. After a month or so I saw that it never posted to my XXXX account. Over the course of two years I attempted to rectify this issue with XXXX XXXX to where they investigated on their end that Citibank ( who backs XXXX ) had cashed the balance transfer check. XXXX XXXX attempted to contact Citibank to refund the money back as it never got credited to my XXXX account that is listed on the front of the balance transfer check. It is apparent that Citibank did not respond to XXXX XXXX XXXX   correspondence and ignored the request. I have evidence of the check cashed by Citibank, the letters that XXXX XXXX sent to Citi, and other pertinent information that displays Citibank has kept the money. In addition I have copies of my Sears XXXX statements that show the money was never credited to my account.",
    "company_public_response": "Company has responded to the consumer and the CFPB and chooses not to provide a public response",
    "company": "CITIBANK, N.A.",
    "state": "CA",
    "zipcode": "917XX",
    "tags": "None",
    "consumer_consent_provided": "Consent provided",
    "submitted_via": "Web",
    "date_sent_to_company": "12/20/18",
    "company_response_to_consumer": "Closed with monetary relief",
    "timely_response": "Yes",
    "consumer_disputed": "N/A",
    "complaint_id": 3104542
}