{
    "date": "2018-12-19T00:00:00",
    "product": "Mortgage",
    "sub-product": "Conventional home mortgage",
    "issue": "Trouble during payment process",
    "sub-issue": "None",
    "text": "Wells Fargo took over my mortgage loan previously with XXXX XXXX XXXX XXXX, Deed of Trust Dated XX/XX/XXXX, XXXX in a letter dated XX/XX/XXXX, it was brought to their attention that the borrower 's payments were being misapplied. Wells Fargo chose to apply payments intended for the Principal to place payments in suspense or either advance the payment due date, in both cases did not benefit the borrower. This practice was carried on by Wells Fargo from XXXX, the borrower attempted on many occasions to communicate with Wells Fargo by telephone for them to explain and correct the situation. \nWells Fargo responded to the borrower in a letter initialing denying any adverse action had occurred with the application of his payments. Subsequently, when legal counsel was brought in Wells Fargo story changed and stated that the borrower had not provided written instructions so that Wells Fargo could make Principal Payments in accordance with the Deed of Trust. \nMatters were further complicated by Wells Fargo when responding to our questions and request not to foreclose on the property until Wells Fargo applied the principal payments correctly, In addition, explain why they cease using the COSI ( A Cost of ) Savings Index ( COSI ) without notice to the borrower and substituted with EURO Dollar Index which the Federal Reserve ceased publication in XX/XX/XXXX, and again XX/XX/XXXX. Relying on the last date of Publication XXXX, The attached letter by Wells Fargo dated XX/XX/XXXX, clearly gives notice of a rate change in XX/XX/XXXX, and a change to a new index LIBOR, as a result of the EURO Dollar Index not being published. There appears to be a significant gap in the dates, moreover, Wells Fargo answer sheet attached is not truthful about the changes which will not occur. \nWells Fargo claims to have transferred the loan and \" washing their hands '' The borrower is left out in the cold without any answers while a multi-million company still moves along running over and abusing their customers.",
    "company_public_response": "Company has responded to the consumer and the CFPB and chooses not to provide a public response",
    "company": "WELLS FARGO & COMPANY",
    "state": "CA",
    "zipcode": "941XX",
    "tags": "Older American, Servicemember",
    "consumer_consent_provided": "Consent provided",
    "submitted_via": "Web",
    "date_sent_to_company": "12/19/18",
    "company_response_to_consumer": "Closed with explanation",
    "timely_response": "Yes",
    "consumer_disputed": "N/A",
    "complaint_id": 3105438
}