{
    "date": "2018-12-19T00:00:00",
    "product": "Checking or savings account",
    "sub-product": "Checking account",
    "issue": "Managing an account",
    "sub-issue": "Banking errors",
    "text": "Wells Fargo bank skimmed {$160.00} off my account by debiting my account for the same check twice. On XX/XX/2018 two debits were made to my account. One was for Check # XXXX in the amount of {$160.00}. The other debit was a \" Check '' without a check number and for the same amount. When I called Wells Fargo Bank they were unable to provide me any information about this check and said the check number was read by their system as XXXX. I'm unable to see a copy of this check online or get a copy from the bank. This is yet another example of Wells Fargo Bank continuing to act unethically and still from us. We have had multiple claims against WFB and one of them was for skimming which WFB was forced to compensate us.",
    "company_public_response": "Company has responded to the consumer and the CFPB and chooses not to provide a public response",
    "company": "WELLS FARGO & COMPANY",
    "state": "CA",
    "zipcode": "95138",
    "tags": "None",
    "consumer_consent_provided": "Consent provided",
    "submitted_via": "Web",
    "date_sent_to_company": "12/19/18",
    "company_response_to_consumer": "Closed with non-monetary relief",
    "timely_response": "Yes",
    "consumer_disputed": "N/A",
    "complaint_id": 3103151
}