{
    "date": "2018-12-19T00:00:00",
    "product": "Credit card or prepaid card",
    "sub-product": "Store credit card",
    "issue": "Incorrect information on your report",
    "sub-issue": "Account status incorrect",
    "text": "I signed up for this card back in XXXX in store and in XXXX a year later I lost the card and I have not bought anything from the store since. Around XXXX or XXXX of this year I paid the balance off in full and I have tried to apply for a home. The mortgage lender told me I had a collections account still on my credit from XXXX XXXX. I told them I paid the balance and provided the letter of payment from the military star. After talking with the broker I looked at the copy of my credit report to find that military star has been fraudulently pushing the date of delinquency by changing the information reported to the bureaus. XXXX XXXX is first reporting that the current status of the account is in collections/charge-off state. Second they report that I was late 5 times over 90+ days late but you do not find that information anywhere in my payment history on my XXXX  report, but on my XXXX report they do not report me being late and do not display any payment history at all as if I went straight to collections when I opened the account. On my XXXX report they also still have the current status of the account listed in the charge-off /collection state which is not accurate. Not only is XXXX XXXX reporting false information but they are not consistently reporting the information, and they are \" Re-aging '' the account by changing the date of first delinquency. I have attached the paid in full letter from XXXX XXXX showing that the account should be listed as paid.",
    "company_public_response": "Company has responded to the consumer and the CFPB and chooses not to provide a public response",
    "company": "Army and Air Force Exchange Service",
    "state": "AL",
    "zipcode": "357XX",
    "tags": "Servicemember",
    "consumer_consent_provided": "Consent provided",
    "submitted_via": "Web",
    "date_sent_to_company": "12/19/18",
    "company_response_to_consumer": "Closed with explanation",
    "timely_response": "Yes",
    "consumer_disputed": "N/A",
    "complaint_id": 3104352
}