{
    "date": "2018-12-18T00:00:00",
    "product": "Mortgage",
    "sub-product": "Conventional home mortgage",
    "issue": "Trouble during payment process",
    "sub-issue": "None",
    "text": "My property sustained damages during Hurricane Irma in XX/XX/XXXX. XXXX   XXXX XXXX XXXX finally paid the claim in XX/XX/XXXX. Ditech received the endorsed check on XX/XX/XXXX, per overnight courier. That check was in the total amount of {$120000.00}. There was a previous amount in the escrow of {$19000.00}. That was paid on XX/XX/XXXX. They sent a check in the amount of {$2100.00}, on XX/XX/XXXX Today XX/XX/XXXX, they have not released any other funds, in spite they have had all the paperwork uploaded to their website as directed. The payment included roof replacement and other repairs to the structure of my property, however, there are payments included that are not related to the repairs of the home, like pack out, move, personal property etc. Those funds should have been disbursed to me immediately as they have nothing to do with the actual repairs, and it is my money that they are floating. It is beyond abusive. It is illegal. \n\nIn the website under my account, the escrow, shows all the deposits, but a XXXX balance. Needless to say, I am very concerned. Ditech came out of Chapter XXXX in XX/XX/XXXX, and was delisted from XXXX on XX/XX/XXXX. I have no protection whatsoever on my money, which they are holding illegally. \n\nEvery time I talk to them the result is the same ... .they take 14 days to process, etc. I am frustrated and angry. I have a perfect payment history with these people. They are not a bank, the mortgage is actually owned by XXXX XXXX, they only service the account and that does not or should not give them the right to hold unto any monies whatsoever. This has to change, as I know I am not the only one in this situation. Perhaps we need a class action law suit!",
    "company_public_response": "Company believes it acted appropriately as authorized by contract or law",
    "company": "Ditech Financial LLC",
    "state": "FL",
    "zipcode": "331XX",
    "tags": "Older American",
    "consumer_consent_provided": "Consent provided",
    "submitted_via": "Web",
    "date_sent_to_company": "12/18/18",
    "company_response_to_consumer": "Closed with explanation",
    "timely_response": "Yes",
    "consumer_disputed": "N/A",
    "complaint_id": 3104073
}