{
    "date": "2018-12-18T00:00:00",
    "product": "Checking or savings account",
    "sub-product": "Checking account",
    "issue": "Managing an account",
    "sub-issue": "Problem using a debit or ATM card",
    "text": "On XX/XX/18 Wellsfargo Bank unfairly revoked my debit card after filing claims for non received merchandise from merchants transactions without ANY warning This is defamation & slander. I demand IMMEDIATE reinstatement of card ending in XXXX, or if not possible issuance of new card.",
    "company_public_response": "Company has responded to the consumer and the CFPB and chooses not to provide a public response",
    "company": "WELLS FARGO & COMPANY",
    "state": "NV",
    "zipcode": "891XX",
    "tags": "None",
    "consumer_consent_provided": "Consent provided",
    "submitted_via": "Web",
    "date_sent_to_company": "12/18/18",
    "company_response_to_consumer": "Closed with explanation",
    "timely_response": "Yes",
    "consumer_disputed": "N/A",
    "complaint_id": 3103560
}