{
    "date": "2018-12-18T00:00:00",
    "product": "Credit card or prepaid card",
    "sub-product": "General-purpose credit card or charge card",
    "issue": "Problem when making payments",
    "sub-issue": "Problem during payment process",
    "text": "I have a loan with WELLS FARGO DEALER SVC XXXX. I have always made my payments on time. For some reason I realized that there was a late payment on my credit report. As you can see, I have always had a stellar payment record with this company. I tried contacting both XXXX, XXXX, XXXX  and WELLS FARGO DEALER SVC with no successful resolution. XXXX, XXXX  and XXXX only reporting me late. There was definitely an error on their part. I was never 30 days late for three times.",
    "company_public_response": "Company has responded to the consumer and the CFPB and chooses not to provide a public response",
    "company": "WELLS FARGO & COMPANY",
    "state": "CA",
    "zipcode": "None",
    "tags": "None",
    "consumer_consent_provided": "Consent provided",
    "submitted_via": "Web",
    "date_sent_to_company": "12/21/18",
    "company_response_to_consumer": "Closed with explanation",
    "timely_response": "Yes",
    "consumer_disputed": "N/A",
    "complaint_id": 3103233
}