{
    "date": "2018-12-17T00:00:00",
    "product": "Credit card or prepaid card",
    "sub-product": "Store credit card",
    "issue": "Problem when making payments",
    "sub-issue": "Problem during payment process",
    "text": "Tried to make payment on XX/XX/2018 to XXXX XXXX XXXX XXXX XXXX program online but was unable to on its website. Called to make payment and was unable to due to my account being \" locked '' and was told I would have to make payment at a store that was not available at my current location. This store card is a scam that should be blocked by the service member civil relief act.",
    "company_public_response": "Company has responded to the consumer and the CFPB and chooses not to provide a public response",
    "company": "Army and Air Force Exchange Service",
    "state": "MI",
    "zipcode": "480XX",
    "tags": "Servicemember",
    "consumer_consent_provided": "Consent provided",
    "submitted_via": "Web",
    "date_sent_to_company": "12/17/18",
    "company_response_to_consumer": "Closed with explanation",
    "timely_response": "Yes",
    "consumer_disputed": "N/A",
    "complaint_id": 3102550
}