{
    "date": "2018-12-17T00:00:00",
    "product": "Mortgage",
    "sub-product": "Conventional home mortgage",
    "issue": "Trouble during payment process",
    "sub-issue": "None",
    "text": "They hired an attorney years ago to foreclose on the property. At that point I had no access to the house. They stopped it for unknown reasons. I have tried to do a voluntary give back. I've tried to do a quick sale with no response. At one point I even did a loan modification with it resulting in them losing my paperwork. I work very hard to keep my credit good. I feel I have gone above and beyond to resolve this with no response from Ditech. I do not believe they are acting in good faith and are ruining my credit even though I have attempted to resolve this balance. I hope you can help me get them to moving forward. This is not the original mortgage company, it has changed hands a few times. Thank you in advance for your time. \n\nDitech Financial loan # XXXX",
    "company_public_response": "Company believes complaint represents an opportunity for improvement to better serve consumers",
    "company": "Ditech Financial LLC",
    "state": "TX",
    "zipcode": "760XX",
    "tags": "None",
    "consumer_consent_provided": "Consent provided",
    "submitted_via": "Web",
    "date_sent_to_company": "12/17/18",
    "company_response_to_consumer": "Closed with explanation",
    "timely_response": "Yes",
    "consumer_disputed": "N/A",
    "complaint_id": 3102416
}