{
    "date": "2018-12-17T00:00:00",
    "product": "Mortgage",
    "sub-product": "Conventional home mortgage",
    "issue": "Struggling to pay mortgage",
    "sub-issue": "None",
    "text": "In XX/XX/2018 my wife became seriously ill and had to leave her job. We became unable to pay our mortgage and was able to talk with our original Lender, XXXX XXXX XXXX. I started loss mitigation, filled out all the paperwork and sent it in a timely manner. I didn't hear anything for over 30+ days, called XXXX and was told they were working on it. In the meantime, XXXX sold our mortgage to Flagstar Bank. When I found out I contacted Flagstar and was told that all the loss mitigation paperwork had been forwarded and they had received, \" Everything PHH had. '' Several weeks later, XXXX XXXX I received a 2nd day letter dated XXXX XXXX, 2018 that stated I had until XXXX XXXX to submit paperwork. I called confused, asked to speak with my case manager ( I have NEVER once spoken with her, even after requesting several times with whatever rep I was speaking with ). I was told that the original loss mitigation paperwork was now considered \" outdated '', and I would have to send in more paperwork. This was a single sheet of paper with nothing attached. I asked why I didn't receive anything along with it and what I was supposed to do I was told, \" I guess I can mail you the paperwork, it wont be there for a week but its not going to make any difference now. '' I then spent two days calling and asking for help and finally reached someone who gave a XXXX, walked me through downloading and printing the actual paperwork I would need from THEIR website ( the CSR before never told me I could do that ) .She also told me I could email the info, which I did on XX/XX/18 the date it was due ( I have delivery confirmation ). I called and spoke with a great lady named XXXX who identified herself as the loss mitigation team lead. She opened my email, went through the documents WITH ME on the phone and confirmed that yes, indeed I had sent all that was required and it looked good. It was going to be sent to the Underwriters by her personally. Imagine my surprise, when I received a letter in the mail today XX/XX/18 saying that because I NEVER sent in the documentation, I was now officially out of the loss mitigation. This has been unbelievable. I have NEVER dealt with a company like this. Customer service has been a joke. It is obvious they do not want to work with me ( or probably anyone! ) on a situation that can and should be resolved and would rather foreclose using stalling, diversion and flat out lies. I need help, even lowering my payment would pull me out of this situation and allow me to keep my home. This situation has led me to consider legal action.",
    "company_public_response": "Company has responded to the consumer and the CFPB and chooses not to provide a public response",
    "company": "FLAGSTAR BANK, FSB",
    "state": "KY",
    "zipcode": "401XX",
    "tags": "None",
    "consumer_consent_provided": "Consent provided",
    "submitted_via": "Web",
    "date_sent_to_company": "12/17/18",
    "company_response_to_consumer": "Closed with explanation",
    "timely_response": "Yes",
    "consumer_disputed": "N/A",
    "complaint_id": 3102496
}