{
    "date": "2018-12-17T00:00:00",
    "product": "Credit card or prepaid card",
    "sub-product": "Store credit card",
    "issue": "Fees or interest",
    "sub-issue": "Unexpected increase in interest rate",
    "text": "Dear Sir or Madam, My name is XXXX XXXX XXXX. On XX/XX/XXXX, I went to Home Depot to purchased hardwood floor with cash on hands. The lady at the checkout offered me a store credit card with interest-free for 24 months. After talking to my husband, I accepted the offer. I purchased the hardwood floor over {$4000.00}. I have been making payments every month and never been late on a payment. Based on my calculation, I owed them less than {$2000.00}. On XX/XX/XXXX, I called to make a payment, they told me the balance was over {$4800.00}. On XX/XX/XXXX, I called customer service to find out what is wrong, they told me that they have been charging me interest since the date of purchase. That is not what I agreed to when I made the purchase. On the same date, I called again and asked to speak to a manager, they made me wait for 30 minutes and they hung up the phone.",
    "company_public_response": "Company has responded to the consumer and the CFPB and chooses not to provide a public response",
    "company": "CITIBANK, N.A.",
    "state": "PA",
    "zipcode": "181XX",
    "tags": "None",
    "consumer_consent_provided": "Consent provided",
    "submitted_via": "Web",
    "date_sent_to_company": "12/17/18",
    "company_response_to_consumer": "Closed with explanation",
    "timely_response": "Yes",
    "consumer_disputed": "N/A",
    "complaint_id": 3102348
}