{
    "date": "2018-12-17T00:00:00",
    "product": "Credit card or prepaid card",
    "sub-product": "Store credit card",
    "issue": "Other features, terms, or problems",
    "sub-issue": "Other problem",
    "text": "Im having trouble logging into the online account for an XXXX store card ( Synchrony Bank ). They locked me out because I cant access my old phone for SMS verification and they dont want to accept my new phone number. Thus I have no way to pay my bill.",
    "company_public_response": "Company has responded to the consumer and the CFPB and chooses not to provide a public response",
    "company": "SYNCHRONY FINANCIAL",
    "state": "WY",
    "zipcode": "828XX",
    "tags": "None",
    "consumer_consent_provided": "Consent provided",
    "submitted_via": "Web",
    "date_sent_to_company": "12/17/18",
    "company_response_to_consumer": "Closed with explanation",
    "timely_response": "Yes",
    "consumer_disputed": "N/A",
    "complaint_id": 3102310
}