{
    "date": "2018-12-17T00:00:00",
    "product": "Checking or savings account",
    "sub-product": "Savings account",
    "issue": "Managing an account",
    "sub-issue": "Problem making or receiving payments",
    "text": "I opened CITI bank Priority account which promised an account opening Bonus of {$600.00} after qualifying activities of depositing {$50000.00} and keeping money in the account for 5 months! \n\nEven after qualifying activities are fully completed and confirmed by CitiBank Customer Service Representative, they are NOT depositing my Bonus of {$600.00} in the account. \n\nIf I chose to close the account then they will not deposit the bonus even though my account and money ( {$50000.00} ) are held by them in my account for more than 5 months now. \n\nIf I decide to make full withdrawal of my money {$50000.00} and keep the account open so as to receive the bonus amount of {$600.00}, they will charge me account maintenance fee as account need to have {$50000.00} at all the time to avoid account Maintenance fee. \n\nI simply want to get my bonus of {$600.00} and withdraw all of my {$50000.00} held with them and close the account immediately as I need the my money back soon. \n\nPurposely they are delaying the bonus depositing process to keep my {$50000.00} locked with them. \n\nI attempted to escalate the matter but they are not doing anything. I have spent hours with them on phone but they do not seem to care. \n\nThey do not have any mechanism in place to keep a record of two way communication between bank and the client. \n\nVery deceitful tactics by citibank. \n\nKindly help.",
    "company_public_response": "Company has responded to the consumer and the CFPB and chooses not to provide a public response",
    "company": "CITIBANK, N.A.",
    "state": "NJ",
    "zipcode": "088XX",
    "tags": "None",
    "consumer_consent_provided": "Consent provided",
    "submitted_via": "Web",
    "date_sent_to_company": "12/17/18",
    "company_response_to_consumer": "Closed with explanation",
    "timely_response": "Yes",
    "consumer_disputed": "N/A",
    "complaint_id": 3102864
}