{
    "date": "2018-12-20T00:00:00",
    "product": "Mortgage",
    "sub-product": "Conventional home mortgage",
    "issue": "Struggling to pay mortgage",
    "sub-issue": "None",
    "text": "I have repeatedly asked for the full, un-broken chain of title with all Assignments and Substitution of Trustee recorded documents yet only receive rob-signed Assignment with the undocumented papers from closing. I was told I could call XXXX XXXX XXXX/SPS in XXXX XXXX XXXX UT to set up a viewing of the original wet-ink Deed and Note together along with the full Chain of Title that they had in their possession in order to qualify them to collect/foreclose and/or modify my loan. When I called I was told that they would first mail me the documents then when asked when I could set up an appointment to view in person I was told that he would get back with me once he found them ... Haven't heard back yet they still have a XX/XX/2019 sale date pending while they \" look for my documents ''. I have requested that while they do their researching if they would cancel this sale date immediately, but they have not to date. \nI am very concerned that this company has no idea who the owner of my loan is as they said it was XXXX but no ID number was attached to my loan to verify, then it was XXXX XXXX, who is currently being shut down/sued as all the others who has said they owned this loan, and since no one can produce any facts and just bully me with sale dates I am very concerned that they will illegally foreclose without any rights to my loan at all!",
    "company_public_response": "Company believes it acted appropriately as authorized by contract or law",
    "company": "SELECT PORTFOLIO SERVICING, INC.",
    "state": "WA",
    "zipcode": "98386",
    "tags": "Older American",
    "consumer_consent_provided": "Consent provided",
    "submitted_via": "Web",
    "date_sent_to_company": "12/20/18",
    "company_response_to_consumer": "Closed with explanation",
    "timely_response": "Yes",
    "consumer_disputed": "N/A",
    "complaint_id": 3106257
}