{
    "date": "2018-12-16T00:00:00",
    "product": "Credit card or prepaid card",
    "sub-product": "General-purpose credit card or charge card",
    "issue": "Advertising and marketing, including promotional offers",
    "sub-issue": "Confusing or misleading advertising about the credit card",
    "text": "An interactive website of Bank of America ( BAC further ) recommends me to apply for credit cards as limited time offer ( screenshot is attached ). And on XX/XX/2018 I submitted my application. In a few minutes later I was informed that BAC needs to gather more information to make a final decision. \nOn the next day, I expected that someone from BAC will reach me either by phone or email to gather more information ( proof of employment etc. ). No one contacted me. On the next day I have reached BAC customer service and asked about my application status and explicitly told that if there are problems with my application, - I would like to withdraw it. Customer service representative placed me on hold and then transferred to another person from the credit card department. He told that he reviewed my application and denied it since I have filed bankruptcy within recent two years.\n\nI am not criticizing this BAC policy and accept it. However : 1. If my application is clear reject why I received a message about gathering more information instead of receiving an honest answer right away?\n\n2. BAC system is fully aware of my finical situation ( I have here direct deposit and Platinum tier of Preferred Rewards ). Why BAC interactive website offers me limited time offers that by default will not be approved? It is like advertising an alcohol to underage kids or ice cream for diabetics. Unethical.\n\n3. My request to withdraw my application - if something is wrong- was neglected. Why? I have clearly expressed it.\n\n4. I was not aware of this BAC policy since limitations/restrictions were not posted by BAC in credit card advertisement page.\n\nIn the summary as the result of BAC misleading advertisement - I received the negative record, FICO score drop, 2 days of waiting and frustration. All of this was possible to prevent. \nEven after my application rejection, the BAC system continues to offer credit cards to me.",
    "company_public_response": "Company has responded to the consumer and the CFPB and chooses not to provide a public response",
    "company": "BANK OF AMERICA, NATIONAL ASSOCIATION",
    "state": "NY",
    "zipcode": "112XX",
    "tags": "None",
    "consumer_consent_provided": "Consent provided",
    "submitted_via": "Web",
    "date_sent_to_company": "12/16/18",
    "company_response_to_consumer": "Closed with explanation",
    "timely_response": "Yes",
    "consumer_disputed": "N/A",
    "complaint_id": 3101421
}