{
    "date": "2018-12-16T00:00:00",
    "product": "Checking or savings account",
    "sub-product": "Checking account",
    "issue": "Opening an account",
    "sub-issue": "Didn't receive terms that were advertised",
    "text": "A checking as well as a savings account was opened with Citi bank on XX/XX/2018. As part of opening the checking account, a bonus of {$400.00} was advertised provided certain conditions were met with the account. These terms were as follows : Opening as checking and savings account with Citi, depositing {$15000.00} to the checking account and maintain a minimum balance of {$15000.00} in the account for sixty ( 60 ) consecutive calendar days. The {$400.00} bonus would then be deposited to the account within 90 days of meeting these requirements. \n\nOn XX/XX/2018 a deposit of {$15000.00} was deposited to the checking account. A balance of {$15000.00} was maintained in this account until XX/XX/2018 when {$5000.00} was transferred from the account. \n\nPer the terms of opening the account, the {$400.00} bonus was required to post by XX/XX/2018. This did not occur. Citibank was contacted on XX/XX/2018 to determine the delay of the bonus being credited to the account. Case number XXXX was entered into Citibank system on XX/XX/2018, but there was no further communication on progress of the term violation or resolution ( crediting the bonus to the account ). As of XX/XX/2018, the bonus still has not been credited to the account. Overall, Citibank has violated the terms set when the account was opened and has not acted on resolving this issue within a reasonable amount of time.",
    "company_public_response": "Company has responded to the consumer and the CFPB and chooses not to provide a public response",
    "company": "CITIBANK, N.A.",
    "state": "TX",
    "zipcode": "None",
    "tags": "None",
    "consumer_consent_provided": "Consent provided",
    "submitted_via": "Web",
    "date_sent_to_company": "12/16/18",
    "company_response_to_consumer": "Closed with explanation",
    "timely_response": "Yes",
    "consumer_disputed": "N/A",
    "complaint_id": 3101801
}