{
    "date": "2018-12-16T00:00:00",
    "product": "Checking or savings account",
    "sub-product": "Checking account",
    "issue": "Managing an account",
    "sub-issue": "Problem accessing account",
    "text": "On XX/XX/XXXX, I changed my internet service provider to XXXX. Since then I have not be able to access my account online at M & T bank with who I have banked for nearly 20 years. I only use one computer that is hard wired to the router to access my account for security reasons and it stopped working after I changed to XXXX. Earlier in the day on XX/XX/XXXX, when I was with my previous internet service provider XXXX, I was able to access my account. \n\n\nWhen the account login in failed, the website tells me to call the online service center which I called on XX/XX/XXXX and spoke to XXXX with id XXXX. He told me that some fraud alert was triggered and I have to just wait and try again but could not tell me how long to wait for security reasons. I asked if there is a set of steps I could follow that would unlock the account and he said there was none. Only way was to wait and try again. I spoke to manager XXXX XXXX XXXX who also confirmed the same. \n\n\nI waited a week and on XX/XX/XXXX I tried to log in again and it failed. I went to the local branch and spoke to XXXX XXXX who called the online banking center and they confimed the problem to be systemic with no resolution. Multiple customers who changed internet service providers have the same issue with no solution.",
    "company_public_response": "Company has responded to the consumer and the CFPB and chooses not to provide a public response",
    "company": "M&T BANK CORPORATION",
    "state": "DE",
    "zipcode": "197XX",
    "tags": "None",
    "consumer_consent_provided": "Consent provided",
    "submitted_via": "Web",
    "date_sent_to_company": "12/16/18",
    "company_response_to_consumer": "Closed with explanation",
    "timely_response": "Yes",
    "consumer_disputed": "N/A",
    "complaint_id": 3101883
}