{
    "date": "2018-12-15T00:00:00",
    "product": "Credit card or prepaid card",
    "sub-product": "General-purpose credit card or charge card",
    "issue": "Closing your account",
    "sub-issue": "Company closed your account",
    "text": "On XX/XX/XXXX I lost my wallet which had a couple of credit cards inside of it. After I called and let you guys know that my wallet was lost and so were my cards so I would need you to stop the cards from being able to be charged, I was told don't worry you wont be responsible and we're going to close this account as well as send you a new credit card. There were other that I had to call that did the same thing except XXXX XXXX  & Citi Bank. XXXX XXXX  told me I need to go a branch location with my ID to prove that I am me, and they will send me a new card. When I did that to verify my identity they told me my account is closed and I need to reapply. When I asked why they said they had no idea only that I need to reapply and asked me if I want to do that and I said no. When I came home and checked my credit report I saw that XXXX XXXX pulled out my credit reports which is another hard inquiry on my reports without MY authorization. Citi Bank didn't get me any information, needed provided me with any paperwork or explanation, they just said my account is closed permanently and they can't do anything about it. ( I have police reports and it makes no sense since obviously everyone in the world will lose things at some point in time. )",
    "company_public_response": "Company has responded to the consumer and the CFPB and chooses not to provide a public response",
    "company": "CITIBANK, N.A.",
    "state": "CA",
    "zipcode": "910XX",
    "tags": "Older American",
    "consumer_consent_provided": "Consent provided",
    "submitted_via": "Web",
    "date_sent_to_company": "01/03/19",
    "company_response_to_consumer": "Closed with explanation",
    "timely_response": "Yes",
    "consumer_disputed": "N/A",
    "complaint_id": 3101502
}