{
    "date": "2018-12-14T00:00:00",
    "product": "Credit card or prepaid card",
    "sub-product": "General-purpose credit card or charge card",
    "issue": "Problem with a purchase shown on your statement",
    "sub-issue": "Credit card company isn't resolving a dispute about a purchase on your statement",
    "text": "Original Dispute Number : XXXX [ never Got worked ] New Dispute Number : XXXX I went on a Business trip to XXXX [ XXXX XXXX ] : XX/XX/XXXX thru XX/XX/XXXX I noticed a charge for {$4500.00} [ exactly XXXX Real ] after I came back from the trip I filed a dispute on citi.com from my credit card statement page. \nDuring my initial Dispute there were 10+ charges from the same merchant XXXX XXXX and I disputed them all. \nThe City where the merchant is located and where the card was used physically is 8 Hrs away from where I stayed. \nI stayed in the XXXX XXXX area during the entire trip which is evident from all the other transaction. \nThe amount that was charged is exactly XXXX XXXX XXXX. \nhttps : XXXXXXXX Details on how they commit this crime. \nI suspect this is what happened to me while I tried to use my Citi Card and eventually ended up using my debit card to get cash and pay for the restaurant bill. \nhttps : XXXXXXXX Above website explains in detail how the criminals clone a card and Use it, even if it is a chip enabled card. \n\nIf as a layman, I can find these information and figure out how I got defrauded, I BELIVE that the SPECIALISTs can do a much better task. \n\nI tried to resolve the issue with citibank several times. without any luck. \nI got the old card canceled and got a new card. I am using the current one and pay off the amount that I spent during that billing cycle. \n\nCiti is holding on to the fraudulent charge and charging $ 100+ late charge every month.\n\nThat is hurting my Credit score. \n\nPlease let me know if you need any further information.",
    "company_public_response": "Company has responded to the consumer and the CFPB and chooses not to provide a public response",
    "company": "CITIBANK, N.A.",
    "state": "GA",
    "zipcode": "300XX",
    "tags": "None",
    "consumer_consent_provided": "Consent provided",
    "submitted_via": "Web",
    "date_sent_to_company": "12/14/18",
    "company_response_to_consumer": "Closed with explanation",
    "timely_response": "Yes",
    "consumer_disputed": "N/A",
    "complaint_id": 3100957
}