{
    "date": "2018-12-14T00:00:00",
    "product": "Credit card or prepaid card",
    "sub-product": "General-purpose credit card or charge card",
    "issue": "Problem when making payments",
    "sub-issue": "Problem during payment process",
    "text": "I applied for the American airline card Several weeks later I received an email saying I was approved The card never arrived but a statement did ( $ XXXX yearly fee ) I waited a few more days for the card I then called Barclays and they send out another card I tried to setup a online login and was told I already have an account ( from past credit card I no longer have ) They sent me 4 email that should have had a code to reset my password, but all were blank After several hour on the phone with them I gave up trying to log on and was told that they could just take the {$95.00} from my bank account which I did not feel comfortable with ( not knowing how they had my account number or witch account they had. \nAt that point I left town without activating the account, after traveling for several weeks and coming back to work totally slammed. I gave there tech support another try, and got someone that solved the problem with not being able to reset the password. \nAt that time I payed the {$95.00} fee and planed on using that card. I made one purchase Til I looked at my credit report and they have trashed my credit for the {$95.00} fee I called Barclays and was told by a manager weather I had the card or not the fee was due and there is nothing they can do about it. \nI have since canceled the card and they said they will refund the {$95.00}",
    "company_public_response": "Company has responded to the consumer and the CFPB and chooses not to provide a public response",
    "company": "BARCLAYS BANK DELAWARE",
    "state": "PA",
    "zipcode": "None",
    "tags": "None",
    "consumer_consent_provided": "Consent provided",
    "submitted_via": "Web",
    "date_sent_to_company": "12/14/18",
    "company_response_to_consumer": "Closed with non-monetary relief",
    "timely_response": "Yes",
    "consumer_disputed": "N/A",
    "complaint_id": 3100606
}