{
    "date": "2018-12-14T00:00:00",
    "product": "Credit card or prepaid card",
    "sub-product": "Store credit card",
    "issue": "Problem with a purchase shown on your statement",
    "sub-issue": "Credit card company isn't resolving a dispute about a purchase on your statement",
    "text": "On XX/XX/2018 I had mechanical work done at XXXX XXXX XXXX, the work was misdiagnose as an oil pan leak they charged me {$400.00} and when I got home I noticed I still had the oil leak on my car. I contacted the credit card company which is XXXX they contacted XXXX XXXX XXXX and sided with the company. I wanted them to not pay for the work because my car was not repaired properly.",
    "company_public_response": "Company has responded to the consumer and the CFPB and chooses not to provide a public response",
    "company": "SYNCHRONY FINANCIAL",
    "state": "OH",
    "zipcode": "None",
    "tags": "Older American, Servicemember",
    "consumer_consent_provided": "Consent provided",
    "submitted_via": "Web",
    "date_sent_to_company": "12/27/18",
    "company_response_to_consumer": "Closed with explanation",
    "timely_response": "Yes",
    "consumer_disputed": "N/A",
    "complaint_id": 3100583
}