{
    "date": "2018-12-14T00:00:00",
    "product": "Checking or savings account",
    "sub-product": "Checking account",
    "issue": "Opening an account",
    "sub-issue": "Didn't receive terms that were advertised",
    "text": "On XX/XX/18, I signed up for an account with Citibank for a {$400.00} bonus when I deposited {$15000.00} within 30 days and kept the amount for an extra 60 days. I did all of that yet have not received the bonus as of XX/XX/18. I contacted them three times, opened a case on XX/XX/XXXX yet have received no form of communication regarding its status, despite being told it would take 14 business days. I then called XX/XX/18 and their customer service rep said that no supervisors were available, put me on hold for 26 minutes combined, and was then told that no one could help me. This is unacceptable and I deserve the bonus to which I signed up for and met all the terms and conditions.",
    "company_public_response": "Company has responded to the consumer and the CFPB and chooses not to provide a public response",
    "company": "CITIBANK, N.A.",
    "state": "NY",
    "zipcode": "None",
    "tags": "None",
    "consumer_consent_provided": "Consent provided",
    "submitted_via": "Web",
    "date_sent_to_company": "12/14/18",
    "company_response_to_consumer": "Closed with explanation",
    "timely_response": "Yes",
    "consumer_disputed": "N/A",
    "complaint_id": 3100423
}