{
    "date": "2018-12-13T00:00:00",
    "product": "Mortgage",
    "sub-product": "Conventional home mortgage",
    "issue": "Trouble during payment process",
    "sub-issue": "None",
    "text": "DiTech had setup an escrow account without my consent or knowledge. They claim that there was a gap in my insurance coverage. Apparently according to them my insurance company renewed my policy at a lower coverage then was currently being covered. At the same time I had secured insurance coverage from another company ( more for less ), which was no problem but Ditech claims that I owed them for a month or two and instead of letting me pay the gap, they started an escrow in which they deposited my timely payments and deducted the gap amount, then reported my payment late. I had auto payment set up with my bank and they assure me that all payments were sent on time and statements support that. I finally got in contact with someone last month, that explained the situation to me, as I only found out about it by checking my credit report and saw the late payment notices. I immediately paid the amount owed, even though it seems unusual to me that an insurance company would renew a policy for less. Not worth my time to argue over a {$100.00}, I just paid it and asked that they remove my late payment marks on my credit because I never made a late payment. They have refused to rectify the situation and my credit is being unfairly damaged as a result of it.",
    "company_public_response": "Company believes the complaint is the result of a misunderstanding",
    "company": "Ditech Financial LLC",
    "state": "CA",
    "zipcode": "908XX",
    "tags": "None",
    "consumer_consent_provided": "Consent provided",
    "submitted_via": "Web",
    "date_sent_to_company": "12/13/18",
    "company_response_to_consumer": "Closed with explanation",
    "timely_response": "Yes",
    "consumer_disputed": "N/A",
    "complaint_id": 3099952
}