{
    "date": "2018-12-13T00:00:00",
    "product": "Mortgage",
    "sub-product": "Conventional home mortgage",
    "issue": "Trouble during payment process",
    "sub-issue": "None",
    "text": "My existing mortgage companies escrow department was asked by my new lender for a pay off statement, they then froze my account without telling me which allowed my taxes to become delinquent, I was then fined {$170.00} by XXXX XXXX. \nFrom what Ive been told by people in the industry this is illegal and that they have an obligation to pay the taxes that they have collected from me right up till money is transferred.",
    "company_public_response": "Company has responded to the consumer and the CFPB and chooses not to provide a public response",
    "company": "FLAGSTAR BANK, FSB",
    "state": "WA",
    "zipcode": "None",
    "tags": "None",
    "consumer_consent_provided": "Consent provided",
    "submitted_via": "Web",
    "date_sent_to_company": "12/13/18",
    "company_response_to_consumer": "Closed with explanation",
    "timely_response": "Yes",
    "consumer_disputed": "N/A",
    "complaint_id": 3099083
}