{
    "date": "2018-12-13T00:00:00",
    "product": "Mortgage",
    "sub-product": "Conventional home mortgage",
    "issue": "Trouble during payment process",
    "sub-issue": "None",
    "text": "On or about XX/XX/2018, the servicing of my mortgage was transferred from XXXX XXXX  to MLD Mortgage. I was notified of the transfer and advised that any payments made by me to XXXX XXXX  in the first 60 days after the transfer would be posted to my account as though they were made to MLD Mortgage on the Date by XXXX XXXX. I made payments of {$420.00} to XXXX XXXX through my credit union bill pay service on XX/XX/2018 and XX/XX/2018. Only one of these payments has been posted to my account, and not on the Date by XXXX XXXX, but on the Date by MLD Mortgage. Since early- to mid-XXXX I have been trying to work with MLD Mortgage ( XXXX ) to get my payments properly posted to my account and the interest on my loan correctly calculated based on the payment dates to XXXX XXXX. I have spent over 100 minutes on the phone with MLD Mortgage/XXXX and XXXX XXXX to try to get this {$420.00} payment correctly posted and credited to my account. I also spent an equivalent amount of time talking with my credit union and researching records to provide dates, amounts, and proof of payments. I have sent four different forms of proof of payment to MLD Mortgage/XXXX and yet they have failed to contact XXXX XXXX to find out where my payments are. Rather than try to solve this problem MLD Mortgage has put the burden of finding these payments on me. I recently received from XXXX XXXX proof of receipt by MLD Mortgage of the check from the XX/XX/XXXX payment, yet MLD/XXXX did not make effort to track this down prior to my providing that proof, and I still have no clear indication that they tracked this down. In addition, though I have made all of the required payments on my loan during this period and discussed the servicers error in not crediting my account, until last XX/XX/2018, I received at least two calls per day from MLD Mortgage saying that they were trying collect a debt. These calls were never by live people whom I might talk to and explain that MLD has not properly credited my account, but were robo calls requiring that I call back and be placed on hold. I also received a letter indicating that my loan was subject to foreclosure if I did not make the required payments immediately. I would like to get this corrected and would like my loan servicer to take responsibility for doing this.",
    "company_public_response": "Company believes complaint caused principally by actions of third party outside the control or direction of the company",
    "company": "MLD MORTGAGE INC",
    "state": "CA",
    "zipcode": "913XX",
    "tags": "None",
    "consumer_consent_provided": "Consent provided",
    "submitted_via": "Web",
    "date_sent_to_company": "12/13/18",
    "company_response_to_consumer": "Closed with explanation",
    "timely_response": "Yes",
    "consumer_disputed": "N/A",
    "complaint_id": 3099080
}