{
    "date": "2018-12-12T00:00:00",
    "product": "Credit card or prepaid card",
    "sub-product": "General-purpose credit card or charge card",
    "issue": "Problem with a purchase shown on your statement",
    "sub-issue": "Card was charged for something you did not purchase with the card",
    "text": "THIS IS NOT A DUPLICATE COMPLAINT This is a follow up to complaint XXXX Wells Fargo responded to my initial complaint but it did not address my main concern. A balance transfer was completed without my permission, without me requesting it and they are claiming that when I requested a balance increase that I did and that is incorrect. \n\nI replied to the their response with this : Hi, Wells Fargo response has incorrect information. When I requested a credit limit increase to {$13000.00}, I never asked for the balance transfer to be automatically done. I never gave the representative information on my XXXX or XXXX account for Wells Fargo to one, know the balances ; two, know my account numbers ; three, know which companies I had credit cards with. I understand that balances and company names are available on my credit report but where did you get my account numbers? Why was there a balance transfer that I never requested? \n\nMY ISSUE IS NOT RESOLVED. THEY ARE DENYING XXXX  OUT MY BALANCE. I want them to be held responsible for continuing to do things for customer that their customer did not request. They continue to do this and have recently gotten out of a huge scandal but they are not stopping.",
    "company_public_response": "Company has responded to the consumer and the CFPB and chooses not to provide a public response",
    "company": "WELLS FARGO & COMPANY",
    "state": "CA",
    "zipcode": "92870",
    "tags": "None",
    "consumer_consent_provided": "Consent provided",
    "submitted_via": "Web",
    "date_sent_to_company": "12/12/18",
    "company_response_to_consumer": "Closed with explanation",
    "timely_response": "Yes",
    "consumer_disputed": "N/A",
    "complaint_id": 3098914
}