{
    "date": "2018-12-12T00:00:00",
    "product": "Checking or savings account",
    "sub-product": "Checking account",
    "issue": "Opening an account",
    "sub-issue": "Didn't receive terms that were advertised",
    "text": "XX/XX/2018 I open a check account with Citibank over the phone and was given a promotion over the phone which I still have a hand writen note make debt purchase of {$370.00} or more within 60 days and make 1 or 2 bill pay within 60 days ( no minimum amount ) wait 90 days after the 60 days period get XXXX XXXX XXXX XXXX So I opened the account and did the purchase and bill pays and during the time of promotion of 60 days I have made two phone calls to check weather I will get the miles they all said I am good I just have to wait 90 days but the miles never came so XX/XX/2018 I filed a dispute with bank confirmation # XXXX and I got a letter back from them and my promotion was denied",
    "company_public_response": "Company has responded to the consumer and the CFPB and chooses not to provide a public response",
    "company": "CITIBANK, N.A.",
    "state": "CA",
    "zipcode": "958XX",
    "tags": "None",
    "consumer_consent_provided": "Consent provided",
    "submitted_via": "Web",
    "date_sent_to_company": "12/12/18",
    "company_response_to_consumer": "Closed with non-monetary relief",
    "timely_response": "Yes",
    "consumer_disputed": "N/A",
    "complaint_id": 3098447
}