{
    "date": "2018-12-12T00:00:00",
    "product": "Mortgage",
    "sub-product": "Conventional home mortgage",
    "issue": "Struggling to pay mortgage",
    "sub-issue": "None",
    "text": "URGENT VIOLATION OF THE CALIFORNIA HOME OWNER BILL OF RIGHTS WITH A PENDING FORECLOSURE SALE DATE OF XX/XX/XXXX, FAST APPROACHING THAT MUST BE STOPPED. XXXX XXXX among others at Bank of America have been assisting in putting together a compete package to finish a loan modification. There were only two things that were left to complete the file per XXXX XXXX request 1 ).  XX/XX/2017  tax return 2 ). Current quarterly profit and loss. As of XX/XX/XXXX XXXX XXXX, the final two documents were received by Bank of America 's  borrower portal system, with verbal confirmation from live agents. I left a message and sent an email to XXXX asking for an update and have not heard back. Today, I spoke to XXXX and he says that \" YES '' All financial documents were received and are being reviewed by underwriting. XXXX said that the Bank would NOT request the FORECLOSURE SALE be stoped until Underwriting made a decision on the documents, however he did not know when that would be. XXXX is specific about not DUAL TRACKING a foreclosure sale and a complete loan modification package, THIS IS BEING VIOLATED. PLEASE forward this request to THE EXECUTIVE TEAM AT BANK OF AMERICA and request they order TRUSTEE CORPS to stop the sale NOW! ALL documents are being reviewed by UNDERWRITING and they need time to decide. URGENT!!!! THANK YOU",
    "company_public_response": "Company has responded to the consumer and the CFPB and chooses not to provide a public response",
    "company": "BANK OF AMERICA, NATIONAL ASSOCIATION",
    "state": "CA",
    "zipcode": "None",
    "tags": "None",
    "consumer_consent_provided": "Consent provided",
    "submitted_via": "Web",
    "date_sent_to_company": "12/13/18",
    "company_response_to_consumer": "Closed with non-monetary relief",
    "timely_response": "Yes",
    "consumer_disputed": "N/A",
    "complaint_id": 3098928
}