{
    "date": "2018-12-19T00:00:00",
    "product": "Mortgage",
    "sub-product": "Conventional home mortgage",
    "issue": "Trouble during payment process",
    "sub-issue": "None",
    "text": "Via a letter dated, XX/XX/2018, Wells Fargo Home Mortgage accused me of a prohibited title transfer of my residential property at XXXX XXXX XXXX XXXX, XXXX, XXXX ( Lot # XXXX as specified in Schedule A of Open-End Mortgage Deed ) and threatening mortgage note acceleration and foreclosure. \n\nOn XX/XX/2018, I provided to WFHM, XXXX XXXX XXXX, XXXX land and tax records certifying that title to XXXX XXXX XXXX XXXX , XXXX, Ct-Lot # XXXX had not been transferred. Further, in conversations with XXXX XXXX, Executive Resolution Specialist ( XXXX ext XXXX ), I requested a complete explanation of the errors identified in WFHM policies and procedures which resulted in the threatened foreclosure of my residential property. At this date, WFHM has acknowledged that a prohibited title transfer for Lot # XXXX has not taken place but has not provided any explanations for its errors or outlined steps to prevent future occurrences. \n\nCopies of all documents provided to WFHM can be provided.",
    "company_public_response": "Company has responded to the consumer and the CFPB and chooses not to provide a public response",
    "company": "WELLS FARGO & COMPANY",
    "state": "CT",
    "zipcode": "None",
    "tags": "Older American",
    "consumer_consent_provided": "Consent provided",
    "submitted_via": "Web",
    "date_sent_to_company": "12/19/18",
    "company_response_to_consumer": "Closed with explanation",
    "timely_response": "Yes",
    "consumer_disputed": "N/A",
    "complaint_id": 3105013
}