{
    "date": "2018-12-12T00:00:00",
    "product": "Mortgage",
    "sub-product": "Conventional home mortgage",
    "issue": "Struggling to pay mortgage",
    "sub-issue": "None",
    "text": "Received in the mail Trial Modification Plan from Select Port Folio and the 1st payment is due XX/XX/XXXX. Also received a property foreclosure sale letter form Select Port Folio stating there is a property foreclosure sale set for XX/XX/XXXX for my home. \nI just received the modification papers and I'm concerned my house will be sold even though I've received the modification documents with a mortgage payment.",
    "company_public_response": "Company believes it acted appropriately as authorized by contract or law",
    "company": "SELECT PORTFOLIO SERVICING, INC.",
    "state": "TN",
    "zipcode": "None",
    "tags": "None",
    "consumer_consent_provided": "Consent provided",
    "submitted_via": "Web",
    "date_sent_to_company": "12/12/18",
    "company_response_to_consumer": "Closed with explanation",
    "timely_response": "Yes",
    "consumer_disputed": "N/A",
    "complaint_id": 3098684
}