{
    "date": "2018-12-12T00:00:00",
    "product": "Checking or savings account",
    "sub-product": "Checking account",
    "issue": "Managing an account",
    "sub-issue": "Fee problem",
    "text": "Bank did not properly disclose an excessive fees charged when a balance dropped below {$50000.00}. At the time of account opening, I was having issues because I was not receiving documents as promised. I called the bank on at least 7 occasions. I never received a signature card, they enrolled me in paperless statements without authorization, I was unable to create an online account ( they assisted and got it done ) etc. In XXXX, the bank started charging me a {$30.00} fee. I did not notice it right away- I do not recall receiving the statements however I was recovering from a major illness. In XXXX, I called several times about the charges and requested the terms and conditions and the proof of my authorization for these ridiculous charges. Why would I pay {$30.00} for a checking with over {$25000.00} balance when there are free checking accounts everywhere? I asked they send me the consent from account opening. When I did not receive it several weeks later, I called again this morning. I was on the phone almost an hour. I was told the information is \" proprietary '' on three occasions ( ridiculous use of that word! ). I was directed to new accounts who could not verify my consent then I was set up with a personal banker who would not allow me to speak and just kept interrupting me. She finally confirmed- and repeated it several times at my insistence, they do not have the consent. She said she can walk me through a similar account opening- I again, asked for MY consent as it should be required in record retention. The manager and woman I spoke to were just so unaware of any regulatory requirements for retention of account opening records or records of disclosure. The customer service people here simply do not care about consumers rights.",
    "company_public_response": "Company has responded to the consumer and the CFPB and chooses not to provide a public response",
    "company": "CITIBANK, N.A.",
    "state": "IL",
    "zipcode": "None",
    "tags": "None",
    "consumer_consent_provided": "Consent provided",
    "submitted_via": "Web",
    "date_sent_to_company": "12/12/18",
    "company_response_to_consumer": "Closed with explanation",
    "timely_response": "Yes",
    "consumer_disputed": "N/A",
    "complaint_id": 3098308
}