{
    "date": "2018-12-11T00:00:00",
    "product": "Student loan",
    "sub-product": "Federal student loan servicing",
    "issue": "Struggling to repay your loan",
    "sub-issue": "Can't get other flexible options for repaying your loan",
    "text": "First, upon graduation for myself and my daughter ( for which I was paying on both student loan payments ) Sallie Mae advised that both of us would to gift back on a portion of the student loans, for which they never came through ( a reduction ). When it was brought to Sallie Mae/Navient 's attention they refused to honor the prior offered gift letter. I graduated in 2007. \n\nThen multiple time I was force into placing the loan 's into forbearance due to not working in the field I studied in and not having the money to pay the loan payments. Which caused interest rate to increase. At no time, was I offered any lower interest rates or other solutions. I gave up dealing with the loan agency after years of begging and pleading for help. \n\nI attempted to sign up for the county and state forgiveness programs, but due to being a signal mother/grandmother and having to work two and three jobs to support my family, I made a little to much money to qualify for the program ( s ). I raised my children and co-parented my handicapped grandchildren through these hard times.I am still not working in my field and still having a hard time paying for my and my daughters student loans. When I attempted to call to make arrangements or find a solution, I felt forced and cornered with no other option but to pay what was required to save my credit and good standing. \n\nI truly regret going to college and insisting that my children attend college due to the bills. I am close to XXXX years old and will be paying these loans until I am in my 70s, with no retirement or savings.",
    "company_public_response": "None",
    "company": "Navient Solutions, LLC.",
    "state": "None",
    "zipcode": "None",
    "tags": "Servicemember",
    "consumer_consent_provided": "Consent provided",
    "submitted_via": "Web",
    "date_sent_to_company": "12/11/18",
    "company_response_to_consumer": "Closed with explanation",
    "timely_response": "Yes",
    "consumer_disputed": "N/A",
    "complaint_id": 3097301
}