{
    "date": "2018-12-11T00:00:00",
    "product": "Vehicle loan or lease",
    "sub-product": "Loan",
    "issue": "Managing the loan or lease",
    "sub-issue": "Problem with fees charged",
    "text": "XX/XX/2017 I purchased XX/XX/XXXX XXXX XXXX from XXXX XXXX through ally Bank with a XXXX   down payment, but instead I was sold a Lemon for XXXX for a XXXX  mile vehicle with all kind of problems from the flood lights dont come on, tires, brakes wind sheild wipers, car smells like oil is leaking in which it was, tail pipe rusted been under water before, smells molded and smelly when you turn Heat or Air on and also paid XXXX for over a year and half of the payment was interest and I had been spending on this vehicle since I had it they told me when I took it for maintenance they found other issues and I also told the manager of the dealership about these problems and also contacted the XXXX and they still didnt correct all of these problems I am mentioning so I got sick back in XXXX  and had to Bankrup, but the Co-debtor still paid the note and the car was taken to the shop again and they said it was other issues again with the car and we were sold a Lemon. so on today a Man from a Repo company came out to pick the car up in which I have not been driving, because of danger issues and recalls and the man was very nice and rung the doorbell in which we been home everyday due to my major medical issues and he told me that Alley Bank told him we were violent and he said to us we were nothing like they described and we have been here everyday, I don't dodge people and he saw that we were voluntarily giving him the keys for something not able to drive anyway, but I feel we were sold a lemon with half of the car note was interest that the making off of us, for a Lemon that they knew they had issues with for XXXX. Also contacted the FTC.",
    "company_public_response": "Company has responded to the consumer and the CFPB and chooses not to provide a public response",
    "company": "ALLY FINANCIAL INC.",
    "state": "AL",
    "zipcode": "None",
    "tags": "None",
    "consumer_consent_provided": "Consent provided",
    "submitted_via": "Web",
    "date_sent_to_company": "12/11/18",
    "company_response_to_consumer": "Closed with explanation",
    "timely_response": "Yes",
    "consumer_disputed": "N/A",
    "complaint_id": 3097570
}