{
    "date": "2018-12-11T00:00:00",
    "product": "Mortgage",
    "sub-product": "Conventional home mortgage",
    "issue": "Trouble during payment process",
    "sub-issue": "None",
    "text": "On XX/XX/2013, I filed for Bankruptcy Chapter XXXX to avoid foreclosure on my home. I had fallen behind on my mortgage payments due to a serious illness which had prevented me from working. I have been making monthly payments to my mortgage company for the last 5 years as well as monthly payments to the court appointed trustee, and according to my records, I have completed all payments to the trustee. As my bankruptcy attorney was completing \" Final Cure Payment '' paperwork, my mortgage company claims that my postpetition payments are not current and I owe them an amount of {$10000.00}. I feel that my rights are being violated in accordance with the bankruptcy laws. I feel my mortgage company is in error. I have \" Mortgage Account Statements '' from them that I have used to make my monthly payments to them on a timely basis. Their error causes a problem with my bankruptcy discharge and my home is in jeopardy.",
    "company_public_response": "None",
    "company": "OCWEN LOAN SERVICING LLC",
    "state": "VA",
    "zipcode": "221XX",
    "tags": "None",
    "consumer_consent_provided": "Consent provided",
    "submitted_via": "Web",
    "date_sent_to_company": "12/11/18",
    "company_response_to_consumer": "Closed with explanation",
    "timely_response": "Yes",
    "consumer_disputed": "N/A",
    "complaint_id": 3097588
}