{
    "date": "2018-12-19T00:00:00",
    "product": "Mortgage",
    "sub-product": "FHA mortgage",
    "issue": "Trouble during payment process",
    "sub-issue": "None",
    "text": "Wells Fargo Bank Home Mortgage has been over-charging me in property taxes because their employees are inept. They have yet to go to the County Tax Office for the correct amount of taxes due. This has been an on-going problem with Wells Fargo Bank Home Mortgages for many years now. A Wells Fargo Bank employee gave out my mortgage loan account # to known mortgage fraud criminals, who were charged and convicted of this crime. Yet, Wells Fargo Bank, Home Mortgage claims they have no knowledge of this  criminal activity. Wells Fargo Bank always denies everything until they are fined and forced to give back the money owed to the customers. Wells Fargo Bank employees work with Drug Cartels to launder money. Wells Fargo Bank employees work with Mortgage Fraud criminals, as they did in XXXX, TX with my account. Wells Fargo Bank hired those individuals who lost their positions on the Banks that were allowed to go under in XXXX. I have been having problems with Wells Fargo Bank ever since this time. Wells Fargo Bank on-line site was hacked and 2 payments were stolen from this site in XXXX and again in XXXX. Wells Fargo Bank, Home Mortgage  misapplied 2 of my payments in XXXX. My loan has been paid in full. Yet Wells Fargo Bank continues to add service fees in the amount of $ XXXX a month on a loan that has been paid in full. Wells Fargo Bank, Home Mortgage  still is missing all payments made in XXXX. Wells Fargo Bank, Home Mortgage does not have an accurate account history and is falsifying my mortgage account, just to try an line their own personal pockets.",
    "company_public_response": "Company has responded to the consumer and the CFPB and chooses not to provide a public response",
    "company": "WELLS FARGO & COMPANY",
    "state": "TX",
    "zipcode": "75081",
    "tags": "None",
    "consumer_consent_provided": "Consent provided",
    "submitted_via": "Web",
    "date_sent_to_company": "12/19/18",
    "company_response_to_consumer": "Closed with explanation",
    "timely_response": "Yes",
    "consumer_disputed": "N/A",
    "complaint_id": 3104576
}