{
    "date": "2018-12-11T00:00:00",
    "product": "Credit card or prepaid card",
    "sub-product": "General-purpose credit card or charge card",
    "issue": "Other features, terms, or problems",
    "sub-issue": "Other problem",
    "text": "On XX/XX/2018, my account at Synchrony Bank was taken over by someone calling Synchrony Bank Customer Service by telephone. Because the telephone number the person called from did not match the number of record, the person was challenged to give my mother 's maiden name for identification. After the person gave the correct response, Synchrony Bank Customer Service allowed the person to change my mailing address and my mother 's maiden name. The person then proceeded to charge {$8600.00} in fraudulent charges at a California music store. \n\nOn XX/XX/2018, I received a fraud alert from Synchrony Bank. When I called the Synchrony Bank Fraud Department, my identity could not be verified because I was told my mother 's maiden name was incorrect. As a result, it took several days for Synchrony to recognize me as the victim of fraud and take action.\n\nUltimately all issues regarding the account takeover and fraudulent charges were resolved except one : the use of my mother 's maiden name for account security. I alerted Synchrony to the fact that it is relatively easy to find someone's mother 's maiden name in this age of online ancestral records and that the exact same thing can happen again as long as Synchrony solely uses mother 's maiden name for identication.",
    "company_public_response": "Company has responded to the consumer and the CFPB and chooses not to provide a public response",
    "company": "SYNCHRONY FINANCIAL",
    "state": "AZ",
    "zipcode": "852XX",
    "tags": "Servicemember",
    "consumer_consent_provided": "Consent provided",
    "submitted_via": "Web",
    "date_sent_to_company": "12/11/18",
    "company_response_to_consumer": "Closed with explanation",
    "timely_response": "Yes",
    "consumer_disputed": "N/A",
    "complaint_id": 3097542
}