{
    "date": "2018-12-11T00:00:00",
    "product": "Credit card or prepaid card",
    "sub-product": "General-purpose credit card or charge card",
    "issue": "Fees or interest",
    "sub-issue": "Problem with fees",
    "text": "I have been with American Express for more than 10 years and I have had a few or maybe no late fee and interest charge on my card. I an attempt to upgrade my gold card, I was offered to apply for a new platinum Delta Skymile card. Since I had an autopay on the gold card, I thought it will be automatically applied for the new platinum. On XX/XX/XXXX, I saw that there is a {$27.00} charge on my card as a fee for late payment. I immediately called and asked for a courtesy reimbursement which was done, then I realized that there is an interest fee that Amex also applied to my account : {$480.00} ; I called Amex and a lady answer my phone, she told me that they would reverse the fee to my account if I pay the amount due, which I did immediately with her on the phone. She told me that the payment will take effect between 24-48hrs and I should just call after than to get the money back ( she made a note of it ). Today I called to ask for the reimbursement, but this time the customer representative and the supervisor ( XXXX ) I spoke with where no help and drove me to a point where I would like to cancel my card.\n\nThey where not understanding and kept interrupting me and going in their own loop. In the end, I hung up frustrated and annoyed. I am using this card a lot for my travelling and others, unfortunately I have to cancel this card, my wife 's and my other blue Amex if no action is taken. I will also take legal actions against Amex and XXXX, because this is unfair and limit taking customer money when you are supposed to be protecting customer 's interest",
    "company_public_response": "None",
    "company": "AMERICAN EXPRESS COMPANY",
    "state": "NY",
    "zipcode": "107XX",
    "tags": "None",
    "consumer_consent_provided": "Consent provided",
    "submitted_via": "Web",
    "date_sent_to_company": "12/11/18",
    "company_response_to_consumer": "Closed with monetary relief",
    "timely_response": "Yes",
    "consumer_disputed": "N/A",
    "complaint_id": 3097432
}