{
    "date": "2018-12-11T00:00:00",
    "product": "Mortgage",
    "sub-product": "FHA mortgage",
    "issue": "Struggling to pay mortgage",
    "sub-issue": "None",
    "text": "I have been trying to get answers from this company for a long time. I wanted an audit on my account they refuse to do it. I had to start my own spreadsheet which is about 20 pages long to find out some of the problems which they have never ever completely resolved. The one I am writing about now is critical as it relates to my payment on my mortgage that was modified. I was sent to escrow statement of a shortage in XX/XX/2018. I had already been trying to get other issues related to escrow resolved that have still never been resolved for two years. This particular escrow statement has three pages. On the first page it discusses my current escrow balance is {$310.00} and it says to keep up with the expense of my insurance and taxes it Hass to go up to {$340.00}. The difference is around {$31.00} per month however on the first page, they want to charge me {$31.00} per month over 60 months that comes to a figure of {$1800.00} and the original escrow amount is only {$530.00}. On the second page of the statement it has the correct figures over 60 months being only {$8.00} per month. They have not corrected it they have build me {$31.00} per month for the last going on for statements and refuse to correct it. I want this corrected but they drag me on and on I have spoken to so many people in email format on the phone and in voicemails heres a list I spoke to XXXX XXXX in their executive office multiple times XX/XX/XXXX I spoke to XXXX XXXX a personal banker in a local office or emailed him XX/XX/XXXX XX/XX/XXXX XX/XX/XXXX XX/XX/XXXX XX/XX/XXXX XX/XX/XXXX XX/XX/XXXX. I was able to get a hold of an executive in the XXXX XXXX office I emailed her XXXX XXXX Several times XX/XX/XXXX, XX/XX/XXXX XX/XX/XXXX. I also contacted supervisor in the Mediation department XXXX XXXX I included her in several of the emails I sent to XXXX. I spoke with XXXX XXXX on XX/XX/XXXX. I talked with XXXX on XX/XX/XXXX she was going to give XXXX XXXX a message. I received a letter dated XX/XX/XXXX from XXXX XXXX not resolving the problem glossing over it. I started working with another representative XXXX XXXX, I have talk to her last Friday. Ive left her a voice message on XX/XX/XXXX XX/XX/XXXX and I called and spoke to a XXXX today on XX/XX/XXXX I spoke to a XXXX on XX/XX/XXXX and I spoke to a supervisor by the name of XXXX on XX/XX/XXXX. This is only one of the problems I am dealing with they have been skimming from my account for years with the PMI required insurance on an FHA. They would take it out of my escrow and take it out of my payments. This particular problem is easy to fix but nobody seems to want to fix it they would rather foreclose on my home.",
    "company_public_response": "Company has responded to the consumer and the CFPB and chooses not to provide a public response",
    "company": "WELLS FARGO & COMPANY",
    "state": "OR",
    "zipcode": "972XX",
    "tags": "None",
    "consumer_consent_provided": "Consent provided",
    "submitted_via": "Web",
    "date_sent_to_company": "12/11/18",
    "company_response_to_consumer": "Closed with explanation",
    "timely_response": "Yes",
    "consumer_disputed": "N/A",
    "complaint_id": 3097200
}