{
    "date": "2018-12-11T00:00:00",
    "product": "Mortgage",
    "sub-product": "Conventional home mortgage",
    "issue": "Trouble during payment process",
    "sub-issue": "None",
    "text": "The escrow calculation at Nationstar/Mr. Cooper is flawed. Their analysis takes place in late XXXX ( XX/XX/XXXX in my case ) where they look back at any payments from XX/XX/XXXX to XX/XX/XXXX. That analysis doesn't account for payments made after the analysis ( i.e. payments made for XXXX ). The balance forward analysis, used to calculate any projected escrow shortfall, utilizes the ending balance from the XXXX to XXXX analysis, which starts with the XX/XX/XXXX payment. This again doesn't account for XXXX payments made in after their XX/XX/XXXX analysis date. In order for their analysis to include a XXXX payment the borrower would have to make that payment 30-45 days in advance. \n\nIn short their analysis forces borrowers into an escrow shortfall situation by not accounting for late XXXX payments.",
    "company_public_response": "None",
    "company": "NATIONSTAR MORTGAGE",
    "state": "IL",
    "zipcode": "606XX",
    "tags": "None",
    "consumer_consent_provided": "Consent provided",
    "submitted_via": "Web",
    "date_sent_to_company": "12/11/18",
    "company_response_to_consumer": "Closed with explanation",
    "timely_response": "Yes",
    "consumer_disputed": "N/A",
    "complaint_id": 3097623
}