{
    "date": "2018-12-11T00:00:00",
    "product": "Student loan",
    "sub-product": "Federal student loan servicing",
    "issue": "Dealing with your lender or servicer",
    "sub-issue": "Need information about your loan balance or loan terms",
    "text": "XXXX XXXX refuses to tell me how they are coming up with my loan forgiveness date. They always say they will get back to me. I have tried calling, letters, and a prior complaint to CFPB in which they responded on XX/XX/17 saying that they would get to me. This is over a XXXX later and they still have not gotten back to me!",
    "company_public_response": "None",
    "company": "AES/PHEAA",
    "state": "CA",
    "zipcode": "922XX",
    "tags": "None",
    "consumer_consent_provided": "Consent provided",
    "submitted_via": "Web",
    "date_sent_to_company": "12/11/18",
    "company_response_to_consumer": "Closed with explanation",
    "timely_response": "Yes",
    "consumer_disputed": "N/A",
    "complaint_id": 3097545
}