{
    "date": "2018-12-11T00:00:00",
    "product": "Student loan",
    "sub-product": "Federal student loan servicing",
    "issue": "Struggling to repay your loan",
    "sub-issue": "Can't get other flexible options for repaying your loan",
    "text": "Consolidated my loans, ALL of them but they excluded one which they claim was not included but have repeatedly ask them to review as I believe it was included. While I was current on my consolidated payments when these problems began, they continued to contact 3rd parties - did not verify who they were talking to.. one 3rd party said he was me and they discussed the loan in detail with that 3rd party who then forwarded that information to me.\n\nServed them with a Cease & Desist which is ON FILE on my account. As soon as they received it, my Account rep started calling me and leaving me voice mails saying they didn't receive any letter from me, but I had not contacted them period or communicated that to them in any other fashion.\n\nThey continue to contact 3rd parties, harass. \nhere is the verbiage of the letter that I have sent them : XXXX XXXX XXXX XXXX XXXX XXXX XXXX XXXX, TN. XXXX Navient XXXX XXXX   XXXX XXXX, PA XXXX XX/XX/XXXX CEASE & DESIST Under my federally protected rights that include the Consumer Financial Protection Act of XXXX ( CFPA ), 12 U.S.C. 5531, 5536 ( a ), 5564, 5565 ; the Fair Credit Reporting Act ( FCRA ), 15 U.S.C. 1681 et seq., and its implementing regulation, Regulation V, 12 C.F.R. part 1022 ; and the Fair Debt Collection Practices Act ( FDCPA ), 15 U.S.C. 1692, in addition to my rights under the Telephone Consumer Protection Act 47 U.S.C. 227.\n\nI hereby officially notify your agency to CEASE & DESIST with ALL CALLS to ANY AND ALL PARTIES not specifically authorized by me in writing and may only utilize my email, account inbox and/or US MAIL to communicate any concern in writing.\n\nYou may REASONABLY communicate with me in WRITING only! \nI am aware of the numerous CLASS ACTIONS against your organization I will be joining those actions, or filing my own action and/or complaints with appropriate agencies. \nThis will additionally show yet another attempt at mitigating the damages for the above cited concerns. \nSincerely, XXXX XXXX XXXX",
    "company_public_response": "None",
    "company": "Navient Solutions, LLC.",
    "state": "TN",
    "zipcode": "None",
    "tags": "None",
    "consumer_consent_provided": "Consent provided",
    "submitted_via": "Web",
    "date_sent_to_company": "12/11/18",
    "company_response_to_consumer": "Closed with explanation",
    "timely_response": "Yes",
    "consumer_disputed": "N/A",
    "complaint_id": 3097268
}