{
    "date": "2018-12-11T00:00:00",
    "product": "Checking or savings account",
    "sub-product": "Checking account",
    "issue": "Managing an account",
    "sub-issue": "Funds not handled or disbursed as instructed",
    "text": "I monitor my close closey everyday. Ive set up alerts on my account to notify me each time a transaction has been posted, debited, withdrawn & or credited my account. I submitted a claim for unauthorized charges on my account & called my bank to cancel the card. As of XX/XX/2018 they have charged me NSF in the amount of {$110.00} incorrectly. I called to file a complaint the representative could not explain if the transactions were accurate in which they were not. twice they have also returned checks when I had over 4K in my checking account. This is theft & needs to be investigated. The integrity of this bank is questionable as well. When I call after authenticating myself they still ask me for my full social security number, my driver license number, & DOB, & the security code on the back of my debit card. I do not trust this process & make me afraid I will become a victim of ID THEFT",
    "company_public_response": "None",
    "company": "BBVA COMPASS FINANCIAL CORPORATION",
    "state": "TX",
    "zipcode": "774XX",
    "tags": "None",
    "consumer_consent_provided": "Consent provided",
    "submitted_via": "Web",
    "date_sent_to_company": "12/11/18",
    "company_response_to_consumer": "Closed with monetary relief",
    "timely_response": "Yes",
    "consumer_disputed": "N/A",
    "complaint_id": 3097287
}