{
    "date": "2018-12-10T00:00:00",
    "product": "Mortgage",
    "sub-product": "Conventional home mortgage",
    "issue": "Struggling to pay mortgage",
    "sub-issue": "None",
    "text": "I XXXX XXXX submitted a request to modify my mortgage in XX/XX/XXXX. I have been going through a serious medical issue where I lost my ability to XXXX XXXX XXXX. However, US Bank sent a nice letter responding to the CFPB complaint on XX/XX/XXXX, whereas I was sent by email a modification package. That modification package was submitted within 10-weeks, which is well within the timeline mandated by the revised Fair Debt Collection Practices Act amended version of XX/XX/XXXX. Suddenly, I was served with a foreclosure notice, even though US Bank was well aware of my condition, and they were finally given a full modification package on XX/XX/XXXX. I am still gainfully employed and working through my XXXX  XXXX. I can not afford to hire an attorney to defend this foreclosure. In my opinion this is a RESPA as well as a FDCPA violation that I will take to the Federal Deposit Insurance Corporation if necessary. I need an immediate notice from the offices of US Bank as well as the foreclosing lawyers that this action has ceased immediately. The attached documentation speaks for itself, proving that I have followed the proper procedures on my modification processing.",
    "company_public_response": "Company has responded to the consumer and the CFPB and chooses not to provide a public response",
    "company": "U.S. BANCORP",
    "state": "FL",
    "zipcode": "346XX",
    "tags": "None",
    "consumer_consent_provided": "Consent provided",
    "submitted_via": "Web",
    "date_sent_to_company": "12/11/18",
    "company_response_to_consumer": "Closed with explanation",
    "timely_response": "Yes",
    "consumer_disputed": "N/A",
    "complaint_id": 3097078
}