{
    "date": "2018-12-10T00:00:00",
    "product": "Vehicle loan or lease",
    "sub-product": "Loan",
    "issue": "Managing the loan or lease",
    "sub-issue": "Billing problem",
    "text": "ON THE LAST XXXX XXXX  PAYMENT OF OUR XX/XX/XXXX XXXX XXXX THE PAYMENT WAS OVER PAID. TOYOTA REIMBURSED THE OVER PAYMENT IN A TIMELY MANNER. THE PROBLEM IS, THAT ANOTHER XXXX PAYMENT WENT OUT AGAIN IN THE THE AMOUNT OF {$500.00} IN XXXX. TOYOTA HAS INFORMED US THAT WE HAVE ALREADY BEEN REIMBURSED FOR THE FINAL PAYMENT IN XXXX AND THE PAYMENT IN XXXX. WE HAVE BEEN IN CONTACT WITH SEVERAL SUPERVISERS WITH ANSWERS THAT MAKE NO SENSE. ONE OF THESE APOLOGIZED FOR THE PROBLEM AND TOLD US THE OVER PAYMENT WOULD BE SENT OUT AND WE WOULD HAVE A CHECK IN SIX TO SEVEN WORK DAYS. TOYOTA ASKED FOR DOCUMENTS FROM XXXX  THAT SHOWS XXXX  XXXX  DEPOSIT AND WE EMAILED IT TO THEM AS DIRECTED AND THEY SENT US AN EMAIL STATING THEY RECEIVED IT,",
    "company_public_response": "None",
    "company": "TOYOTA MOTOR CREDIT CORPORATION",
    "state": "CA",
    "zipcode": "917XX",
    "tags": "Older American",
    "consumer_consent_provided": "Consent provided",
    "submitted_via": "Web",
    "date_sent_to_company": "12/11/18",
    "company_response_to_consumer": "Closed with explanation",
    "timely_response": "Yes",
    "consumer_disputed": "N/A",
    "complaint_id": 3097080
}