{
    "date": "2018-12-10T00:00:00",
    "product": "Mortgage",
    "sub-product": "Conventional home mortgage",
    "issue": "Struggling to pay mortgage",
    "sub-issue": "None",
    "text": "I have had extreme difficulty with Chase Bank presenting a reasonable modification agreement for my mortgage, which had gone on for some time. I had a modification application entred in to Chase in XX/XX/2018. I had not received any updates or request for more information, but I have sent in updated pay stubs over the past months. Chase put my house up for sale and executed a sale on XX/XX/2018, but I have never received any communication directly to me about the status of my modification application. They did not call or send my any request for information or any indication of the modification decision, yet they went ahead with the sale. Also the property as sold for {$47000.00}, which indicates that they had room for a reasonable modification agreement even with principal reduction. I wish for this to be investigated as I have had this problem with Chase for some time, but time they did something different by not sending me any notification of my modification application status, and selling the property for {$47000.00} which seem to mean there was an opportunity for a modification .By not notifying me of the modification application status i had ot chance to respond or request a second review before the sale.. Kindly look into this matter as Chase has been very unreasonable throughout this loag lasting ordeal. Thank you in advance",
    "company_public_response": "None",
    "company": "JPMORGAN CHASE & CO.",
    "state": "IL",
    "zipcode": "604XX",
    "tags": "None",
    "consumer_consent_provided": "Consent provided",
    "submitted_via": "Web",
    "date_sent_to_company": "12/10/18",
    "company_response_to_consumer": "Closed with explanation",
    "timely_response": "Yes",
    "consumer_disputed": "N/A",
    "complaint_id": 3095628
}