{
    "date": "2018-12-10T00:00:00",
    "product": "Credit card or prepaid card",
    "sub-product": "General-purpose credit card or charge card",
    "issue": "Problem when making payments",
    "sub-issue": "You never received your bill or did not know a payment was due",
    "text": "XX/XX/2018 they said i missed a payment. I have not missed a payment in XX/XX/2018 till this time. I'm a XXXX XXXX and I'm in the process of buying my first house. But it wont allow me to because my credit score is to low. This is a good will letter, to clear all the late reports off my credit with this credit card. reporting to all 3 creditors.",
    "company_public_response": "Company has responded to the consumer and the CFPB and chooses not to provide a public response",
    "company": "REGIONS FINANCIAL CORPORATION",
    "state": "TN",
    "zipcode": "381XX",
    "tags": "None",
    "consumer_consent_provided": "Consent provided",
    "submitted_via": "Web",
    "date_sent_to_company": "12/10/18",
    "company_response_to_consumer": "Closed with explanation",
    "timely_response": "Yes",
    "consumer_disputed": "N/A",
    "complaint_id": 3095587
}