{
    "date": "2018-12-10T00:00:00",
    "product": "Credit card or prepaid card",
    "sub-product": "Store credit card",
    "issue": "Fees or interest",
    "sub-issue": "Unexpected increase in interest rate",
    "text": "On XX/XX/2018, I purchased my then to be Fianc a ring from Zales XXXX XXXX XXXX. XXXX XXXX XXXX ( credit card company for Zales ) only approved me for {$2000.00} and I had to pay the difference and lay away the rest of the money.\n\nI chose the ring and when it was time to pay, the credit card was swiped for {$2000.00} but strangely it took the whole payment of {$5400.00}. I was in the Zales store for 4 hours because of this mishap and the management team couldnt come up with a solution. So they told me that everything is ok and to sign for the payment and I would get a call within 3-5 business days for a  solution. Nothing was explained to me regarding a plan I am on or if I had a certain time frame to pay off the ring. I was told this had never happen and the whole payment being taken on a credit card is a first. I never got a call or email stating what is happening with my account until I made a call on XX/XX/2018. I was told my account is in good standing and they are aware of my situation, to keep making payments on time and not to worry about interest.\n\nOn XX/XX/2018, I received an email stating all the money I paid was taking away because interest was charge per agreement, in which I wasnt aware of any agreements.\n\nIn a years time, I paid almost {$1500.00} and made every payment on time.\n\nInterest charged was {$2200.00}!!! It was not charge per month like all other credit card companies do, it was charged from the whole year I started with them, which was false advertisement.\n\nI called Zales customer service management team and explained my situation letting them know I was not warned on any interest charges because of how the whole payment was charged on the credit card. They said I had to write a letter to the customer service team, in which I did and they denied my claim, did not contact me back and is expecting payment, which is NOT FAIR. Now my credit score drop significantly which hurt my chances of buying a house for my family.",
    "company_public_response": "None",
    "company": "Alliance Data Card Services",
    "state": "NC",
    "zipcode": "282XX",
    "tags": "None",
    "consumer_consent_provided": "Consent provided",
    "submitted_via": "Web",
    "date_sent_to_company": "12/10/18",
    "company_response_to_consumer": "Closed with explanation",
    "timely_response": "Yes",
    "consumer_disputed": "N/A",
    "complaint_id": 3096847
}