{
    "date": "2018-12-10T00:00:00",
    "product": "Credit card or prepaid card",
    "sub-product": "General-purpose credit card or charge card",
    "issue": "Problem with a purchase shown on your statement",
    "sub-issue": "Credit card company isn't resolving a dispute about a purchase on your statement",
    "text": "Credit Card Company : HSBC, U.S. \nTheir address : XXXX XXXX  XXXX, XXXX XXXX XXXX I've advised HSBC U.S. about a charge processed on my consumer credit card on XX/XX/18 in the amount of {$44.00}. This transaction, according to records, occurred on a gas station in XXXX XXXX. \nWhen i saw this transaction posted I immediately contacted HSBC and told them that such transaction had not been originated by me, and i confirmed to them that the card had been always in my possession. \nAt the time of me reporting this I was in XXXX XXXX using the card, and, as you will be able to see on the documentation attached, previous to that i was in XXXX, XXXX  ( where i reside ) and in XXXX, XXXX ( for work ). \nI was in XXXX ( in early XX/XX/XXXX ) but always in XXXX 's vicinity, nowhere near XXXX XXXX ( which i have never visited ). \nHSBC declined the dispute based in my \" spending pattern '', would like for them to detail how many more transactions they see coming from XXXX XXXX  for them to support their assessment. \nI'm extremely displeased with their decision that's why im pursuing this matter through you.",
    "company_public_response": "None",
    "company": "HSBC NORTH AMERICA HOLDINGS INC.",
    "state": "TX",
    "zipcode": "None",
    "tags": "None",
    "consumer_consent_provided": "Consent provided",
    "submitted_via": "Web",
    "date_sent_to_company": "12/10/18",
    "company_response_to_consumer": "Closed with explanation",
    "timely_response": "Yes",
    "consumer_disputed": "N/A",
    "complaint_id": 3095596
}