{
    "date": "2018-12-10T00:00:00",
    "product": "Credit card or prepaid card",
    "sub-product": "General-purpose credit card or charge card",
    "issue": "Fees or interest",
    "sub-issue": "Problem with fees",
    "text": "BankOfAmerica charged me both a late fee and interest fee. I had tried setting up auto pay in the past but could not find a way to do it. I have several other credit cards and they all offer the option to pay the full balance on the due date which allows me to avoid those fees. BankOfAmerica does has not offered me this option and I reached out to their customer service 3 times on Sunday XX/XX/2018 to get a one time refund but they are refusing that request. Right now, the only option I have is to set up an auto pay for a certain dollar amount, which is not helpful since the account balance varies significantly month after month.\n\nI feel like this is a predetory banking practice by deliberatley making it difficult to set up auto pay to impose these unecessary fees.",
    "company_public_response": "Company has responded to the consumer and the CFPB and chooses not to provide a public response",
    "company": "BANK OF AMERICA, NATIONAL ASSOCIATION",
    "state": "AZ",
    "zipcode": "852XX",
    "tags": "None",
    "consumer_consent_provided": "Consent provided",
    "submitted_via": "Web",
    "date_sent_to_company": "12/10/18",
    "company_response_to_consumer": "Closed with monetary relief",
    "timely_response": "Yes",
    "consumer_disputed": "N/A",
    "complaint_id": 3095880
}