{
    "date": "2018-12-09T00:00:00",
    "product": "Checking or savings account",
    "sub-product": "Checking account",
    "issue": "Managing an account",
    "sub-issue": "Problem using a debit or ATM card",
    "text": "In XX/XX/2018 attempted to withdraw {$100.00} from a XXXX XXXX XXXX ATM. It did not dispense the money. XXXX XXXX XXXX referred me to MY bank 5th 3rd who put the {$100.00} back in my DDA only to withdraw it a few weeks later because XXXX XXXX XXXX replied to their inquiry by stating the ATM dispensed the money that day. \n\nThat was a lie and XXXX XXXX XXXX apologized to me after they investigated my claim further upon receiving a CEO Line Complaint from me. They have tried twice to deposit the money back in my 5th 3rd DDA and each time myself or my wife has asked about it - 5th 3rd has been rude, dismissive and uncooperative. \n\nThe latest incident of disparate treatment occurred THU XX/XX/2018 when myself and a XXXX XXXX XXXX employee via a 3 way call desperately tried to explain the situation to a 5th 3rd SUPERVISOR who was rude, arrogant, unhelpful, dismissive, condescending, and she accused myself, a 5th 3rd client for many, many years, of lying. UNACCEPTABLE. \n\nThe Supervisor was given the dates of the two attempts where XXXX XXXX XXXX attempted to credit my DDA and she simply stated \" I don't see them '' and that was it. no effort on her part to locate the now {$200.00} XXXX XXXX XXXX has spent trying to give me back the {$100.00} I am due. Outrageous. The dates are XX/XX/XXXX and XX/XX/XXXX.",
    "company_public_response": "None",
    "company": "FIFTH THIRD FINANCIAL CORPORATION",
    "state": "WV",
    "zipcode": "None",
    "tags": "Servicemember",
    "consumer_consent_provided": "Consent provided",
    "submitted_via": "Web",
    "date_sent_to_company": "12/09/18",
    "company_response_to_consumer": "Closed with monetary relief",
    "timely_response": "Yes",
    "consumer_disputed": "N/A",
    "complaint_id": 3095671
}