{
    "date": "2018-12-18T00:00:00",
    "product": "Credit card or prepaid card",
    "sub-product": "General-purpose credit card or charge card",
    "issue": "Problem with a purchase shown on your statement",
    "sub-issue": "Credit card company isn't resolving a dispute about a purchase on your statement",
    "text": "I have three credit cards with Citibank. They are the Thank You Preferred, Simplicity, and Diamond. Both the Diamond and Simplicity are tied to the same bank account ( e.g., Bank A ) for payment. Note : The Simplicity card is set up for automatic monthly withdrawal, the Diamond is not. The third card which is the Thank You Preferred payments are used from another bank account ( e.g., Bank B ) and is not tied with either the Simplicity or Diamond. Bank B is my mother 's bank account and I did not have access to her routing nor checking account number that would be required for new payment setup. Note : The Thanks You Preferred is also set up for automatic monthly withdrawal using Bank A to pay it off faster. \n\nOn or around XXXX XXXX, I was informed that Citibank withdrew funds from Bank B not Bank A for payment on the Diamond card. This was an unauthorized withdrawal. Back in late XXXX, when I spoke to the customer service representative to make a payment on the Diamond card for a XX/XX/XXXX payment, I only authorized it for Bank A, not Bank B, because I did not have my mother 's routing nor  account number, which is required by Citibank to set up a new payment account. I called Citibank the same day to make a complaint and they informed me that they would investigate the matter, however I have not heard back from them. \n\nOn XX/XX/2018 I was once again informed that Citibank withdrew funds from Bank B for the automatic payment of the Simplicity Card. Again this was an authorized withdrawal, I only authorize automatic payments for Bank A. Once again I reached out to Citibank to inform them of a breach and they said they would investigate the matter. \n\nI want CFPB assistance with this complaint because my mother 's account has had over {$600.00} of authorized funds withdrawn. In addition her bank ( Bank B ) has said that Citibank has set up automatic payments from her account ( Bank B ) which is not true. I believe this is a data breach or system error that has had dire consequences. My parent is elderly and this is unacceptable. \n\nEnclosed in my compliant are the following : -Screenshots of online account for Simplicity and Diamond displaying that only Bank A is tied to them.\n\n-Proof that Citibank has withdrawn funds from Bank B",
    "company_public_response": "Company has responded to the consumer and the CFPB and chooses not to provide a public response",
    "company": "CITIBANK, N.A.",
    "state": "MD",
    "zipcode": "207XX",
    "tags": "None",
    "consumer_consent_provided": "Consent provided",
    "submitted_via": "Web",
    "date_sent_to_company": "12/18/18",
    "company_response_to_consumer": "Closed with explanation",
    "timely_response": "Yes",
    "consumer_disputed": "N/A",
    "complaint_id": 3103837
}