{
    "date": "2018-12-08T00:00:00",
    "product": "Checking or savings account",
    "sub-product": "Checking account",
    "issue": "Closing an account",
    "sub-issue": "Company closed your account",
    "text": "I filed for a dispute clam in XX/XX/XXXX for an item that I bought online form XXXX XXXX that was {$1900.00} but when I bought the item I never received the item at my doorsteps when I called the merchant that I bought the item from they told me I need to contact my bank and talk with them so I did call chase bank try to get my money back from them and the customer representative told me not to worry about it so I said OK within 12 to 24 hours they temporary credit my account back so couple months go bye in XX/XX/XXXX I Filed a clam for XXXX that my Chase debit card has been used without my permission so I called the bank and tell them what happened that there was a fraudulent charge on my debit card and I would like the charge to be taken off so I talk to one of the customer  representative and told me not worry about it you will be getting the temporary credit within 12 to 24 hours I said OK. what then a couple of days I try to log into my Chase banking on line I got a message that your account is restricted so I call chase the one XXXX I asked the customer representative what is going on with my account they said there has been fraudulent on your account and youre no longer able to bank with Chase forever in life and they said they will be mailing my funds to me in a cashiers check",
    "company_public_response": "None",
    "company": "JPMORGAN CHASE & CO.",
    "state": "CA",
    "zipcode": "900XX",
    "tags": "Servicemember",
    "consumer_consent_provided": "Consent provided",
    "submitted_via": "Web",
    "date_sent_to_company": "12/08/18",
    "company_response_to_consumer": "Closed with explanation",
    "timely_response": "Yes",
    "consumer_disputed": "N/A",
    "complaint_id": 3094847
}