{
    "date": "2018-12-08T00:00:00",
    "product": "Checking or savings account",
    "sub-product": "Checking account",
    "issue": "Opening an account",
    "sub-issue": "Unable to open an account",
    "text": "That Wells Fargo want let me open a bank account",
    "company_public_response": "Company has responded to the consumer and the CFPB and chooses not to provide a public response",
    "company": "WELLS FARGO & COMPANY",
    "state": "FL",
    "zipcode": "331XX",
    "tags": "None",
    "consumer_consent_provided": "Consent provided",
    "submitted_via": "Web",
    "date_sent_to_company": "12/08/18",
    "company_response_to_consumer": "Closed with explanation",
    "timely_response": "Yes",
    "consumer_disputed": "N/A",
    "complaint_id": 3095155
}