{
    "date": "2018-12-08T00:00:00",
    "product": "Mortgage",
    "sub-product": "FHA mortgage",
    "issue": "Trouble during payment process",
    "sub-issue": "None",
    "text": "My mortgage was recently sold by XXXX XXXX  to XXXX XXXX  in late XXXX early XXXX of 2018. I had previously been working with XXXX to remove my PMI from my loan. After my mortgage information was transferred to XXXX I called them to continue the process of removing my PMI. However, XXXX informed me that due to my contract with them that I will have to pay PMI for the full term of my loan no matter what my principal balance. I'm willing to pay for an appraisal to prove that my house is worth 80 % more than my principal balance however XXXX told me that regardless I would be stuck paying PMI for the full duration of my loan.",
    "company_public_response": "Company has responded to the consumer and the CFPB and chooses not to provide a public response",
    "company": "MIDFIRST BANK",
    "state": "UT",
    "zipcode": "840XX",
    "tags": "None",
    "consumer_consent_provided": "Consent provided",
    "submitted_via": "Web",
    "date_sent_to_company": "12/08/18",
    "company_response_to_consumer": "Closed with explanation",
    "timely_response": "Yes",
    "consumer_disputed": "N/A",
    "complaint_id": 3094693
}