{
    "date": "2018-12-08T00:00:00",
    "product": "Checking or savings account",
    "sub-product": "Checking account",
    "issue": "Closing an account",
    "sub-issue": "Company closed your account",
    "text": "XX/XX/18 - I checked online to verify if my employment direct deposit posted. While reviewing the account, I noticed my account was closed on XX/XX/18 - CLOSEOUT TRANSACTION - DDA INT BEARING. Due to the unexpected account closure, my direct deposit was rejected and I will not receive my funds from my employer for another two weeks ... XX/XX/18. I called Wells Fargo on XX/XX/18 and no customer service rep could provide an answer as to why my account was closed. I never received an email or mail notification prior to closure. I later find out that my account was closed because there was no customer generated activity after 61 days. There was numerous transactions in the last 60 days but no ATM withdrawals. I was overseas on work assignment for 7 weeks so I guess this is how Wells Fargo treat its longstanding customers by removing them. My account needs to be reopened immediately. I received an email regarding the acct closure on XX/XX/18 ... only after I complained about not receiving any notification. Please help.",
    "company_public_response": "Company has responded to the consumer and the CFPB and chooses not to provide a public response",
    "company": "WELLS FARGO & COMPANY",
    "state": "TX",
    "zipcode": "787XX",
    "tags": "None",
    "consumer_consent_provided": "Consent provided",
    "submitted_via": "Web",
    "date_sent_to_company": "12/08/18",
    "company_response_to_consumer": "Closed with explanation",
    "timely_response": "Yes",
    "consumer_disputed": "N/A",
    "complaint_id": 3094776
}