{
    "date": "2018-12-18T00:00:00",
    "product": "Student loan",
    "sub-product": "Federal student loan servicing",
    "issue": "Dealing with your lender or servicer",
    "sub-issue": "Trouble with how payments are being handled",
    "text": "XXXX XXXX XXXX is a collection agency that has my student loan. I worked out a voluntary payment arrangement of {$50.00} per month this past summer. I told them over the phone what day to take out the {$50.00} payment each month. They called me and said that the {$50.00} a month can not be accepted anymore and they will recommend wage garnishment. My understanding is as long as I am voluntarily paying they can not garnish my wages or take my tax return. I feel like they are trying to bully me into paying more.",
    "company_public_response": "Company has responded to the consumer and the CFPB and chooses not to provide a public response",
    "company": "Nelson Cruz & Associates LLC",
    "state": "IN",
    "zipcode": "None",
    "tags": "None",
    "consumer_consent_provided": "Consent provided",
    "submitted_via": "Web",
    "date_sent_to_company": "12/18/18",
    "company_response_to_consumer": "Closed with explanation",
    "timely_response": "Yes",
    "consumer_disputed": "N/A",
    "complaint_id": 3103660
}