{
    "date": "2018-12-07T00:00:00",
    "product": "Mortgage",
    "sub-product": "Conventional home mortgage",
    "issue": "Trouble during payment process",
    "sub-issue": "None",
    "text": "Wells Fargo claims that I missed a payment on my mortgage. I have never missed a monthly payment on my mortgage, and have the documentation to prove that going back over a year. However, they continue to claim that I am behind and charge me a late fee every month. I contacted them back in XXXX and they said they would look into it, however I have never heard back from them. \n\nI discovered they were charging me late fees for over a year in XXXX of 2018. I immediately called Wells Fargo to figure out what was gong on. While on the phone with Wells Fargo, I went online to review my payment history. For some reason I was only able to view the previous 3 months of account activity. The very next day I went online to review my account again and was able to see ALL of the account activity going back for over a year. So for some reason they blocked my ability to review my extended account activity. I believe they were altering my payment history to avoid being caught in their scam. \n\nI made a mortgage payment on XX/XX/2018 in the amount of {$2600.00} I was charged a late fee on XX/XX/18 in the amount of $ {$95.00} My most recent monthly payment was made on XX/XX/2018 in the amount of {$2600.00} This has been going on for over a year. \n\nWells Fargo currently says I owe : Unpaid fees / late charges {$1500.00} Total amount due to make loan current {$4200.00} Like I said, I have never missed a payment and believe they have altered my account history on both my personal checking as well as the mortgage account in order to cover up their current scam. \n\nIn addition, I know they encourage unethical and illegal practices first hand. A year ago I noticed a new account had been opened up under my name, and was consistently being charged overdraft fees. I did not open up this account. I called Wells Fargo and asked them about it. They gave me vague answers, and removed the overdraft fees. I told them to close the checking account since I never authorized it in the first place, and several weeks later the account disappeared. However, the impact on my credit score had already taken place. \n\nWells Fargo has once again altered accounts and personal finance records in order to save face due to one of their unethical and illegal banking practices.",
    "company_public_response": "Company has responded to the consumer and the CFPB and chooses not to provide a public response",
    "company": "WELLS FARGO & COMPANY",
    "state": "AZ",
    "zipcode": "852XX",
    "tags": "None",
    "consumer_consent_provided": "Consent provided",
    "submitted_via": "Web",
    "date_sent_to_company": "12/07/18",
    "company_response_to_consumer": "Closed with explanation",
    "timely_response": "Yes",
    "consumer_disputed": "N/A",
    "complaint_id": 3093700
}