{
    "date": "2018-12-07T00:00:00",
    "product": "Student loan",
    "sub-product": "Federal student loan servicing",
    "issue": "Struggling to repay your loan",
    "sub-issue": "Can't temporarily delay making payments",
    "text": "On XX/XX/2018 I was approved for deferment of financial hardship. However on my credit report it still states that I am late.",
    "company_public_response": "None",
    "company": "Navient Solutions, LLC.",
    "state": "PA",
    "zipcode": "None",
    "tags": "None",
    "consumer_consent_provided": "Consent provided",
    "submitted_via": "Web",
    "date_sent_to_company": "12/07/18",
    "company_response_to_consumer": "Closed with explanation",
    "timely_response": "Yes",
    "consumer_disputed": "N/A",
    "complaint_id": 3094190
}