{
    "date": "2018-12-07T00:00:00",
    "product": "Credit card or prepaid card",
    "sub-product": "General-purpose credit card or charge card",
    "issue": "Advertising and marketing, including promotional offers",
    "sub-issue": "Didn't receive advertised or promotional terms",
    "text": "While making a reservation on XXXX XXXX in XX/XX/2018, I was offered a promotion by AMEX to open a co-branded Gold Delta Skymiles card with a promotion of {$200.00} in statement credit and XXXX Bonus Miles if I spent a certain amount in the first 3 months. The offer clearly stated that it was only for New Account Holders who did not have this card in the last year. I had a similar card 2 years ago but since the stipulation was only for the last year, I signed up for the card. I met their spend requirement and even after 10 months I have not been given the statement credit or the bonus miles. I have called multiple times and was told that they will investigate and get back to me but no one did. Finally when I called today, first they make me hold and then hang up on me. And when I called again, I was again put on a long hold and then told that since I had the card in the past they did not give me the promotional offer although the offer very clearly stipulated the restricted time of 1 year. The agent was like we are sorry that the online offer was misleading and did not match and I will ask our marketing team to review the offer materials but would give me no time frame for any resolution.",
    "company_public_response": "None",
    "company": "AMERICAN EXPRESS COMPANY",
    "state": "TX",
    "zipcode": "786XX",
    "tags": "None",
    "consumer_consent_provided": "Consent provided",
    "submitted_via": "Web",
    "date_sent_to_company": "12/07/18",
    "company_response_to_consumer": "Closed with non-monetary relief",
    "timely_response": "Yes",
    "consumer_disputed": "N/A",
    "complaint_id": 3094399
}