{
    "date": "2018-12-07T00:00:00",
    "product": "Mortgage",
    "sub-product": "Conventional home mortgage",
    "issue": "Struggling to pay mortgage",
    "sub-issue": "None",
    "text": "I, XXXX XXXX hereby claim that an upcoming foreclosure against my property located at XXXX XXXX XXXX, XXXX XXXX, NJ XXXX is illegal based on the merits of a recent decision known as XXXX  XXXX, XXXX. XXXX XXXX XXXX XXXX, XXXX from the Superior Court of New Jersey Appellate Division,  Docket No. XXXX. This decision is extraordinary on its own merits as it restricts foreclosures in the state of New Jersey if there is not evidence proving that the note and the mortgage are held by the same entity. As Judge XXXX XXXX XXXX XXXX said pertaining to previous decisions : It is difficult to imagine circumstances where one would want to hold a mortgage, without having the right to act on the underlying debt. By the same token, there is no technical reason why the interests could not be separated in one way or another. To simplify, the current mortgage servicing company Bayview Loan Servicing, nor the mortgage assignee The XXXX XXXX XXXX XXXX XXXX f/k/a XXXX XXXX XXXX XXXX XXXX, as Trustee for the Benefit of the certificate holders of XXXX , XXXX, XXXX XXXX XXXX XXXX Mortgage Pass-Through Certificates, Series XXXX v. XXXX XXXX XXXX, et al, Docket No. XXXX. The original mortgage was procured with XXXX XXXX XXXX , XXXX, XXXX XXXX XXXX, XXXX, XXXX, TX XXXX, recorded XX/XX/XXXX, and assigned to current mortgage holder by XXXX  XXXX XXXX XXXX , XXXX, as nominee for XXXX XXXX, XXXX. by electronic signature XXXX XXXX, Sr. Vice President on XX/XX/XXXX. The law firm doing the foreclosure, XXXX, XXXX XXXX XXXX, XXXX. File # XXXX has no official capacity at this point to move forward with a scheduled foreclosure date XX/XX/XXXX until this proof of all documentation is completed. The Federal Deposit Insurance Corporation has been notified of my claim as well as the New Jersey Division of Consumer Affairs. The foreclosure on my home will be illegal and should be ceased immediately until all proof has been established on rights to foreclose.",
    "company_public_response": "None",
    "company": "BAYVIEW LOAN SERVICING, LLC",
    "state": "NJ",
    "zipcode": "None",
    "tags": "None",
    "consumer_consent_provided": "Consent provided",
    "submitted_via": "Web",
    "date_sent_to_company": "12/07/18",
    "company_response_to_consumer": "Closed with explanation",
    "timely_response": "Yes",
    "consumer_disputed": "N/A",
    "complaint_id": 3094595
}