{
    "date": "2018-12-07T00:00:00",
    "product": "Mortgage",
    "sub-product": "Conventional home mortgage",
    "issue": "Trouble during payment process",
    "sub-issue": "None",
    "text": "The company, Seterus , Inc., which has locations in XXXX, CT, XXXX, OR, and XXXX XXXX, CA, has been harassing us for months with threatening letters, inconsistent dollar amounts of \" late payments '' and threats of foreclosure if we do not bring our account up to date. I have documentation, supported by my bank statement and Seterus ' own website, to show we have not missed a payment nor have we been late. My job has been in XXXX XXXX, and I have compiled a comprehensive spreadsheet verifying my position. Seterus has also falsely reported my wife and I to the various credit reporting agencies in an attempt to damage our credit, forcing us to pay their demands.My research into this company shows is this rather common of their practices. Internet sources show there are a myriad of complaints and lawsuits against them for similar issues.I request that they cease and desist their harassment, correct our account status and remove the derogatory remarks from our credit reports. I'm not sure which documents I should include as there are many. I appreciate your input as to what is needed and I will be glad to comply.",
    "company_public_response": "None",
    "company": "Seterus, Inc.",
    "state": "CA",
    "zipcode": "952XX",
    "tags": "Older American",
    "consumer_consent_provided": "Consent provided",
    "submitted_via": "Web",
    "date_sent_to_company": "12/07/18",
    "company_response_to_consumer": "Closed with explanation",
    "timely_response": "Yes",
    "consumer_disputed": "N/A",
    "complaint_id": 3093670
}