{
    "date": "2018-12-18T00:00:00",
    "product": "Mortgage",
    "sub-product": "Conventional home mortgage",
    "issue": "Struggling to pay mortgage",
    "sub-issue": "None",
    "text": "I have recently been denied for a loan modification on an appeal review. I originally applied for a loan modification and was denied due to insufficient income. My Sister then moved in with me and helped with {$1000.00} to cover the household expenses. With the changes in my financials, i then reapplied for a loan modification. I was later told that I was denied and am no longer able to reapply since i can only be reviewed once in a year. Now that I am able to afford my home with the help of my Sister, they will not consider reviewing it and I will lose my home. I have worked too hard for this to happen. Please help.",
    "company_public_response": "Company believes it acted appropriately as authorized by contract or law",
    "company": "SELECT PORTFOLIO SERVICING, INC.",
    "state": "CA",
    "zipcode": "906XX",
    "tags": "None",
    "consumer_consent_provided": "Consent provided",
    "submitted_via": "Web",
    "date_sent_to_company": "12/18/18",
    "company_response_to_consumer": "Closed with explanation",
    "timely_response": "Yes",
    "consumer_disputed": "N/A",
    "complaint_id": 3103826
}