{
    "date": "2018-12-07T00:00:00",
    "product": "Checking or savings account",
    "sub-product": "Checking account",
    "issue": "Managing an account",
    "sub-issue": "Fee problem",
    "text": "Wells Fargo is charging me exsessive overdraft fees. I have been charged with XXXX overdraft fees that it was coused by a mistake of XXXX charging for the first time on this account my XXXX   member ship. XXXX has agreed to return the money but Wells Fargo wont return the funds of the overdraft fees. This is not fair and I have never signed up for this type of services.",
    "company_public_response": "Company has responded to the consumer and the CFPB and chooses not to provide a public response",
    "company": "WELLS FARGO & COMPANY",
    "state": "FL",
    "zipcode": "331XX",
    "tags": "None",
    "consumer_consent_provided": "Consent provided",
    "submitted_via": "Web",
    "date_sent_to_company": "12/07/18",
    "company_response_to_consumer": "Closed with monetary relief",
    "timely_response": "Yes",
    "consumer_disputed": "N/A",
    "complaint_id": 3094658
}