{
    "date": "2018-12-07T00:00:00",
    "product": "Credit card or prepaid card",
    "sub-product": "General-purpose credit card or charge card",
    "issue": "Other features, terms, or problems",
    "sub-issue": "Problem with rewards from credit card",
    "text": "I have a 3 American Express Platinum cards which cost me over {$600.00} a year in annual fees, providing the highest level of benefits and service Amex offers to consumers. On XX/XX/XXXX, I created a hotel reservation using my rewards points by accident and called the back of my card immediately. The hotel charge was worth {$440.00} but I used points for the entire purchase. I explained that I was just trying to look at how many points the reservation would cost and that I accidentally clicked on the book button. The call was only 7 minutes long and the person I spoke to from Amex ( his name was XXXX ) said no problem and gave me my points back. I assumed that meant that the reservation was also canceled since I clearly stated at the beginning of the call that I was only trying to see how many points it would cost and did not mean to book it. A couple hours later, I realized that the original hotel reservation I made was the best deal and used my points ( which had been reserved immediately ) to book the same hotel again. \n\nWhen I reached the hotel in XXXX, XXXX on XX/XX/XXXX, they said I had 2 exact same reservations in my name. They would not let me check in until I took both rooms even though I only needed one. I immediately called Amex and explained the situation. They opened up a ticket and said they would investigate. One supervisor from membership rewards even admitted on a recorded line that it was an Amex issue about 65 minutes into the call, stating that the membership rewards rep should have contacted Amex travel to cancel the reservation. Over the course of XX/XX/XXXX - XXXX, my wife and I spent over 4.5 hours of call time speaking with Amex. We had 7-8 different individuals ( reps and managers ) tell us they would open a dispute and personally promised to get back to us, but none of them did except the last one. No one gave us a timetable for resolution, no one followed up, and we had to call every 2 days asking for updates to no avail. We finally spoke with a supervisor on XXXX who read the transcript of the call on XX/XX/XXXX and said they would not be refunding, even though in the beginning of the call I stated that I accidentally booked the hotel and was just trying to see how many points it would use. \n\nI was naturally furious and canceled the card immediately. I have no trust in Amex after this experience and never will work with them for a personal card again. They had no remorse, no offer of trying to fix the situation, no acknowledgement of the horrible customer experience, and no satisfactory resolution.",
    "company_public_response": "None",
    "company": "AMERICAN EXPRESS COMPANY",
    "state": "NY",
    "zipcode": "100XX",
    "tags": "None",
    "consumer_consent_provided": "Consent provided",
    "submitted_via": "Web",
    "date_sent_to_company": "12/07/18",
    "company_response_to_consumer": "Closed with explanation",
    "timely_response": "Yes",
    "consumer_disputed": "N/A",
    "complaint_id": 3094456
}