{
    "date": "2018-12-07T00:00:00",
    "product": "Vehicle loan or lease",
    "sub-product": "Loan",
    "issue": "Managing the loan or lease",
    "sub-issue": "Billing problem",
    "text": "I mistaking overlayed my truck payment on XX/XX/2018 causing it to be played off. I normally make my payment every month the same way with the same application. However after processing the payment I realized it played XXXX on the truck. I immediately called to stop payment but the bank told me they were not able to. The banker claimed she applied a request to reverse the payment. I called the bank every day to verify the process was going smoothly and every banker I spoke to has a different story. This morning a banker claims the loan account is closed and there original request for reversal was denied by the bank on Monday. I tried reaching out to my branch but the women in there claim the manager will call me back but do nothing.",
    "company_public_response": "Company has responded to the consumer and the CFPB and chooses not to provide a public response",
    "company": "U.S. BANCORP",
    "state": "CA",
    "zipcode": "953XX",
    "tags": "Servicemember",
    "consumer_consent_provided": "Consent provided",
    "submitted_via": "Web",
    "date_sent_to_company": "12/07/18",
    "company_response_to_consumer": "Closed with explanation",
    "timely_response": "Yes",
    "consumer_disputed": "N/A",
    "complaint_id": 3093972
}