{
    "date": "2018-12-07T00:00:00",
    "product": "Credit card or prepaid card",
    "sub-product": "General-purpose credit card or charge card",
    "issue": "Other features, terms, or problems",
    "sub-issue": "Problem with rewards from credit card",
    "text": "I used the Wells Fargo go for rewards program for the first time in the middle of XX/XX/2018. After arriving at the website on my mobile device I found charities that I wanted to contribute too. By mistake I clicked on continuously new order. I began getting more cards than what I thought I should get. I called Wells Fargo and they looked into my account and saw that I clicked on continuously new order. After hearing this I told the Wells Fargo representative I wanted that changed and a stop to the cards. That has not happened and I have since then called Wells Fargo again voicing my complaint and the cards kept coming as soon as todays date.I want the cards stopped and points used as of XX/XX/2018 returned to my rewards program account.",
    "company_public_response": "Company has responded to the consumer and the CFPB and chooses not to provide a public response",
    "company": "WELLS FARGO & COMPANY",
    "state": "TX",
    "zipcode": "773XX",
    "tags": "None",
    "consumer_consent_provided": "Consent provided",
    "submitted_via": "Web",
    "date_sent_to_company": "12/07/18",
    "company_response_to_consumer": "Closed with non-monetary relief",
    "timely_response": "Yes",
    "consumer_disputed": "N/A",
    "complaint_id": 3094512
}