{
    "date": "2018-12-07T00:00:00",
    "product": "Mortgage",
    "sub-product": "Conventional home mortgage",
    "issue": "Trouble during payment process",
    "sub-issue": "None",
    "text": "On my second payment to the mortgage company, I started sending weekly payments, because my mortgage company did not offer bi-weekly payments to help reduce my principle. So every week I would send {$320.00} and it would build up in a suspense account until it reached {$1200.00}, then a payment would be applied and the remaining money in the suspense account would go toward principle. \n\nIt's important to note that every month, my lender would send me a letter acknowledging short payments and that \" ... this amount is not sufficient to cover the full amount of your mortgage loan periodic payment. As as result, these funds have been placed in a suspense account. The funds will remain in the suspense account until you have remitted sufficient funds to equal a full periodic payment. Once you have remitted sufficient funds and the amount held in the suspense account equals a full periodic payment, the Bank will promptly credit the payment to your mortgage loan account. ... If excess funds are also included when you submit the additional funds necessary to cover your periodic payment, those funds will be posted as a principle curtailment upon receipt of your next periodic payment, unless you instruct us otherwise. '' This worked great and without issue, from my first weekly payment sent XX/XX/XXXX, until XXXX, XXXX, when I received a late fee of {$47.00}, because they changed how they were applying my payments WITHOUT ANY NOTIFICATION. I called my lender and they promised to waive the late fee ( since it wasn't late ) and instructed me to change how I was making payments. Lender advised me to start sending separate checks, one for monthly payment and other with PRINCIPLE ONLY written in the memo field. I started doing this on XX/XX/XXXX and sent one check weekly for {$280.00} and another one for {$36.00} marked PRINCIPLE ONLY. \n\nMy XX/XX/XXXX statement showed my late fee as PAID, but then shows ( {$47.00} XXXX in parenthesis under fees and charges paid since last statement. So I'm not really sure if they did credit me that late fee or if they stole it from me, since it was never late. \n\nFast forward to today when I'm reviewing my XX/XX/XXXX statement. Now it appears that NONE of my {$36.00} principle only payments have been applied to principle. Instead they're just throwing all of the money in the suspense account to pay my regular mortgage payment when it reaches {$1100.00}. This is completely unacceptable and likely illegal. I tried calling my lender today, XX/XX/XXXX, but the representative only said \" so you want me to apply the $ XXXX+ in suspense account to principle? \". It's abundantly clear that my lender is committing fraud with my account and has no interest in actually servicing my loan and helping me correctly apply payments to principle. They charged me a late fee, when my account has never been late. They changed the way payments are applied without sending me notice.",
    "company_public_response": "None",
    "company": "BOK FINANCIAL CORP",
    "state": "FL",
    "zipcode": "342XX",
    "tags": "None",
    "consumer_consent_provided": "Consent provided",
    "submitted_via": "Web",
    "date_sent_to_company": "12/07/18",
    "company_response_to_consumer": "Closed with explanation",
    "timely_response": "Yes",
    "consumer_disputed": "N/A",
    "complaint_id": 3094509
}