{
    "date": "2018-12-07T00:00:00",
    "product": "Mortgage",
    "sub-product": "FHA mortgage",
    "issue": "Trouble during payment process",
    "sub-issue": "None",
    "text": "I was contacted by Wells Fargo regarding my loan which is less than one year old claiming they made a mistake on the taxes on my loan. Then I was told it was a property tax increase. I had opened a fixed loan and my payment was to remain at XXXX for 30 years. They claimed it was an escrow shortage now i am being asked to pay well over XXXX dollars. I am on a fixed income and this is not what I expected with a 30 year fixed FHA. \nDo I have the right to stick with the original contract.",
    "company_public_response": "Company has responded to the consumer and the CFPB and chooses not to provide a public response",
    "company": "WELLS FARGO & COMPANY",
    "state": "CA",
    "zipcode": "923XX",
    "tags": "None",
    "consumer_consent_provided": "Consent provided",
    "submitted_via": "Web",
    "date_sent_to_company": "12/07/18",
    "company_response_to_consumer": "Closed with explanation",
    "timely_response": "Yes",
    "consumer_disputed": "N/A",
    "complaint_id": 3093756
}