{
    "date": "2018-12-06T00:00:00",
    "product": "Vehicle loan or lease",
    "sub-product": "Loan",
    "issue": "Incorrect information on your report",
    "sub-issue": "Account information incorrect",
    "text": "XXXX  has been non-compliant with removing the unverified account WELLS FARGO BANK CAR Date opened XX/XX/2014 which has been deleted by XXXX and XXXX. XXXX  and XXXX   have both completed their research and determined that WELLS FARGO BANK CAR was not established by myself but XXXX keeps verifying this accounts. Also, when I called the company they responded that XXXX did not send them all of the verifying evidence to confirm each account is unverified.",
    "company_public_response": "Company has responded to the consumer and the CFPB and chooses not to provide a public response",
    "company": "WELLS FARGO & COMPANY",
    "state": "FL",
    "zipcode": "33175",
    "tags": "None",
    "consumer_consent_provided": "Consent provided",
    "submitted_via": "Web",
    "date_sent_to_company": "12/11/18",
    "company_response_to_consumer": "Closed with non-monetary relief",
    "timely_response": "Yes",
    "consumer_disputed": "N/A",
    "complaint_id": 3092906
}