{
    "date": "2018-12-06T00:00:00",
    "product": "Checking or savings account",
    "sub-product": "Checking account",
    "issue": "Problem with a lender or other company charging your account",
    "sub-issue": "Money was taken from your account on the wrong day or for the wrong amount",
    "text": "Check # XXXX was paid into my account on XX/XX/18 for the amount of XXXX.\n\nThe account holder of the check and I bank with the same bank chase. On the XX/XX/18 the funds were place on hold and when I call about the funds I was told they needed to spoke with the person who wrote the check. After speaking with that person who gave me the check the funds were released on the XX/XX/18. On the XX/XX/18 the funds were put back on hold again, and when I call the bank, they sent me to the recovery and Fraud department and my account was overdraw. I later got the check in the mail and the letter stated my couldnt verfity the hand writing. My account is overdraw still and I want my monies.",
    "company_public_response": "None",
    "company": "JPMORGAN CHASE & CO.",
    "state": "TX",
    "zipcode": "770XX",
    "tags": "None",
    "consumer_consent_provided": "Consent provided",
    "submitted_via": "Web",
    "date_sent_to_company": "12/06/18",
    "company_response_to_consumer": "Closed with explanation",
    "timely_response": "Yes",
    "consumer_disputed": "N/A",
    "complaint_id": 3093052
}