{
    "date": "2018-12-06T00:00:00",
    "product": "Checking or savings account",
    "sub-product": "Checking account",
    "issue": "Managing an account",
    "sub-issue": "Deposits and withdrawals",
    "text": "Opened a new account with BB & T on XX/XX/2018 under a {$150.00} incentive and have met the requirements and have not received the incentive. Have message the bank multiple times and the customer service representatives were unable to provide more information. I have attached the documentation where I have met the requirements.",
    "company_public_response": "Company has responded to the consumer and the CFPB and chooses not to provide a public response",
    "company": "BB&T CORPORATION",
    "state": "GA",
    "zipcode": "None",
    "tags": "None",
    "consumer_consent_provided": "Consent provided",
    "submitted_via": "Web",
    "date_sent_to_company": "12/06/18",
    "company_response_to_consumer": "Closed with explanation",
    "timely_response": "Yes",
    "consumer_disputed": "N/A",
    "complaint_id": 3093196
}