{
    "date": "2018-12-06T00:00:00",
    "product": "Checking or savings account",
    "sub-product": "Checking account",
    "issue": "Managing an account",
    "sub-issue": "Problem using a debit or ATM card",
    "text": "XX/XX/XXXX : I arrived at a BoA location to make an ATM deposit. I attempted to use an ATM. It gave me an error. Another customer was off to the side and noticed this. He said that ATM is having issues and that he is on the phone with BoA right now about an error that ATM just made on his transaction. I cancelled out of that ATM, walked over to the next one and made my deposit. When I requested an e-mail only receipt as usual, it gave me an error and printed one instead. I didn't think more of that - I threw the receipt away. \n\nXX/XX/XXXX : I noticed that BoA made the deposit successfully but also made a withdrawal at the same time for the same amount. I called in to dispute this as I did not make this withdrawal. I gave the rep all info including about the other person who was on the phone making a claim. \n\nXX/XX/XXXX : I received notice from BoA that my claim was denied because it was \" The same person that used both ATMs ''. At this point I realized that the ATM glitches were causing them to think I used and made a withdrawal at the ATM that gave me an error. I asked them to re-check the claim and get photo and video proof that I was withdrawing money from that ATM. I specifically mentioned this being a BoA banking location lobby on XXXX XXXX in XXXX XXXX, blocks away from XXXX XXXX. I mentioned this because they should have very clear photos and videos of that entire transaction that would be easy to pull. The agent said they will get back to me within 10 days, the standard for claims. \n\nXX/XX/XXXX : I called in BoA to get an update on the status. The first agent said they don't see any updates since XX/XX/XXXX and they asked me if BoA had reached out to me since XX/XX/XXXX. I said they did not and requested an escalation to a manager. I spoke to a manager who told me that the guideline for reopening claims is actually 60 days and that they do not have any limit on the amount of time to review a re-opened claim may take. \n\nIt's at this point now that I'm frustrated because BoA glitched out, took money from my account, refused to properly review the claim, did not communicate the \" guideline '' for reviewing reopened claims, and now they are telling me they have no timeline to review the re-opened claims.",
    "company_public_response": "Company has responded to the consumer and the CFPB and chooses not to provide a public response",
    "company": "BANK OF AMERICA, NATIONAL ASSOCIATION",
    "state": "NJ",
    "zipcode": "088XX",
    "tags": "None",
    "consumer_consent_provided": "Consent provided",
    "submitted_via": "Web",
    "date_sent_to_company": "12/07/18",
    "company_response_to_consumer": "Closed with monetary relief",
    "timely_response": "Yes",
    "consumer_disputed": "N/A",
    "complaint_id": 3093629
}