{
    "date": "2018-12-06T00:00:00",
    "product": "Vehicle loan or lease",
    "sub-product": "Loan",
    "issue": "Incorrect information on your report",
    "sub-issue": "Account status incorrect",
    "text": "In XXXX I certified mailed a dispute letter to Capital One Auto Finance to dispute a account that was showing up on my credit report. I have attached my initial letter, the copies of the signature card information from where their company had signed for my letter dictating all that I was disputing, and began the clock of 30 days to place disputed remarks of my dispute on my credit reports. The only response I got was from them mailing a copy of statements. There are many violations that I will be submitting in a court of law, as well as laws that the company broke in not upholding the standards set before them from the FCRA, and the FDCPA. I have pulled my credit from all 3 credit bureaus and have attached the proof for you to examine that the credit reports are time stamped 31 days after they signed for my letters, and one of the major violations they totally neglected to do is mark my account as disputed on my report, and/ respond with court approved documentation within the time frame with verifyible documents that would hold up in court that the debt was in fact my debt. I demand that they remove the debt reporting to my credit report immediately, and that you as well as the attorneys general offices, and XXXX  hold them accountable for the noncompliance of these said violations and laws that have been broken. I want it removed, and it is my rights. My letter clearly explained what I would do if they did not respond accordingly. I have a well documented case and have all intentions of taking care of it legally if they do not comply.",
    "company_public_response": "None",
    "company": "CAPITAL ONE FINANCIAL CORPORATION",
    "state": "VA",
    "zipcode": "None",
    "tags": "None",
    "consumer_consent_provided": "Consent provided",
    "submitted_via": "Web",
    "date_sent_to_company": "12/06/18",
    "company_response_to_consumer": "Closed with explanation",
    "timely_response": "Yes",
    "consumer_disputed": "N/A",
    "complaint_id": 3093394
}