{
    "date": "2018-12-06T00:00:00",
    "product": "Credit card or prepaid card",
    "sub-product": "Store credit card",
    "issue": "Problem when making payments",
    "sub-issue": "You never received your bill or did not know a payment was due",
    "text": "I was shocked when reviewing my credit report and found late payments on the dates below : 30   days late as of XX/XX/2018 and 60 days late as of XX/XX/2018 ( all 3 bureaus ) I am not sure how this happened. I believe I made my payments to you when I received my statement. My only thought is that my statement did not get to me.",
    "company_public_response": "Company has responded to the consumer and the CFPB and chooses not to provide a public response",
    "company": "SYNCHRONY FINANCIAL",
    "state": "TX",
    "zipcode": "750XX",
    "tags": "None",
    "consumer_consent_provided": "Consent provided",
    "submitted_via": "Web",
    "date_sent_to_company": "12/12/18",
    "company_response_to_consumer": "Closed with explanation",
    "timely_response": "Yes",
    "consumer_disputed": "N/A",
    "complaint_id": 3093077
}