{
    "date": "2018-12-06T00:00:00",
    "product": "Vehicle loan or lease",
    "sub-product": "Loan",
    "issue": "Managing the loan or lease",
    "sub-issue": "Billing problem",
    "text": "Bank of the West performed a double withdrawal from my daughters account for a car loan which I am the primary loan holder and she is the comaker but it is her car in XXXX of XXXX. When she requested that the excess be returned they stated that it would take a minimum of 2 weeks to process. Since my daughter could not wait that long to get her money back she performed a stop payment of the XX/XX/XXXX payment, and then repaid the payment using a different account. My daughter was not able to use her bank account to make payments any more. My credit started to suffer this year and I began to receive higher interest rates and poor credit scores. I was not aware as the reason why. \nIt came to light in XX/XX/XXXX that Bank of the West was reporting that a payment for XX/XX/XXXX was never made. However, proof was faxed, then refaxed and emailed that this was not the case, and the payment was up to date. Allowing 5 or more business days each time to allow for them to examine and correct. Both my daughter and myself continued to get the run around of them not receiving the information and that is why we had to keep submitting the documents in various forms. The last conversation it was stated that we received a check refund on XX/XX/XXXX and that is why we continue to be behind a payment ; however, we never received a check. They also could not provide a copy of the check or a cancelled deposit check. We need your help to resolve this as it has seriously hurt our credit and Bank of the West has been so difficult to deal with.",
    "company_public_response": "Company has responded to the consumer and the CFPB and chooses not to provide a public response",
    "company": "BANK OF THE WEST",
    "state": "CA",
    "zipcode": "920XX",
    "tags": "Servicemember",
    "consumer_consent_provided": "Consent provided",
    "submitted_via": "Web",
    "date_sent_to_company": "12/06/18",
    "company_response_to_consumer": "Closed with explanation",
    "timely_response": "Yes",
    "consumer_disputed": "N/A",
    "complaint_id": 3092621
}