{
    "date": "2018-12-17T00:00:00",
    "product": "Credit card or prepaid card",
    "sub-product": "Store credit card",
    "issue": "Advertising and marketing, including promotional offers",
    "sub-issue": "Didn't receive advertised or promotional terms",
    "text": "I purchased a TV from best buy under promotion no interest for 2 years. The person selling the TV explained that whatever wasn't paid back would then be charged interest after 2 years not that I would be charged the full interest. It was never on any statement listed as a promotional value so when I went to pay my last {$200.00} payment to pay off the TV and saw {$1200.00} in charges I called best buy who said I owed it and I agreed to those terms although they couldn't give me any documents showing I agreed to that. I went to the store in XXXX, IL where the TV was sold to me and spoke with the manager who agreed even she wouldn't pay what they were asking because that's not how they understood the terms. I complained to many customer service reps over the phone who said they would file a complaint on my behalf and after having up to 5 phone calls a day from best buy customer service I filed a written complaint because I feel I've been fraudulently charged and continuing to be fraudulently charged. Best buy sent me a letter that they would close my account to post but I'm still responsible for any fees they feel like charging me and did not address my complaint. I will pay the interest on the last {$200.00} dollar payment of the TV and am ready to settle with Best Buy and Citi Bank but can't speak to anyone who is the least bit helpful. Citi bank wants to charge interest on this back interest",
    "company_public_response": "Company has responded to the consumer and the CFPB and chooses not to provide a public response",
    "company": "CITIBANK, N.A.",
    "state": "IL",
    "zipcode": "604XX",
    "tags": "None",
    "consumer_consent_provided": "Consent provided",
    "submitted_via": "Web",
    "date_sent_to_company": "12/17/18",
    "company_response_to_consumer": "Closed with explanation",
    "timely_response": "Yes",
    "consumer_disputed": "N/A",
    "complaint_id": 3102712
}