{
    "date": "2018-12-05T00:00:00",
    "product": "Credit card or prepaid card",
    "sub-product": "Store credit card",
    "issue": "Problem when making payments",
    "sub-issue": "Problem during payment process",
    "text": "A balance transfer payment was made to my XXXX XXXX Credit on XX/XX/2018 in the amount of {$1700.00} check number XXXX from my Cardmember Service account. The check was cashed on XX/XX/2018. I have supporting documents ( front and back of check ). I forwarded the documents to XXXX Payment Inquiry Team as requested on XX/XX/2018. As of XX/XX/2018 the issue is still not resolved. I have spoken to several different supervisors and was told an investigation is being done. Each time I get an apology but they need more time. I was told the payment was posted to another account. This is totally unacceptable. In the mean time I am responsible for payments to XXXX Credit to avoid late fees. I have had to have late fee reversed on the initial occasion. Please help.",
    "company_public_response": "Company has responded to the consumer and the CFPB and chooses not to provide a public response",
    "company": "CITIBANK, N.A.",
    "state": "FL",
    "zipcode": "323XX",
    "tags": "None",
    "consumer_consent_provided": "Consent provided",
    "submitted_via": "Web",
    "date_sent_to_company": "12/21/18",
    "company_response_to_consumer": "Closed with monetary relief",
    "timely_response": "Yes",
    "consumer_disputed": "N/A",
    "complaint_id": 3092379
}