{
    "date": "2018-12-05T00:00:00",
    "product": "Mortgage",
    "sub-product": "Conventional home mortgage",
    "issue": "Trouble during payment process",
    "sub-issue": "None",
    "text": "Shortly after receiving a \" new loan servicer '' letter indicating that XXXX XXXX XXXX XXXX had purchased the paper on my loan, I received the first statement indicating the first payment for loan number XXXX was due on XX/XX/18 in the amount of {$1500.00} ( see attachment \" 1st Stmnt '' ). \n\nIn an effort to make the aforementioned payment, and all subsequent payments, online via ACH, I attempted to create an online account with XXXX. However, I was unable to create an online account as the website prompted an error message stating that the account number provided was not valid. I called XXXX XXXX customer service at XXXX to help with account creation problem. The customer service agent told me that a paper check was required on the initial payment and a new account number would be assigned to me granting online access after the paper check submission. I mailed a paper check on XX/XX/18 that cleared my bank on XX/XX/18 ( see attached \" cleared check ''. \n\nOn XX/XX/18, I received a statement for XX/XX/18 with a different account number. The statement did not reflect my previous payment 's application towards the principal balance ( see attachment \" XXXX Stmnt '' ). \n\nI have made seven ( 7 ) phone calls to XXXX 's customer service department since XXXX ( 42 days ) and emailed all the information XXXX requested ( copies of statements, cleared checks, etc. ) in an effort to have my payment applied to my loan balances. Every phone conversation ends with the agent stating someone will contact me back by days end and they will have a resolution with-in two weeks. Neither of the two have happened. \n\nOut of fear that I am being scammed out of payments, I want to pay the loan off in completion cutting ties with XXXX XXXX XXXX ; but I can not pay the loan off as I can not get an accurate final balance figure from XXXX that reflects all my payments. I hope this is not common practice for XXXX and happening to others on a larger scale as this should be a simple accounting journal entry fix but XXXX continually leaves me in the dark with no resolution.",
    "company_public_response": "None",
    "company": "CITIZENS FINANCIAL GROUP, INC.",
    "state": "LA",
    "zipcode": "711XX",
    "tags": "None",
    "consumer_consent_provided": "Consent provided",
    "submitted_via": "Web",
    "date_sent_to_company": "12/05/18",
    "company_response_to_consumer": "Closed with explanation",
    "timely_response": "Yes",
    "consumer_disputed": "N/A",
    "complaint_id": 3091306
}