{
    "date": "2018-12-05T00:00:00",
    "product": "Student loan",
    "sub-product": "Federal student loan servicing",
    "issue": "Dealing with your lender or servicer",
    "sub-issue": "Trouble with how payments are being handled",
    "text": "Over the years I have repeatedly had problems with the way that Navient ( formally Sallie Mae ) applies my auto-debit loan payments. This issue reemerged this summer unbeknownst to me. I have repeatedly requested that when I make a payment, that the payment is applied to each of my loans. Navient frequently alters the way that the loan is applied. This summer they began taking the same amount of money from my account ( so I did not notice a change ) but began applying that payment only to the lowest interest rate loans. This change resulted in my highest rate loans accruing interest and then accruing interest on interest. I would not have been charged this amount if my payments were applied correctly. \n\nThis issue is an ongoing problem. The reason I am posting this today and reaching out outside the Navient organization is that I had the exact same problem with Navent in the past, and it took a great deal of time and effort to get the issue corrected.",
    "company_public_response": "None",
    "company": "Navient Solutions, LLC.",
    "state": "TN",
    "zipcode": "None",
    "tags": "None",
    "consumer_consent_provided": "Consent provided",
    "submitted_via": "Web",
    "date_sent_to_company": "12/05/18",
    "company_response_to_consumer": "Closed with explanation",
    "timely_response": "Yes",
    "consumer_disputed": "N/A",
    "complaint_id": 3091880
}