{
    "date": "2018-12-05T00:00:00",
    "product": "Mortgage",
    "sub-product": "Conventional home mortgage",
    "issue": "Struggling to pay mortgage",
    "sub-issue": "None",
    "text": "PennyMac HAS engaged in the prohibited practice of dual tracking while having received timely all the required documents and financial information from the borrower requesting a loan modification. \n\nPennyMac has failed to deliver required foreclosure protections. \n\nPennyMac is using faulty information in the servicing of this mortgage loan. \n\nPlease see attached letter correspondence dated XX/XX/XXXX, from the mortgage servicer, PennyMac Loan Services. \n\nThe CFPB issued amendments on XX/XX/XXXX, The rule issued establishes new protections for consumers, including : Requiring servicers to notify borrowers when loss mitigation applications are complete : Whether a borrower is entitled to key foreclosure protections depends in part on the date a borrower completes a loss mitigation application. If consumers do not know the status of their application, they can not know the status of those foreclosure protections. \n\nThe final rule requires servicers to notify borrowers promptly and in writing that the application is complete, so that borrowers know the status of the application and have more information about their protections. The CFPBs new rule clarifies that, if a servicer has already made the first foreclosure notice or filing and receives a timely complete application, servicers and their foreclosure counsel must not move for a foreclosure judgment or order of sale, or conduct a foreclosure sale, even if a third party conducts the sale proceedings, unless the borrowers loss mitigation application is properly denied, withdrawn, or the borrower fails to perform on a loss mitigation agreement.",
    "company_public_response": "None",
    "company": "PENNYMAC LOAN SERVICES, LLC.",
    "state": "NJ",
    "zipcode": "086XX",
    "tags": "None",
    "consumer_consent_provided": "Consent provided",
    "submitted_via": "Web",
    "date_sent_to_company": "12/05/18",
    "company_response_to_consumer": "Closed with explanation",
    "timely_response": "Yes",
    "consumer_disputed": "N/A",
    "complaint_id": 3091543
}