{
    "date": "2018-12-17T00:00:00",
    "product": "Credit card or prepaid card",
    "sub-product": "General-purpose credit card or charge card",
    "issue": "Problem with a purchase shown on your statement",
    "sub-issue": "Credit card company isn't resolving a dispute about a purchase on your statement",
    "text": "I purchased an XXXX  for {$180.00} on XX/XX/XXXX. On XX/XX/XXXX, I cancelled the reservation for a 50 % refund. I was unhappy with a 50 % refund, so I started a dispute with CITI. \n\nOn XX/XX/XXXX, I received a notice from CITI that they were going to reverse the dispute and charged me {$93.00}. A {$90.00} refund had been received but I had also received a {$93.00} penalty, so I ended up paying more than the cost of the XXXX  for something that I had cancelled and received services from.",
    "company_public_response": "Company has responded to the consumer and the CFPB and chooses not to provide a public response",
    "company": "CITIBANK, N.A.",
    "state": "CA",
    "zipcode": "910XX",
    "tags": "None",
    "consumer_consent_provided": "Consent provided",
    "submitted_via": "Web",
    "date_sent_to_company": "12/17/18",
    "company_response_to_consumer": "Closed with explanation",
    "timely_response": "Yes",
    "consumer_disputed": "N/A",
    "complaint_id": 3102417
}