{
    "date": "2018-12-05T00:00:00",
    "product": "Checking or savings account",
    "sub-product": "Checking account",
    "issue": "Managing an account",
    "sub-issue": "Problem using a debit or ATM card",
    "text": "On XX/XX/2018 we had fraud on our debit card. It was compromised for {$590.00}. Chase bank said we are liars and there is no way our account could have been compromised. The charge occurred 35 miles away on the other side of town. We were in bed at the time. We filed 2 police reports. Sent footage of charges being made by someone else. They said we could have let someone else use our card. Our account has been negative ever since.",
    "company_public_response": "None",
    "company": "JPMORGAN CHASE & CO.",
    "state": "AZ",
    "zipcode": "853XX",
    "tags": "None",
    "consumer_consent_provided": "Consent provided",
    "submitted_via": "Web",
    "date_sent_to_company": "12/05/18",
    "company_response_to_consumer": "Closed with monetary relief",
    "timely_response": "Yes",
    "consumer_disputed": "N/A",
    "complaint_id": 3091942
}