{
    "date": "2018-12-05T00:00:00",
    "product": "Student loan",
    "sub-product": "Federal student loan servicing",
    "issue": "Dealing with your lender or servicer",
    "sub-issue": "Problem with customer service",
    "text": "I qualify for loan discharge as a XXXX XXXX XXXX veteran. \n\nXXXX sent letter to me on XX/XX/XXXX. \n\nCalled XX/XX/XXXX, they said it should be zeroed out by XX/XX/XXXX. \n\nCalled XX/XX/XXXX, Navient said the funds have been transferred and should be complete in 10-15 days. \n\nCalled again on XX/XX/XXXX, Navient said there were issues with the guarantor and there was nothing I could do. \n\nXX/XX/XXXX. XXXX confirmed that it has been approved. Asked XXXX to resend letter to navient. \n\nXX/XX/XXXX Called Navient again. They said they needed more documentation. \n\nI just want the loan discharged according to the law.",
    "company_public_response": "None",
    "company": "Navient Solutions, LLC.",
    "state": "FL",
    "zipcode": "322XX",
    "tags": "Servicemember",
    "consumer_consent_provided": "Consent provided",
    "submitted_via": "Web",
    "date_sent_to_company": "12/05/18",
    "company_response_to_consumer": "Closed with explanation",
    "timely_response": "Yes",
    "consumer_disputed": "N/A",
    "complaint_id": 3091879
}