{
    "date": "2018-12-05T00:00:00",
    "product": "Credit card or prepaid card",
    "sub-product": "General-purpose credit card or charge card",
    "issue": "Closing your account",
    "sub-issue": "Company closed your account",
    "text": "American Express abruptly locked all my accounts without notice. Leading to a major stall with my business. This has caused major inconvenience to the business and altered daily workflow. American Express notified me that they required personal tax documentations. All charges on my cards were legitimate purchases made personally on my charge and business transactions on my business cards. I did not violate any terms or conditions and deem this process unnecessary. I have been a loyal customer since 2016. I recently paid {$95.00} annual fees on 2 separate accounts and have a {$450.00} annual fee posting this month. I paid for annual fees and do not have the ability to use my accounts. Every statement was always paid in full and on time every month. American Express is penalizing a loyal customer for no reason provided. They mentioned an increase in Spend but I have spent more than my current balances in the past and paid in full with statement closing. With holiday season they should not be penalizing for an increase in Spend. American Express has also already requested personal bank statements earlier this year because a college tuition bill was charged on my card. I do not believe American Express has the authority to lock and keep requesting documents from me, especially after just paying for annual fees to use their cards. No terms or conditions where never breached. Most of the business charges came from XXXX, XXXX XXXX, and XXXX.",
    "company_public_response": "None",
    "company": "AMERICAN EXPRESS COMPANY",
    "state": "NY",
    "zipcode": "None",
    "tags": "None",
    "consumer_consent_provided": "Consent provided",
    "submitted_via": "Web",
    "date_sent_to_company": "12/05/18",
    "company_response_to_consumer": "Closed with explanation",
    "timely_response": "Yes",
    "consumer_disputed": "N/A",
    "complaint_id": 3092151
}