{
    "date": "2018-12-05T00:00:00",
    "product": "Student loan",
    "sub-product": "Federal student loan servicing",
    "issue": "Dealing with your lender or servicer",
    "sub-issue": "Problem with customer service",
    "text": "I have a federal student loan being serviced by Navient and my account has been \" disabled. '' It says to contact them for support but they don't have a support option for the time that I am able to contact them ( after XXXX PST ). I am unable to make a payment on my loan ( Which I already don't want to do ) and it is incredibly frustrating to be denied the ability to pay someone while being held responsible for paying them back.",
    "company_public_response": "None",
    "company": "Navient Solutions, LLC.",
    "state": "CA",
    "zipcode": "913XX",
    "tags": "None",
    "consumer_consent_provided": "Consent provided",
    "submitted_via": "Web",
    "date_sent_to_company": "12/05/18",
    "company_response_to_consumer": "Closed with explanation",
    "timely_response": "Yes",
    "consumer_disputed": "N/A",
    "complaint_id": 3091597
}