{
    "date": "2018-12-05T00:00:00",
    "product": "Student loan",
    "sub-product": "Federal student loan servicing",
    "issue": "Dealing with your lender or servicer",
    "sub-issue": "Trouble with how payments are being handled",
    "text": "XX/XX/2018 Here I am in the midst of trying to bury a loved on only to check my mail and receive this notice. \nIt's raining heavy in my life. \nI have contacted the loan holders 3x received emails saying my acct is in good standing and that i was NOT in default. 2wks ago received a letter stating that my account will be turned over and to contact the following agency : I have NOT received any letters, statements or correspondence from any agency indicating XXXX will be handling these loans further. XXXX with XXXX XXXX, XXXX, XXXX XXXX. \n\nWhy am I back at this stressful moment of being threatened by Garnishments. This is too overwhelming right now. I struggling just to pay rent, gas, utilities. Food is not in the budget. \nPLEASE!!! HELP I can not do this right now.",
    "company_public_response": "Company has responded to the consumer and the CFPB and chooses not to provide a public response",
    "company": "Navient Solutions, LLC.",
    "state": "NY",
    "zipcode": "113XX",
    "tags": "None",
    "consumer_consent_provided": "Consent provided",
    "submitted_via": "Web",
    "date_sent_to_company": "12/05/18",
    "company_response_to_consumer": "Closed with explanation",
    "timely_response": "Yes",
    "consumer_disputed": "N/A",
    "complaint_id": 3092451
}