{
    "date": "2018-12-05T00:00:00",
    "product": "Checking or savings account",
    "sub-product": "Checking account",
    "issue": "Managing an account",
    "sub-issue": "Fee problem",
    "text": "I got a charge about my XXXX bucks service fee because I did not meet their minimum balance XXXX. But I deposit back over XXXX next 2 days. I called Bank of America representative on XX/XX/XXXX.  He promised me can waive XXXX bucks monthly service fee this time because this is my first time. I was waiting for couple days, but I did not see any fee refund. So I called another day to see what's happen on it. But their manager XXXX changed their story. She is very rude with her bad attitude to me. She said her employee said wrong to me. Then she declined my request. I think bank of America should honor their promise what they said. They can not play a trick with customer.",
    "company_public_response": "Company has responded to the consumer and the CFPB and chooses not to provide a public response",
    "company": "BANK OF AMERICA, NATIONAL ASSOCIATION",
    "state": "CA",
    "zipcode": "917XX",
    "tags": "None",
    "consumer_consent_provided": "Consent provided",
    "submitted_via": "Web",
    "date_sent_to_company": "12/05/18",
    "company_response_to_consumer": "Closed with monetary relief",
    "timely_response": "Yes",
    "consumer_disputed": "N/A",
    "complaint_id": 3092064
}