{
    "date": "2018-12-05T00:00:00",
    "product": "Mortgage",
    "sub-product": "Conventional home mortgage",
    "issue": "Applying for a mortgage or refinancing an existing mortgage",
    "sub-issue": "None",
    "text": "Our mortgage was with Ditech and was sold in XX/XX/2016. We are attempting to purchase a new home and Ditech is reporting that our home was settled for less than amount owed. This is preventing me from purchasing a new home. Attached is the HUD-1 for the sale of the home, Letter from Ditech that states \" PAID in Full '' and letter from XXXX XXXX XXXX , XXXX that indicates \" paid in full ''",
    "company_public_response": "Company believes it acted appropriately as authorized by contract or law",
    "company": "Ditech Financial LLC",
    "state": "TX",
    "zipcode": "760XX",
    "tags": "None",
    "consumer_consent_provided": "Consent provided",
    "submitted_via": "Web",
    "date_sent_to_company": "12/05/18",
    "company_response_to_consumer": "Closed with explanation",
    "timely_response": "Yes",
    "consumer_disputed": "N/A",
    "complaint_id": 3091863
}