{
    "date": "2018-12-05T00:00:00",
    "product": "Checking or savings account",
    "sub-product": "Checking account",
    "issue": "Managing an account",
    "sub-issue": "Banking errors",
    "text": "Hi, I have a problem with Citi bank on the checking account opening promotion. I opened the account in XXXX with the promise of {$500.00} as bonus. And i have met all of their requirements. And they said the bonus will be deposited by XX/XX/2018. But it did not happen. \n\nI called and they launched an investigation for a month. On XX/XX/2018, they said I was not eligible. I called again. They said they made a mistake and launched a second investigation. And I called both its cooperate customer service, the branch and the online chatting, but all of them just made me wait! \n\nThe customer service representatives said everything looks fine but I was just being put away. \n\nI had to keep all of my money there for the account to be qualified and I feel they are just dragging the process. And it starts to feel like a spam. \n\nCould you please help me?",
    "company_public_response": "Company has responded to the consumer and the CFPB and chooses not to provide a public response",
    "company": "CITIBANK, N.A.",
    "state": "PA",
    "zipcode": "None",
    "tags": "None",
    "consumer_consent_provided": "Consent provided",
    "submitted_via": "Web",
    "date_sent_to_company": "12/05/18",
    "company_response_to_consumer": "Closed with explanation",
    "timely_response": "Yes",
    "consumer_disputed": "N/A",
    "complaint_id": 3091955
}