{
    "date": "2018-12-05T00:00:00",
    "product": "Credit card or prepaid card",
    "sub-product": "General-purpose credit card or charge card",
    "issue": "Other features, terms, or problems",
    "sub-issue": "Problem with rewards from credit card",
    "text": "I transferred XXXX ThankYou Points ( Citibank ) to XXXX XXXX to book award flights on XX/XX/XXXX. The transfer was instant, but XXXX 's website was having serious technical issues and the booking was not successful after several contacts with XXXX 's customer service. On XX/XX/XXXX, two days after I initiated the transfer and saw the booking probably never would be successful, I contacted Citi and Citi initiated a point dispute. Citi 's service  agent reassured me that for a case like this ( technical error on XXXX 's side ), the dispute would be successful, and they would call me back after they heard back from XXXX. However, I haven't received any calls and after a week, when I contacted Citi once again, the agent said the dispute was not successful, and the point reversal is not going to happen the moment I transferred them. Citi basically refused to argue with XXXX on behalf of their customers and Citi ThankYou Points customers literally have no protection at all after they initiate a transfer.",
    "company_public_response": "Company has responded to the consumer and the CFPB and chooses not to provide a public response",
    "company": "CITIBANK, N.A.",
    "state": "CA",
    "zipcode": "941XX",
    "tags": "None",
    "consumer_consent_provided": "Consent provided",
    "submitted_via": "Web",
    "date_sent_to_company": "12/06/18",
    "company_response_to_consumer": "Closed with explanation",
    "timely_response": "Yes",
    "consumer_disputed": "N/A",
    "complaint_id": 3092200
}