{
    "date": "2018-12-05T00:00:00",
    "product": "Mortgage",
    "sub-product": "Conventional home mortgage",
    "issue": "Struggling to pay mortgage",
    "sub-issue": "None",
    "text": "I had a motification loan that i was doing to lower my payment that the company in question kept making mistakes on causing my loan to be reported late. They kept telling me that they were taking care of it only to have nothing done and late pays continually showing up on my report. I own a car dealership and because of the problems caused by this company to my credit they reduced the amount of cars that i could offer at my dealership which essentially has forced me to close my doors. I have tried to resolve this issue with the company many times but nothing has happened. Please help.",
    "company_public_response": "Company has responded to the consumer and the CFPB and chooses not to provide a public response",
    "company": "WELLS FARGO & COMPANY",
    "state": "MO",
    "zipcode": "None",
    "tags": "None",
    "consumer_consent_provided": "Consent provided",
    "submitted_via": "Web",
    "date_sent_to_company": "12/05/18",
    "company_response_to_consumer": "Closed with explanation",
    "timely_response": "Yes",
    "consumer_disputed": "N/A",
    "complaint_id": 3092056
}