{
    "date": "2018-12-04T00:00:00",
    "product": "Mortgage",
    "sub-product": "Conventional home mortgage",
    "issue": "Trouble during payment process",
    "sub-issue": "None",
    "text": "I have a mortgage on my home, Wells Fargo acquired the mortgage from XXXX XXXX XXXX. The payment is due on the XXXX and late on the XXXX. I usually pay in advance. I mailed my XX/XX/XXXX payment on XX/XX/2018. The bank received it and processed it through my bank on XX/XX/XXXX. My checkbook journal says I wrote it for the right amount. Wells Fargo says the payment was short by {$100.00}. I can not verify this as the method Wells Fargo uses to process the check, something like a debit card payment according to my bank, means I can't get a copy of the check. Wells Fargo placed the entire payment in \" unapplied funds '' on XX/XX/XXXX. Wells Fargo made no attempt to notify me of the alleged {$100.00} shortfall. On XX/XX/XXXX, the day after the past due date, Wells Fargo declared the entire mortgage payment past due and assessed a late fee of {$57.00} ( 57.97 % of the {$100.00} 's past due for 1 day. ) On XX/XX/XXXX Wells Fargo notified me by e-mail that the payment was past due and the late fee. I went to the bank on XX/XX/XXXX and paid the {$100.00}, the late fee was allegedly removed but it still showed on the account today, XXXX. I can not believe it is legal for the bank to hold my money and not notify me for 24 days so that it can assess a late charge, ding my credit and make it harder to get rid of them once and for all. Wells Fargo has my address, my e-mail address and my telephone number!",
    "company_public_response": "Company has responded to the consumer and the CFPB and chooses not to provide a public response",
    "company": "WELLS FARGO & COMPANY",
    "state": "WA",
    "zipcode": "None",
    "tags": "Servicemember",
    "consumer_consent_provided": "Consent provided",
    "submitted_via": "Web",
    "date_sent_to_company": "12/04/18",
    "company_response_to_consumer": "Closed with explanation",
    "timely_response": "Yes",
    "consumer_disputed": "N/A",
    "complaint_id": 3091165
}