{
    "date": "2018-12-04T00:00:00",
    "product": "Credit card or prepaid card",
    "sub-product": "General-purpose credit card or charge card",
    "issue": "Fees or interest",
    "sub-issue": "Problem with fees",
    "text": "This is incredible ... I'm a consumer of the worst bank in Puerto Rico and the worst mobile company too.\n\nLook at this. A twice charge of what? In the same day.\n\nWhy this people is working ... if that's what can it be call. XXXX XXXX!  AND I TRIED TO REACH THEM BUT THEY NEVER, NEVER FIND MY INFORMATION.",
    "company_public_response": "Company has responded to the consumer and the CFPB and chooses not to provide a public response",
    "company": "FIRSTBANK PUERTO RICO",
    "state": "PR",
    "zipcode": "00987",
    "tags": "None",
    "consumer_consent_provided": "Consent provided",
    "submitted_via": "Web",
    "date_sent_to_company": "12/04/18",
    "company_response_to_consumer": "Closed with explanation",
    "timely_response": "Yes",
    "consumer_disputed": "N/A",
    "complaint_id": 3091131
}