{
    "date": "2018-12-16T00:00:00",
    "product": "Credit card or prepaid card",
    "sub-product": "General-purpose credit card or charge card",
    "issue": "Advertising and marketing, including promotional offers",
    "sub-issue": "Didn't receive advertised or promotional terms",
    "text": "I'd like to file a complaint about the opening bonus of my Citi thank you premier card. Per condition and term ( *please see attached about condition and term ), I will receive XXXX TYP after spending XXXX   within the first 90 days after the account is opened. After I spent $ XXXX, I chated with Citi and got the confirmation that I'll be receiving my XXXX TYP within next 1-2 billing cycles ( *please see the screenshot named after p1 ). Till last week, I still haven't received the opening bonus, so I chated again with Citi and I was told that I no longer will be able to receive points since I didn't meet the spending requirement. For whatever reason, they said they appreciated my business and gave me XXXX   points as goodwill.\n\nI'm SO SO SO confused about why I was told to get XXXX thank-you points a month ago but now I'm told I won't ( * please see the screenshot named after p2 ). This is SO SO SO frustrating and I'd like to request CFPB to help me out.",
    "company_public_response": "Company has responded to the consumer and the CFPB and chooses not to provide a public response",
    "company": "CITIBANK, N.A.",
    "state": "IL",
    "zipcode": "600XX",
    "tags": "None",
    "consumer_consent_provided": "Consent provided",
    "submitted_via": "Web",
    "date_sent_to_company": "12/16/18",
    "company_response_to_consumer": "Closed with non-monetary relief",
    "timely_response": "Yes",
    "consumer_disputed": "N/A",
    "complaint_id": 3101740
}