{
    "date": "2018-12-04T00:00:00",
    "product": "Student loan",
    "sub-product": "Federal student loan servicing",
    "issue": "Dealing with your lender or servicer",
    "sub-issue": "Need information about your loan balance or loan terms",
    "text": "i have been trying to get my student loan out of default, i was promised that the default paperwork would be completed by the end of XX/XX/2018. I tried for three weeks to get someone to send me the paperwork stating my account is no longer in default, i have been to NSLDS to check the status of my defaulted student loans and the status is still the same. Every time i contact XXXX XXXX its the same, you wait on the line for 10-15 minutes with no response, or someone answers and then places you on a call to tell you that they will need to call back, or they promise to call back with an update. \n\nAll i want is to have the student loan status moved out of default because i completed making payments for the 9 months required. I have been paying out of pocket for school and want to place my loans in deferment. \n\nXXXX XXXX keeps trying going back and forth and making excuses, telling me that i need to sign another rehabilitation agreement, they've told me that i never signed one and once i send them what i have they tell me that one is the correct one. \n\nI'm not sure why something so simple has turned into a nightmare with no able to help or resolve issues.",
    "company_public_response": "Company has responded to the consumer and the CFPB and chooses not to provide a public response",
    "company": "College Assist",
    "state": "CA",
    "zipcode": "921XX",
    "tags": "None",
    "consumer_consent_provided": "Consent provided",
    "submitted_via": "Web",
    "date_sent_to_company": "12/04/18",
    "company_response_to_consumer": "Closed with monetary relief",
    "timely_response": "Yes",
    "consumer_disputed": "N/A",
    "complaint_id": 3090965
}