{
    "date": "2018-12-04T00:00:00",
    "product": "Student loan",
    "sub-product": "Federal student loan servicing",
    "issue": "Dealing with your lender or servicer",
    "sub-issue": "Problem with customer service",
    "text": "I put my defaulted loans in rehab through XXXX XXXX and made my 9 on time monthly payments. Navient, now XXXX, says they don't know what happened and that my loans were never rehabbed. Now I'm getting letters that my taxes will be offset because my loans are still in default. Years ago, in XX/XX/XXXX, XX/XX/XXXX, XX/XX/XXXX I was advised to forbear my loans because I couldn't afford the XXXX a month payment. My loans were only for {$25000.00} at that time. I've reached out to Navient and XXXX XXXX to resolve this and they keep telling me to just keep making my monthly payment and eventually the loans will be picked up by a lender. I don't know what to do.",
    "company_public_response": "None",
    "company": "Navient Solutions, LLC.",
    "state": "KY",
    "zipcode": "402XX",
    "tags": "None",
    "consumer_consent_provided": "Consent provided",
    "submitted_via": "Web",
    "date_sent_to_company": "12/04/18",
    "company_response_to_consumer": "Closed with explanation",
    "timely_response": "Yes",
    "consumer_disputed": "N/A",
    "complaint_id": 3091045
}