{
    "date": "2018-12-04T00:00:00",
    "product": "Credit card or prepaid card",
    "sub-product": "Store credit card",
    "issue": "Trouble using your card",
    "sub-issue": "Can't use card to make purchases",
    "text": "I opened a XXXX XXXX credit card which is banked with synchronie bank. They stopped my card without mailing me any explanation. I called them 3-4 times they said they mailed me a package for me ti fill it out and send it bank. but I never received that package. Because of them my other credit cards are not working. Every time I call they do not give me any explanation or reason why",
    "company_public_response": "Company has responded to the consumer and the CFPB and chooses not to provide a public response",
    "company": "SYNCHRONY FINANCIAL",
    "state": "CA",
    "zipcode": "913XX",
    "tags": "None",
    "consumer_consent_provided": "Consent provided",
    "submitted_via": "Web",
    "date_sent_to_company": "12/04/18",
    "company_response_to_consumer": "Closed with explanation",
    "timely_response": "Yes",
    "consumer_disputed": "N/A",
    "complaint_id": 3091161
}