{
    "date": "2018-12-04T00:00:00",
    "product": "Checking or savings account",
    "sub-product": "Checking account",
    "issue": "Problem with a lender or other company charging your account",
    "sub-issue": "Transaction was not authorized",
    "text": "Back on XX/XX/2018 two fraudulant charges where placed under my XXXX account 1 ) {$330.00} 2 ) {$370.00} For items i never purchased, received or have proof of even ordering. \nXXXX is claiming that because it was done online and have since closed my online accounts ( to prevent further theft ) they have no history of anything and that I must have made the purchases bc there is no way to check. \nMy bank HSBC will not refund me the money because XXXX is saying that i have made previous purchases so therefore, i pre-authorized any charges on my account.",
    "company_public_response": "None",
    "company": "HSBC NORTH AMERICA HOLDINGS INC.",
    "state": "NY",
    "zipcode": "117XX",
    "tags": "None",
    "consumer_consent_provided": "Consent provided",
    "submitted_via": "Web",
    "date_sent_to_company": "12/04/18",
    "company_response_to_consumer": "Closed with explanation",
    "timely_response": "Yes",
    "consumer_disputed": "N/A",
    "complaint_id": 3090998
}