{
    "date": "2018-12-04T00:00:00",
    "product": "Checking or savings account",
    "sub-product": "Checking account",
    "issue": "Managing an account",
    "sub-issue": "Problem using a debit or ATM card",
    "text": "I went to XXXX on XX/XX/2018 to have XXXX. Sometime during my XXXX stay my phone and debit card were stolen. My phone was clearly not locked and someone took over {$1300.00} from my account while I was recovering in XXXX. As soon as I realized my debit card and phone were gone, I traveled to XXXX XXXX California when I had the energy to which was just a couple days later. I acquired a phone and immediately informed Bank Of America about what had happened. After I got to my hotel in XXXX XXXX, I logged into my account. I saw a bunch of transactions including some that werent approved/didnt go through. My plan was to be in XXXX for two weeks, this completely ruined our trip, and I was in so much pain on top of it. A day after I submitted my claim to Bank Of America, they put the funds back in. \n\nI thought everything had been taken care of, but then they withdrew all of the money without notice to me about 30 days later which put me in more serious banking trouble because they did not inform me that was going to happen or give me a heads up. I calle them immediately, they said that they didnt believe it because whoever stole money never checked the balance and there should have been more transactions on my account at the time. When I logged in, there were a TON of transactions that were pending ( that first day I was able to log back on ). They are lying and wont give me my money back!! \n\nSince then I have called Bank Of America, faxed over proof of why I was in XXXX including XXXX papers protected by HIPAA. I have tried to get a police report here in XXXX XXXX where I live however they did XXXX due to the incident not happening in the city limits. Every time I call Bank Of America they say they have no information for me except that they have escalated my claim. But it is been over five months since this occurred, and I want my money back that was stolen. I have done my due diligence and Bank of America hasnt done anything except not cover someone stealing my money like they are supposed to, and put me more in the negative when they took my money back. I have been with Bank of America for a very long time, they have been a horrible Bank in this experience. Please help me.",
    "company_public_response": "Company has responded to the consumer and the CFPB and chooses not to provide a public response",
    "company": "BANK OF AMERICA, NATIONAL ASSOCIATION",
    "state": "NV",
    "zipcode": "None",
    "tags": "None",
    "consumer_consent_provided": "Consent provided",
    "submitted_via": "Web",
    "date_sent_to_company": "12/04/18",
    "company_response_to_consumer": "Closed with monetary relief",
    "timely_response": "Yes",
    "consumer_disputed": "N/A",
    "complaint_id": 3091343
}