{
    "date": "2018-12-04T00:00:00",
    "product": "Student loan",
    "sub-product": "Federal student loan servicing",
    "issue": "Dealing with your lender or servicer",
    "sub-issue": "Trouble with how payments are being handled",
    "text": "I have been paying on my student loans for over eight years now. I started out with {$30000.00} of debt and still owe {$30000.00}. My payments were applied 100 % towards the interest and none towards the principal. When I figured out that was what Navient was doing I called and spoke with a customer service representative who told me I had to pay off all the interest first before anything would be applied to the principal. I asked why was I given a choice of how I wanted my payment applied when paying online and then applied differently and I was given the same answer. I told the customer service representative that I would never be able to pay my loans off if that was how they did it and I was told that it was Navients policy. I started off with nine student loans and have paid one off in full and still owe the same amount I did when I started paying ... .how is that even possible or fair??",
    "company_public_response": "None",
    "company": "Navient Solutions, LLC.",
    "state": "SC",
    "zipcode": "295XX",
    "tags": "None",
    "consumer_consent_provided": "Consent provided",
    "submitted_via": "Web",
    "date_sent_to_company": "12/04/18",
    "company_response_to_consumer": "Closed with explanation",
    "timely_response": "Yes",
    "consumer_disputed": "N/A",
    "complaint_id": 3090427
}