{
    "date": "2018-12-04T00:00:00",
    "product": "Student loan",
    "sub-product": "Federal student loan servicing",
    "issue": "Dealing with your lender or servicer",
    "sub-issue": "Trouble with how payments are being handled",
    "text": "My servicer for my federal loans is ( XXXX XXXX, XXXX XXXX XXXX, XXXX, PA XXXX, XXXX ). I am enrolled in automatic debit by FedLoan Servicing for my student loans. I am enrolled in an Income-Based Repayment plan. I am also enrolled the Public Service Loan Forgiveness ( PSLF ) program. According to the PSLF program, after I make 120 payments ( 10 years ), then my federal loans will be forgiven. Last year, I enrolled in graduate school, and unbeknownst to me, XXXX XXXX placed my loans in deferment. I never consented to this, and I would have never authorized it if someone at XXXX XXXX had attempted to contact me. As a result of my loans being placed in deferment, I have lost out on ~12 payments into the Public Service Loan Forgiveness program. I complained to XXXX what has happened, and they have sent me documentation with many inaccuracies ( from XXXX XXXX XXXX initials XXXX  XXXX ). First, they claimed that they contacted me regarding placing my payments in deferment. I do not have any such documentation from them regarding this. Second, they claim that they are \" required '' to place my loans in deferment if I am enrolled in school at least part time. These federal \" guidelines '' state that my loans \" may receive a deferment ... if your servicer receives information from the school you are attending that indicates you are enrolled at least part time. If your servicer processes a deferment based on information received from your school, you will be notified of the deferment and will have the option of canceling the deferment and continuing to make payments on your loan. '' Again, this is not a \" requirement '' and I was not notified of this.",
    "company_public_response": "None",
    "company": "AES/PHEAA",
    "state": "CA",
    "zipcode": "921XX",
    "tags": "None",
    "consumer_consent_provided": "Consent provided",
    "submitted_via": "Web",
    "date_sent_to_company": "12/04/18",
    "company_response_to_consumer": "Closed with explanation",
    "timely_response": "Yes",
    "consumer_disputed": "N/A",
    "complaint_id": 3091482
}