{
    "date": "2018-12-04T00:00:00",
    "product": "Credit card or prepaid card",
    "sub-product": "General-purpose credit card or charge card",
    "issue": "Advertising and marketing, including promotional offers",
    "sub-issue": "Confusing or misleading advertising about the credit card",
    "text": "I called to cancel my American Express Delta miles card. I talked to XXXX from XXXX Florida. I asked her to close my account and she responded by telling me that if I close my account they would take back any bonus miles that I received as a promotion. When I asked what would happen if I used the miles already and didnt have any left. She informed me that they would charge me for any bonus miles that were given to me as a promotion. This was false and miss leading information, and I told her that I want to see that policy in writing. She said that it was not in writing and that it was at the discretion of managers to make this kind of decision. I believe she was using a fear tactic to keep me from closing my card. Had I not known more information credit card companies or been less confident, I might have been afraid to close my card. I asked her to Close my card and transfer me to a manager, where I left a message on the voicemail. I have not heard back from American Express about this misleading practice.",
    "company_public_response": "None",
    "company": "AMERICAN EXPRESS COMPANY",
    "state": "WA",
    "zipcode": "None",
    "tags": "None",
    "consumer_consent_provided": "Consent provided",
    "submitted_via": "Web",
    "date_sent_to_company": "12/04/18",
    "company_response_to_consumer": "Closed with explanation",
    "timely_response": "Yes",
    "consumer_disputed": "N/A",
    "complaint_id": 3091157
}