{
    "date": "2018-12-04T00:00:00",
    "product": "Student loan",
    "sub-product": "Federal student loan servicing",
    "issue": "Dealing with your lender or servicer",
    "sub-issue": "Received bad information about your loan",
    "text": "I have about 45,000. in plus loans with Nelnet . I recently completed chapter XXXX bankruptcy so I have not been able to access my Nelnet documentation while I was in bankruptcy. My bankruptcy trustee made my loan payments and I could not view the Nelnet account online, I have been very careful to make all the payments on time because I was told I should qualify for Public Service loan forgiveness. I spoke with Nelnet and Federal Student Aid prior to starting Chapter XXXX bankruptcy due to a divorce and both parties, Nelnet and Studentloans.gov verified this. My employer has been approved I have that documentation. .Today I called Nelnet because I still can not access my account upon completion of 5 years of bankruptcy and I was told that I don't qualify because I am in the wrong repayment plan and my loans are not all consolidated. I thought my loans had been consolidated when my son finished college in XXXX. My loan balance is currently more than it was when I started the bankruptcy because my payments have only been going to interest. Had I known this I would have taken care of it before the bankruptcy payments began. The student loan payments were made out of my Chapter XXXX payment. I have spoken with several different people at this agency and at Nelnet over the past 10 years as I was planning for my loans to be cancelled. Today I was told that my 10 years would start over when I moved to the income based repayment plan and my loans are consolidated. I don't know how to proceed. At this point I have been out of bankruptcy since late XXXX and I still can not access my account which is why I called. The representative stated that the account was not cleared yet to be released to me so that I can view it. It should be another week or so. I was worried that if I miss payments my forgiveness would be voided. I have had to contact them yearly to get documentation of the interest I have paid for tax purposes. Turns out it doesn't matter anyway. I'm XXXX years old, I plan to retire one day. I have currently had and paid student loan payments most of my adult life. First for me then for my kids. Is there no justice in paying ones bills? I'm not trying to make this a sob story, I'm just so frustrated by the conflicting information that I've received. I honestly thought I had hit the 10 year point in XXXX, at that point I was told I would have to finish my bankruptsy.",
    "company_public_response": "None",
    "company": "NELNET, INC.",
    "state": "OH",
    "zipcode": "457XX",
    "tags": "None",
    "consumer_consent_provided": "Consent provided",
    "submitted_via": "Web",
    "date_sent_to_company": "12/04/18",
    "company_response_to_consumer": "Closed with explanation",
    "timely_response": "Yes",
    "consumer_disputed": "N/A",
    "complaint_id": 3090679
}