{
    "date": "2018-12-04T00:00:00",
    "product": "Mortgage",
    "sub-product": "Conventional home mortgage",
    "issue": "Struggling to pay mortgage",
    "sub-issue": "None",
    "text": "In XX/XX/XXXX I received a Modification on my home with XXXX XXXX that did not lower my Mortgage enough to help make payments affordable.I had to find more work since I am on Social Security XXXX.I made all monthly payments even though some were sometimes late. \nIn XX/XX/XXXX I was granted a Disaster Forebearance for 6 months because my work was affected by the Hurricane. The Forebearance was extended an additional 6 months because my financial situation had not been resolved. \nIn XX/XX/XXXX I applied for another Modication to include the money owed during the Forebearance but was denied for all programs. \nI was told by SETERUS INC that I could not make the XX/XX/XXXX payment because it would not be accepted until the months owed during the Forebearance were paid.I have applied for HOME SAFE GEORGIA to pay the arrears and am awaiting their decision. I informed the Mortagage Company of this. \nI have been in frequent contact with the SETERUS INC to keep them informed of the status of the application but was told on XX/XX/XXXX that I received an INTENT TO ACCELLERATE in XX/XX/XXXX DURING THE FOREBEARANCE that is still active and they could start FORECLOSURE. \nI AM IN FEAR OF FORECLOSURE.",
    "company_public_response": "Company has responded to the consumer and the CFPB and chooses not to provide a public response",
    "company": "Seterus, Inc.",
    "state": "GA",
    "zipcode": "302XX",
    "tags": "Older American",
    "consumer_consent_provided": "Consent provided",
    "submitted_via": "Web",
    "date_sent_to_company": "12/12/18",
    "company_response_to_consumer": "Closed with explanation",
    "timely_response": "Yes",
    "consumer_disputed": "N/A",
    "complaint_id": 3090744
}