{
    "date": "2018-12-04T00:00:00",
    "product": "Credit card or prepaid card",
    "sub-product": "General-purpose credit card or charge card",
    "issue": "Closing your account",
    "sub-issue": "Company closed your account",
    "text": "Capitalone closed my account three times. The reason they provided is \" We have observed activity on a past or present capital one account that is not consistent with our expectations of usage for commercial or small business purposes. '' \" We have observed activity on a past or present capital one account that is not consistent with our expectations of usage for personal, family or household purposes. '' \" We have observed activity on a past or present capital one account that is not consistent with our expectations of usage for personal, family or household purposes. '' I do not understand what that means. \nWhy capital one approve credit cards and gives limit of XXXX I never crossed my limits. I paid all credit card on time.",
    "company_public_response": "None",
    "company": "CAPITAL ONE FINANCIAL CORPORATION",
    "state": "CA",
    "zipcode": "953XX",
    "tags": "None",
    "consumer_consent_provided": "Consent provided",
    "submitted_via": "Web",
    "date_sent_to_company": "12/04/18",
    "company_response_to_consumer": "Closed with explanation",
    "timely_response": "Yes",
    "consumer_disputed": "N/A",
    "complaint_id": 3090396
}