{
    "date": "2018-12-03T00:00:00",
    "product": "Vehicle loan or lease",
    "sub-product": "Loan",
    "issue": "Incorrect information on your report",
    "sub-issue": "Account information incorrect",
    "text": "I have a loan with TOYOTA MOTOR CREDIT CO XXXX Balance {$14000.00}. I have always made my payments on time. For some reason I realized that there was a late payment on my credit report. As you can see, I have always had a stellar payment record with this company. I tried contacting both XXXX and TOYOTA MOTOR CREDIT CO with no successful resolution. XXXX only reporting me late. There was definitely an error on their part. I was never 30 days late.",
    "company_public_response": "None",
    "company": "TOYOTA MOTOR CREDIT CORPORATION",
    "state": "CA",
    "zipcode": "907XX",
    "tags": "None",
    "consumer_consent_provided": "Consent provided",
    "submitted_via": "Web",
    "date_sent_to_company": "12/03/18",
    "company_response_to_consumer": "Closed with explanation",
    "timely_response": "Yes",
    "consumer_disputed": "N/A",
    "complaint_id": 3089374
}