{
    "date": "2018-12-03T00:00:00",
    "product": "Mortgage",
    "sub-product": "Conventional home mortgage",
    "issue": "Trouble during payment process",
    "sub-issue": "None",
    "text": "Compass Bank approved me for a loan modification in XX/XX/2017. I asked them for a break down of the numbers to show how them came to the balance owed for the loan modification document. They stated that I would see the numbers when I signed the loan modification paperwork. I went to the bank to sign the modification papers and review the figures. All the bank had was the modification documents. I called the department I had been dealing with and could not reach anyone. I went ahead and signed so as to not lose my home and continued to try and get the numbers from Compass Bank. I never received the figures and when I received my first mortgage statement it showed my first payment due in the amount of XXXX and stated we have referred your account for foreclosure. Again I call and can not reach anyone. I went to the local bank and they said there is nothing they can do nor could they take my payment that I agreed to on the modification papers. This continued on month after month with my payment going to XXXX and each month just kept going up and I couldn't get any help. Then Compass Bank starts foreclosing on my property. I emailed Compass Bank 's attorney and they could not help nor would Compass Bank. They said apply for another modification. They would not even address the questions nor the issue. Then I sent in the request for loan modification just to save my home and XXXX XXXX states its too late I needed to pay thousands of dollars XXXX or XXXX I can't remember because she kept changing the figure or they will not move the sale date. Still not addressing the payment issue. Therefore I had to file Bankruptcy so as to not lose my house,",
    "company_public_response": "None",
    "company": "BBVA COMPASS FINANCIAL CORPORATION",
    "state": "CO",
    "zipcode": "None",
    "tags": "None",
    "consumer_consent_provided": "Consent provided",
    "submitted_via": "Web",
    "date_sent_to_company": "12/03/18",
    "company_response_to_consumer": "Closed with explanation",
    "timely_response": "Yes",
    "consumer_disputed": "N/A",
    "complaint_id": 3089536
}