{
    "date": "2018-12-03T00:00:00",
    "product": "Checking or savings account",
    "sub-product": "Checking account",
    "issue": "Opening an account",
    "sub-issue": "Didn't receive terms that were advertised",
    "text": "I opened an account with Citibank. The terms of the promotion were Earn {$400.00} when you open a new checking and savings account in the Citi Account Package and complete the following requirements : Within 30 days of opening your account deposit {$15000.00} new-to-Citibank funds into the checking or savings account. A minimum of {$1500.00} must be in the checking account and a minimum of {$100.00} must be in the savings account. \nMaintain a minimum balance of {$15000.00} in your eligible linked checking and savings account for 60 days. I opened the account end of XX/XX/XXXX and deposited the funds on XX/XX/XXXX. I met the requirements by XX/XX/XXXX. The 90 day requirement finshed on XX/XX/XXXX. I contacted the bank and they opened a case. But not update afterwards.",
    "company_public_response": "Company has responded to the consumer and the CFPB and chooses not to provide a public response",
    "company": "CITIBANK, N.A.",
    "state": "MI",
    "zipcode": "481XX",
    "tags": "None",
    "consumer_consent_provided": "Consent provided",
    "submitted_via": "Web",
    "date_sent_to_company": "12/03/18",
    "company_response_to_consumer": "Closed with explanation",
    "timely_response": "Yes",
    "consumer_disputed": "N/A",
    "complaint_id": 3090192
}