{
    "date": "2018-12-03T00:00:00",
    "product": "Mortgage",
    "sub-product": "Conventional home mortgage",
    "issue": "Closing on a mortgage",
    "sub-issue": "None",
    "text": "Wells Fargo informed us that through their negligence they never properly recorded our mortgage with the XXXXXXXX XXXX  XXXX XXXX County Clerk 's Office, thus leaving our mortgage unrecorded. I reached out to them several times, but they have refused to right this wrong. We closed on our mortgage in XXXX of 2016. About ten days ago I contacted XXXX XXXX the Deputy City Register at the Dept. of Finance and told her of the situation. She spoke with XXXX XXXX of Wells Fargo and told them that they were responsible for the fees and costs of recording my mortgage, yet they still have not sought to rectify the situation. Can you have them rectify the situation? If not, can you put me in contact with the agency that can?",
    "company_public_response": "Company has responded to the consumer and the CFPB and chooses not to provide a public response",
    "company": "WELLS FARGO & COMPANY",
    "state": "NY",
    "zipcode": "114XX",
    "tags": "None",
    "consumer_consent_provided": "Consent provided",
    "submitted_via": "Web",
    "date_sent_to_company": "12/03/18",
    "company_response_to_consumer": "Closed with explanation",
    "timely_response": "Yes",
    "consumer_disputed": "N/A",
    "complaint_id": 3090126
}