{
    "date": "2018-12-03T00:00:00",
    "product": "Mortgage",
    "sub-product": "Conventional home mortgage",
    "issue": "Applying for a mortgage or refinancing an existing mortgage",
    "sub-issue": "None",
    "text": "1 ) On XX/XX/2018, after paying the Private Mortgage Insurance ( PMI ) for more than a year, I paid the new appraisal that Flagstar requests me in order to study the possibility to waive the Private Mortgage Insurance ( PMI ) 2 ) On XX/XX/2018, Flagstar told me that the appraised value was insufficient to warrant a waiver of the insurance. \n3 ) On XX/XX/XXXX, after several phone conversations with the PMI Department of Flagstar, they suggest me to DISPUTE the appraisal value. \n5 ) On XX/XX/2018, I sent to Flagstar an email with all the information that they requested me in order to dispute the appraisal value, in order to waive the Private Mortgage Insurance. ( including at least five Comparable houses sold in the last six months ) 6 ) On XX/XX/2018, after three weeks without a response, I sent a follow-up email to Flagstar. I did not receive any response 7 ) On XX/XX/2018, I spoke by phone with their PMI Department, and they assured me that I would get an answer on XX/XX/2018. They gave me the Case Number : XXXX, but I never heard back from them. \n8 ) On XX/XX/2018, I spoke with Mr. XXXX XXXX, Home Leading Area Manager of Flagstar, and I sent to him a new email. He sent me on XX/XX/2018, an email where he very kindly let me know that he escalated my case \" through his management chain '' 9 ) On XX/XX/2018, I called Flagstar again and someone from the PMI Department told me that my case has not been yet resolved and that I have to wait for 3 to 4 weeks more for an answer ... \n10 ) On XX/XX/2018 I wrote an email to the Office of the President ( Flagstar ) asking for his collaboration in this case. \n11 ) On XX/XX/2018, I received an email from The Office of the President where they told me \" We look forward to providing you a response within 30 business days ''. \n10 ) Until today, after more than FIFTY-TWO ( 52 ) days since XX/XX/2018, I have not received any response. \n\nI am not sure how many emails, phone calls, and months this company needs to answer a request from one of your clients. I am so sorry, but I am exhausted by this absurd bureaucratic system of Flagstar, and this is why I need your help. I would appreciate very much your kind consideration and valuable help in order to resolve this situation as soon as possible.",
    "company_public_response": "Company has responded to the consumer and the CFPB and chooses not to provide a public response",
    "company": "FLAGSTAR BANK, FSB",
    "state": "NC",
    "zipcode": "275XX",
    "tags": "None",
    "consumer_consent_provided": "Consent provided",
    "submitted_via": "Web",
    "date_sent_to_company": "12/04/18",
    "company_response_to_consumer": "Closed with explanation",
    "timely_response": "Yes",
    "consumer_disputed": "N/A",
    "complaint_id": 3090313
}