{
    "date": "2018-12-03T00:00:00",
    "product": "Vehicle loan or lease",
    "sub-product": "Loan",
    "issue": "Struggling to pay your loan",
    "sub-issue": "Denied request to lower payments",
    "text": "On XX/XX/XXXX hurricane Micheal affected my area, I live in XXXX XXXX, fl, I was without phone service and internet. Once phone service was restored I attempted to reach out to XXXX XXXX to ask if there was any way they could offer assistance since I was also out of work for over a month. I attempted to call and email and never heard a response. They reported my late payment and charged me late fees. I still have very limited internet access and I still have not heard from them except to receive my next monthly statement.",
    "company_public_response": "Company has responded to the consumer and the CFPB and chooses not to provide a public response",
    "company": "FC HoldCo LLC",
    "state": "FL",
    "zipcode": "324XX",
    "tags": "None",
    "consumer_consent_provided": "Consent provided",
    "submitted_via": "Web",
    "date_sent_to_company": "12/03/18",
    "company_response_to_consumer": "Closed with explanation",
    "timely_response": "Yes",
    "consumer_disputed": "N/A",
    "complaint_id": 3089552
}