{
    "date": "2018-12-15T00:00:00",
    "product": "Checking or savings account",
    "sub-product": "Checking account",
    "issue": "Opening an account",
    "sub-issue": "Didn't receive terms that were advertised",
    "text": "I opened a checking/savings account package with Citi Bank through a promotional offer. The offer was that if I maintained a combined balance of {$15000.00} for 60 days, Citi Bank would give me {$400.00} within 90 days after the 60 day balance requirement was met. \n\nI opened my account in XX/XX/2018. The {$15000.00} balance requirement was fulfilled on XX/XX/2018. 60 day requirement was met two months later in XX/XX/2018. 90 days had passed in XX/XX/2018. I called Citi Bank as I had still not received the bonus. The customer service representative could not help me. I tried the chat service. All the customer service representative just repeated what the promotional offer was but the issue was not resolved. Both of the customer service representatives had no updates and had no information to resolve the issue. The representatives told me to continue waiting additional days on top of the 90 days I already waited. \n\nCiti Bank shows no urgency or respect for my time, nor do they show that they care that they are misleading their new customers with a false advertisement promotion.",
    "company_public_response": "Company has responded to the consumer and the CFPB and chooses not to provide a public response",
    "company": "CITIBANK, N.A.",
    "state": "CA",
    "zipcode": "900XX",
    "tags": "None",
    "consumer_consent_provided": "Consent provided",
    "submitted_via": "Web",
    "date_sent_to_company": "12/15/18",
    "company_response_to_consumer": "Closed with explanation",
    "timely_response": "Yes",
    "consumer_disputed": "N/A",
    "complaint_id": 3101099
}