{
    "date": "2018-12-03T00:00:00",
    "product": "Student loan",
    "sub-product": "Federal student loan servicing",
    "issue": "Incorrect information on your report",
    "sub-issue": "Account status incorrect",
    "text": "Navient admits to servicing three federal public loans that XXXX XXXX took out for college. These three loans are still reporting incorrectly on XXXX 's credit report. Even accepting Navient 's statement that these three loans defaulted in XX/XX/2013, the credit report still shows the three loans as \" collection '' even thought they have been paid. following these entries, it says \" account transferred or sold '' please fix the credit reporting by Navient to remove the \" collection '' language.",
    "company_public_response": "None",
    "company": "Navient Solutions, LLC.",
    "state": "NH",
    "zipcode": "03801",
    "tags": "None",
    "consumer_consent_provided": "Consent provided",
    "submitted_via": "Web",
    "date_sent_to_company": "12/03/18",
    "company_response_to_consumer": "Closed with explanation",
    "timely_response": "Yes",
    "consumer_disputed": "N/A",
    "complaint_id": 3090191
}