{
    "date": "2018-12-03T00:00:00",
    "product": "Credit card or prepaid card",
    "sub-product": "General-purpose credit card or charge card",
    "issue": "Other features, terms, or problems",
    "sub-issue": "Other problem",
    "text": "Continuation of complaint XXXX XXXX XXXX  have me a reference number of XXXX XXXX XXXX accepting a XXXX credit in my behalf in XX/XX/XXXX. They werent able to reverse the credit because XXXX  accepted it. \nReference XXXX I spoke to XXXX  because I also have a blue XXXX. I was told XXXX XXXX did accept the XXXX credit in my behalf. Apparently it was transferred XX/XX/XXXX to Citibank visa XX/XX/XXXX as I was told my customer service XXXX. Citibank has no record of receiving this XXXX. \nIve spoken to managers at XXXX  and no one is willing to help me obtain the XXXX you accepted in my behalf.",
    "company_public_response": "Company has responded to the consumer and the CFPB and chooses not to provide a public response",
    "company": "CITIBANK, N.A.",
    "state": "FL",
    "zipcode": "34145",
    "tags": "None",
    "consumer_consent_provided": "Consent provided",
    "submitted_via": "Web",
    "date_sent_to_company": "12/14/18",
    "company_response_to_consumer": "Closed with monetary relief",
    "timely_response": "Yes",
    "consumer_disputed": "N/A",
    "complaint_id": 3090262
}