{
    "date": "2018-12-03T00:00:00",
    "product": "Vehicle loan or lease",
    "sub-product": "Loan",
    "issue": "Problem with a credit reporting company's investigation into an existing problem",
    "sub-issue": "Difficulty submitting a dispute or getting information about a dispute over the phone",
    "text": "I have a loan with Wells Fargo Dealer Services XX/XX/XXXX and I was paying roughly XXXX every month for the loan they raised the payments to XXXX a few months later. I got my hours at work cut by half and had trouble making payments to my other bills shortly thereafter. I kept the loan with them in great standing making my payments on time given the circumstance. I had family hardships with a family member being injured and not being able to work since XX/XX/XXXX my monthly expenses grew even more so I started falling behind on the loan. I was able to get back on track with the payments by setting up a payment plan but as a result of making partial payments I was deemed late and it showed on my credit report. I tried to see if they could help me out with some goodwill on removing those off my report but had no success. I'm currently trying to improve my credit and I'm hoping this could help clear up some of those marks against me to get a better job in the future.",
    "company_public_response": "Company has responded to the consumer and the CFPB and chooses not to provide a public response",
    "company": "WELLS FARGO & COMPANY",
    "state": "CA",
    "zipcode": "913XX",
    "tags": "None",
    "consumer_consent_provided": "Consent provided",
    "submitted_via": "Web",
    "date_sent_to_company": "12/03/18",
    "company_response_to_consumer": "Closed with non-monetary relief",
    "timely_response": "No",
    "consumer_disputed": "N/A",
    "complaint_id": 3089504
}