{
    "date": "2018-12-02T00:00:00",
    "product": "Checking or savings account",
    "sub-product": "Checking account",
    "issue": "Managing an account",
    "sub-issue": "Funds not handled or disbursed as instructed",
    "text": "Hello, I have been transferring money from my XXXX account into my USAA account, for years now and have never had a problem. About a month ago I transferred over XXXX $ into my USAA account in order to pay off my credit card. Since then, every time I transfer money a hold get put on my account. Right now I have XXXX $ on hold. I transferred that money on XX/XX/2018, it immediately appeared in my USAA account. On XX/XX/2018 that money was removed from my XXXX account. I called USAA to try and resolve the problem, I was told that the hold will not be removed until the XX/XX/XXXX. I was informed that there was nothing they could do, and that it had something to do with the the bank to bank transfers not receiving their money, I fail to see how that's my problem.",
    "company_public_response": "Company believes it acted appropriately as authorized by contract or law",
    "company": "UNITED SERVICES AUTOMOBILE ASSOCIATION",
    "state": "GA",
    "zipcode": "31905",
    "tags": "Servicemember",
    "consumer_consent_provided": "Consent provided",
    "submitted_via": "Web",
    "date_sent_to_company": "12/02/18",
    "company_response_to_consumer": "Closed with explanation",
    "timely_response": "Yes",
    "consumer_disputed": "N/A",
    "complaint_id": 3089290
}