{
    "date": "2018-12-02T00:00:00",
    "product": "Checking or savings account",
    "sub-product": "Checking account",
    "issue": "Managing an account",
    "sub-issue": "Funds not handled or disbursed as instructed",
    "text": "Unfortunately I trusted Citi Bank with my checking needs and they have lied about my account bonus multiple times On XX/XX/2018 I opened a new checking account with Citi. I already had a credit card with them and on my online account they had advertised the following offer : ** \" Earn {$400.00} when you open a new checking and savings account in the Citi Account Package and complete the following requirements : 1. ) Within 30 days of opening your account deposit {$15000.00} new-to-Citibank funds into the checking or savings account. A minimum of {$1500.00} must be in the checking account and a minimum of {$100.00} must be in the savings account. 2. ) Maintain a minimum balance of {$15000.00} in your eligible linked checking and savings account for 60 days '' ** I met those requirements, called and chatted multiple times with Citi representatives who said the offer was on my account and would be given within 90 days of meeting the requirement. \n\nOn XX/XX/XXXX it had been 90 days since I met all the requirements and the terms said the bonus would be posted by then. I called after XX/XX/XXXX and said I still haven't received my bonus and a representative opened an investigation and said it would be given within 2 days. I called three days later and they said the same thing, I called again on XX/XX/XXXX and they said it will now take 60 days to process the bonus .... \n\nThis absurd given the fact that multiple citi representatives said  otherwise and that it would take so long to honor a bonus that I have confirmed that Citi already knows is attached to my account and they have confirmed I have met the bonus. I met the requirements for the bonus on XX/XX/2018 and they are just stringing me along for the ride. I'm really disappointment with Citi and they integrity and honestly dealing with this issue.",
    "company_public_response": "Company has responded to the consumer and the CFPB and chooses not to provide a public response",
    "company": "CITIBANK, N.A.",
    "state": "TX",
    "zipcode": "782XX",
    "tags": "Servicemember",
    "consumer_consent_provided": "Consent provided",
    "submitted_via": "Web",
    "date_sent_to_company": "12/02/18",
    "company_response_to_consumer": "Closed with explanation",
    "timely_response": "Yes",
    "consumer_disputed": "N/A",
    "complaint_id": 3089104
}