{
    "date": "2018-12-15T00:00:00",
    "product": "Credit card or prepaid card",
    "sub-product": "General-purpose credit card or charge card",
    "issue": "Other features, terms, or problems",
    "sub-issue": "Other problem",
    "text": "I am the XXXX XXXX-in-fact under a Power of Attorney that Citi 's Office of the President accepted. When I received instructions on sending the POA into Citi, I was informed that I should call back to receive online account access to the credit card account, thus enabling me to watch, oversee and manage the account, as necessary. Indeed, it is necessary because the principal has XXXX and lives 150 miles away from me. I need the ability to monitor spending and payments and, if it becomes necessary, to lower her limit or close the account. \n\nMy name and status as POA was put on the principal 's credit card account ( s ), as requested some time in late XX/XX/2018. However, Citi will not let me have online access when I tried to obtain it today, XX/XX/18. The POA grants me full authority over the account. By its terms, I can close, open, modify the accounts of the principal. Indeed, Citi acknowledges that I can request a decrease on the limit and that I can close the account.\n\nWhat I CAN NOT do, according to Citi, is get online access to the account activity and maintenance features because - wait for it - I don't have the 3 digit security code on the back of the physical card. I can't get that for a few reasons, not least of which is b/c the principal is XXXX miles away, and b/c she is constantly losing her cards bc - wait for it again - she has XXXX. \n\nSo, I go to all of the effort to write to the Office of the President, spend hours on the phone today getting authenticated in the worst process you can imagine, and try to get online access, and even though I have all legal rights to conduct business relative to the account, Citi won't let me have online access. I was told twice that, \" oh, the principal account holder needs to give you access to online account information. We can't let you have online account access without the principal letting you. '' Are you XXXX  kidding me? This is contrary to the intent and authority of the POA. \nIt defeats the purpose of the POA. Further, Citi would rather that I use the POA to close the account than give me online oversight of her usage? How is this legal?",
    "company_public_response": "Company has responded to the consumer and the CFPB and chooses not to provide a public response",
    "company": "CITIBANK, N.A.",
    "state": "PA",
    "zipcode": "176XX",
    "tags": "None",
    "consumer_consent_provided": "Consent provided",
    "submitted_via": "Web",
    "date_sent_to_company": "12/15/18",
    "company_response_to_consumer": "Closed with explanation",
    "timely_response": "Yes",
    "consumer_disputed": "N/A",
    "complaint_id": 3101307
}