{
    "date": "2018-12-01T00:00:00",
    "product": "Checking or savings account",
    "sub-product": "Checking account",
    "issue": "Opening an account",
    "sub-issue": "Didn't receive terms that were advertised",
    "text": "I opened a checking and savings account in XX/XX/2018 that had a {$400.00} promotional offer if I kept {$15000.00} in my accounts for 60 days. The money was deposited on XX/XX/2018 and I should have received the bonus in 90 days when the terms was met on XX/XX/2018. It has been past the 90 days and I have yet to receive my promotional offer. I filed an appeal XX/XX/2018 and it still has not been resolved.",
    "company_public_response": "Company has responded to the consumer and the CFPB and chooses not to provide a public response",
    "company": "CITIBANK, N.A.",
    "state": "CA",
    "zipcode": "921XX",
    "tags": "None",
    "consumer_consent_provided": "Consent provided",
    "submitted_via": "Web",
    "date_sent_to_company": "12/01/18",
    "company_response_to_consumer": "Closed with monetary relief",
    "timely_response": "Yes",
    "consumer_disputed": "N/A",
    "complaint_id": 3088273
}