{
    "date": "2018-12-01T00:00:00",
    "product": "Student loan",
    "sub-product": "Federal student loan servicing",
    "issue": "Dealing with your lender or servicer",
    "sub-issue": "Trouble with how payments are being handled",
    "text": "Navient has called my home over the last 5 months, sometimes twice a day attempting to get a pay on my student loan. I pay my bill on the XXXX even though the bill is due on the XXXX. When the XXXX or each month comes the calls start again. I have never missed a payment in the 5 years I have been in repayment of the loan. I feel harassed and insulted even with documentation of each payment over the past years they claim that we have missed payments. We have been charged late fees each month. Our payments are always over the amount due and we are still harassed. They call claiming to opportunities and then later call to collect a payment that has already been paid.",
    "company_public_response": "None",
    "company": "Navient Solutions, LLC.",
    "state": "CA",
    "zipcode": "917XX",
    "tags": "None",
    "consumer_consent_provided": "Consent provided",
    "submitted_via": "Web",
    "date_sent_to_company": "12/01/18",
    "company_response_to_consumer": "Closed with explanation",
    "timely_response": "Yes",
    "consumer_disputed": "N/A",
    "complaint_id": 3088597
}