{
    "date": "2018-12-01T00:00:00",
    "product": "Credit card or prepaid card",
    "sub-product": "General-purpose credit card or charge card",
    "issue": "Closing your account",
    "sub-issue": "Company closed your account",
    "text": "I called my credit card company discover and asked why my card was declined because I had made a payment days previously. After getting information I also asked about information if i wanted to close my account. Next thing you know I receive an email stating my account was closed. I never authorized them to close my account. I called them the next day and asked why it was closed. They said they would look into it. I called a few days later and they stated it was closed and there is nothing they can do. This will now affect and hurt my credit report/score. I never had intentions of closing the account. I was never read a disclosure.",
    "company_public_response": "None",
    "company": "DISCOVER BANK",
    "state": "NY",
    "zipcode": "142XX",
    "tags": "None",
    "consumer_consent_provided": "Consent provided",
    "submitted_via": "Web",
    "date_sent_to_company": "12/01/18",
    "company_response_to_consumer": "Closed with explanation",
    "timely_response": "Yes",
    "consumer_disputed": "N/A",
    "complaint_id": 3088954
}