{
    "date": "2018-12-01T00:00:00",
    "product": "Credit card or prepaid card",
    "sub-product": "General-purpose credit card or charge card",
    "issue": "Closing your account",
    "sub-issue": "Company closed your account",
    "text": "I got your response from previous complaint # XXXX, but you still can't hold my rewards cash balance, it has ~ {$50.00}. GIVE MY MONEY BACK!!! \n\nI know you have the rights to close my account, but you can't just take away my cash rewards. It's unreasonable at all. All the other banks like XXXX, XXXX, XXXX all give at least 30 days to redeem the remaining balance. How could you take away my cash reward without noticing me in advance? Don't you think it is unfair to me, do you?",
    "company_public_response": "Company has responded to the consumer and the CFPB and chooses not to provide a public response",
    "company": "U.S. BANCORP",
    "state": "CA",
    "zipcode": "940XX",
    "tags": "None",
    "consumer_consent_provided": "Consent provided",
    "submitted_via": "Web",
    "date_sent_to_company": "12/01/18",
    "company_response_to_consumer": "Closed with explanation",
    "timely_response": "Yes",
    "consumer_disputed": "N/A",
    "complaint_id": 3088157
}