{
    "date": "2018-12-01T00:00:00",
    "product": "Checking or savings account",
    "sub-product": "Savings account",
    "issue": "Managing an account",
    "sub-issue": "Problem using a debit or ATM card",
    "text": "I had made transfer through XXXX and I made wrong transfer to wrong person. I right after found out I did wrong. I have disputed transaction and bank said they need to check before reversal transaction. As of XX/XX/XXXX, I spoke with person who I transfer wrong. He gave me receipt that his bank was transferred back to my bank. However, until now bank of america which is also my bank did not refund that amount to me. I felt like they dont want to return money and eventhough the another bank had made refund. I look like fishy and they want to steal my money",
    "company_public_response": "Company has responded to the consumer and the CFPB and chooses not to provide a public response",
    "company": "BANK OF AMERICA, NATIONAL ASSOCIATION",
    "state": "CA",
    "zipcode": "951XX",
    "tags": "None",
    "consumer_consent_provided": "Consent provided",
    "submitted_via": "Web",
    "date_sent_to_company": "12/01/18",
    "company_response_to_consumer": "Closed with monetary relief",
    "timely_response": "Yes",
    "consumer_disputed": "N/A",
    "complaint_id": 3088605
}