{
    "date": "2018-12-01T00:00:00",
    "product": "Checking or savings account",
    "sub-product": "Checking account",
    "issue": "Managing an account",
    "sub-issue": "Banking errors",
    "text": "I applied for an HSBC Choice Checking Account after visiting their website and being offered a {$200.00} account promotion. I have screenshots and saved emails showing the terms of the promotion, which state : \" Open new HSBC Choice checking account by XX/XX/2018 ; and Deposit a minimum qualifying balance of {$1500.00} or more in new money in combined checking and savings accounts within 30 calendar days of account opening ; and Maintain at least the minimum qualifying balance for 90 days from the date you deposited the minimum qualifying balance. \n\nI met all terms and conditions more than 2 months ago on XX/XX/2018, but they still haven't paid the bonus. The official terms state \" You will receive the {$200.00} welcome deposit in your new HSBC Choice Checking account approximately 8 weeks after completing qualifying activities. '' Well, more than 8 weeks have passed and they continue wasting my time instead of honoring the contractual agreement.",
    "company_public_response": "None",
    "company": "HSBC NORTH AMERICA HOLDINGS INC.",
    "state": "TX",
    "zipcode": "794XX",
    "tags": "None",
    "consumer_consent_provided": "Consent provided",
    "submitted_via": "Web",
    "date_sent_to_company": "12/01/18",
    "company_response_to_consumer": "Closed with explanation",
    "timely_response": "Yes",
    "consumer_disputed": "N/A",
    "complaint_id": 3088171
}