{
    "date": "2018-12-01T00:00:00",
    "product": "Credit card or prepaid card",
    "sub-product": "General-purpose credit card or charge card",
    "issue": "Problem with a purchase shown on your statement",
    "sub-issue": "Credit card company isn't resolving a dispute about a purchase on your statement",
    "text": "My CapitalOne XXXX XXXX charged me for a transaction I disputed and paid using another payment method, even after several attempts to explain and document share using secured link and through Mail and several Calls. \n\nNow they started charging me Late Agee for the same, for that transaction which I categorically denied and disunited. \n\nPlease kindly help, its a huge amount of - XXXX $ I can provide all other documentation I shared with CapitalOne besides the uploaded documents as required. \nThanks & Regards XXXX XXXX XXXX",
    "company_public_response": "None",
    "company": "CAPITAL ONE FINANCIAL CORPORATION",
    "state": "CT",
    "zipcode": "060XX",
    "tags": "None",
    "consumer_consent_provided": "Consent provided",
    "submitted_via": "Web",
    "date_sent_to_company": "12/01/18",
    "company_response_to_consumer": "Closed with monetary relief",
    "timely_response": "Yes",
    "consumer_disputed": "N/A",
    "complaint_id": 3088823
}