{
    "date": "2018-12-31T00:00:00",
    "product": "Checking or savings account",
    "sub-product": "Checking account",
    "issue": "Closing an account",
    "sub-issue": "Company closed your account",
    "text": "The Bank of America has decided to close my account without giving me an appropriate response. I spoke to the Bank 's account closing department and they pointed to a customer agreement and they said they took a business decision to close the account and they are not required to provide any reason to me. \n\nI am operating this account as a joint holder along with my husband since XX/XX/1999. I have been the bank 's customer for over 20 years. I work with a reputed organization and earn annually $ XXXX. I also have a brokerage account with the bank 's brokerage arm ( XXXX XXXX ) with net funds invested over $ 300K. \n\nThere was not a single incident of violation reported on my account from my side in last 20 years. I am a law-abiding permanent resident of the USA. Such an abrupt closing of my account without citing any reason makes me feel the bank has discriminated against me. \n\nPlease look in to this as soon as possible. \n\nThanks, XXXX XXXX",
    "company_public_response": "Company has responded to the consumer and the CFPB and chooses not to provide a public response",
    "company": "BANK OF AMERICA, NATIONAL ASSOCIATION",
    "state": "PA",
    "zipcode": "190XX",
    "tags": "None",
    "consumer_consent_provided": "Consent provided",
    "submitted_via": "Web",
    "date_sent_to_company": "12/31/18",
    "company_response_to_consumer": "Closed with explanation",
    "timely_response": "Yes",
    "consumer_disputed": "N/A",
    "complaint_id": 3113745
}