{
    "date": "2018-12-29T00:00:00",
    "product": "Credit card or prepaid card",
    "sub-product": "General-purpose credit card or charge card",
    "issue": "Closing your account",
    "sub-issue": "Company closed your account",
    "text": "CITI Bank I Payment On timeclosed my account without notice or confirmation. \nAccount Type : Flexible Spending Credit card Date opened : XX/XX/XXXX Hight Balance : {$3000.00} ( I payment on time, Why have Hight Balance??? )",
    "company_public_response": "Company has responded to the consumer and the CFPB and chooses not to provide a public response",
    "company": "CITIBANK, N.A.",
    "state": "CA",
    "zipcode": "917XX",
    "tags": "Servicemember",
    "consumer_consent_provided": "Consent provided",
    "submitted_via": "Web",
    "date_sent_to_company": "12/29/18",
    "company_response_to_consumer": "Closed with explanation",
    "timely_response": "Yes",
    "consumer_disputed": "N/A",
    "complaint_id": 3112649
}