{
    "date": "2018-12-29T00:00:00",
    "product": "Mortgage",
    "sub-product": "Conventional home mortgage",
    "issue": "Trouble during payment process",
    "sub-issue": "None",
    "text": "At XXXX XXXX  on XX/XX/2018 I was advised by XXXX after dialing in to XXXX that he could not process my mortgage payment for me. While Wells Fargo has repeatedly lied to you about my case which involves their breach of federal and state law and has nothing to do with my mortgage directly XXXX told me that he can not take my payment for XX/XX/2018 BECAUSE of the lawsuit I filed against Wells. In fact and as a matter of law parties to civil litigation in California may freely interact without regard to their status as litigants ( XXXX XXXX, CA XXXX XXXX ). My lawsuit against Wells is available on XXXX ( XXXX ) and is filed in the XXXX XXXX of California. It is incomprehensible that the simple processing of a mortgage payment has been delayed because Wells Fargo is literally playing games because I had the audacity to sue them for breaking the law. This is absolutely unacceptable and I will also be notifying the media AND my elected federal representatives. You need to DO something this time to make them pay for being willfully ignorant.",
    "company_public_response": "Company has responded to the consumer and the CFPB and chooses not to provide a public response",
    "company": "WELLS FARGO & COMPANY",
    "state": "CA",
    "zipcode": "91788",
    "tags": "None",
    "consumer_consent_provided": "Consent provided",
    "submitted_via": "Web",
    "date_sent_to_company": "12/29/18",
    "company_response_to_consumer": "Closed with explanation",
    "timely_response": "Yes",
    "consumer_disputed": "N/A",
    "complaint_id": 3112322
}