{
    "date": "2018-12-28T00:00:00",
    "product": "Mortgage",
    "sub-product": "FHA mortgage",
    "issue": "Trouble during payment process",
    "sub-issue": "None",
    "text": "on the XX/XX/XXXX I needed to make a payment or pay a late charge, Citimortgage allows individuals to make mortgage payments using a debit card. I have done this in the past without a problem, On this day my debit card was not accepted. I hung up the phone. I checked the app on my phone. i had the funds to pay the mortgage and could find no restrictions on my card. I called Citimortgage back and tried to make another payment. Again my card was not accepted. I asked to speak with a supervisor. The supervisor and the representive both told me I could use my checking account. I explained I did not use checks because I used my debit card and could not remember my account number. The supervisor asked me if I would hold while she contacted my credit union.The supervisor, the credit union,  and I were on the phone together. There was no problem according to XXXX XXXX XXXX. From what I could understand, The problem seemed to be with Citimortgage. I told Citimortgqage I could send a money order, but I felt that I should not have to pay a late fee because I had made an effort to pay the mortgage on time. the suprvisor stated I would not have to pay the late payment as long as the credit union would send a fax to them about the debit card. The credit union stated they would send the fax. I went to the post office and boufgt a money order for {$600.00} and mailed it to the mortgage company. Since then I have received a phone and a email stating I owed a payment for XX/XX/XXXX.",
    "company_public_response": "Company has responded to the consumer and the CFPB and chooses not to provide a public response",
    "company": "CITIBANK, N.A.",
    "state": "GA",
    "zipcode": "None",
    "tags": "None",
    "consumer_consent_provided": "Consent provided",
    "submitted_via": "Web",
    "date_sent_to_company": "12/28/18",
    "company_response_to_consumer": "Closed with non-monetary relief",
    "timely_response": "Yes",
    "consumer_disputed": "N/A",
    "complaint_id": 3111371
}