{
    "date": "2018-12-28T00:00:00",
    "product": "Checking or savings account",
    "sub-product": "Checking account",
    "issue": "Problem caused by your funds being low",
    "sub-issue": "Overdrafts and overdraft fees",
    "text": "BEWARE BEWARE OF REGIONS BANK BEWARE OF REGIONS BANK THEY WILL STILL YOUR MONEY BEWARE BEWARE WITH REGIONS BANK. \nXX/XX/2018 I was just finish working, I check my regions account I saw my account was minus {$3.00} since it's was already late around XXXX XXXX  i ask my friend to send me money on my account so that my account can be positive, so my friend send me the money immediately and my account become back to positive the same time XX/XX/2018 the next day on the XX/XX/18 my account was positive with {$4.00} and normal and today XX/XX/18 i just got pay from work and i check my account so that i can pay my rent i see that some of my money was missing I call regions bank to ask them what is going on i REALIZE THAT THEY CHARGE me about 4 times {$36.00} dollars the first charges was {$72.00} on the XX/XX/2018 but my account was normal and the second on the XX/XX/2018 i was shock because when my account was minus {$3.00} I automatically added money to my account cause i hated to see my account without money on it but today I realize they took some of the only money I have left to pay my for my rent ....",
    "company_public_response": "Company has responded to the consumer and the CFPB and chooses not to provide a public response",
    "company": "REGIONS FINANCIAL CORPORATION",
    "state": "FL",
    "zipcode": "331XX",
    "tags": "None",
    "consumer_consent_provided": "Consent provided",
    "submitted_via": "Web",
    "date_sent_to_company": "12/28/18",
    "company_response_to_consumer": "Closed with monetary relief",
    "timely_response": "Yes",
    "consumer_disputed": "N/A",
    "complaint_id": 3111572
}