{
    "date": "2018-12-28T00:00:00",
    "product": "Credit card or prepaid card",
    "sub-product": "General-purpose credit card or charge card",
    "issue": "Problem when making payments",
    "sub-issue": "Problem during payment process",
    "text": "I have a Bank of America credit card. Upon receiving the credit card in XX/XX/2018 I set up automatic bill pay on my account. The options for automatic bill pay are to pay : 1 ) Minimum amount due as indicated on e-Bill ; 2 ) Amount due as shown on e-Bill ; 3 ) Statement balance as shown on e-Bill ; or 4 ) a set dollar amount. I selected # 2 \" Always pay amount due as shown on e-Bill.\n\nHowever, Bank of America did not accurately implement the automatic bill pay in accordance with my selection. Instead of making automatic payments in the \" amount due as shown on e-Bill '', Bank of America consistently made the payment option # 1 \" Minimum amount due as indicated on e-Bill '' and subsequently charged interest on my account for the remaining balance. \n\nI spoke to a Bank of America customer service representative on XX/XX/2018 on a call to the customer support line which began at XXXX Pacific Time and lasted for 30 min. On that the call, the customer service representative confirmed that I had indeed selected automatic bill pay option # 2 \" Always pay amount due as shown on e-bill '' and confirmed that Bank of America had instead implemented option # 1 \" minimum amount due '' and that this had indeed resulted in interest fees accrued on my account. \n\nI requested that the interest fees be refunded to me given that Bank of America had not in fact implemented my automatic bill pay selection and I was denied such refund.",
    "company_public_response": "Company has responded to the consumer and the CFPB and chooses not to provide a public response",
    "company": "BANK OF AMERICA, NATIONAL ASSOCIATION",
    "state": "CO",
    "zipcode": "801XX",
    "tags": "None",
    "consumer_consent_provided": "Consent provided",
    "submitted_via": "Web",
    "date_sent_to_company": "12/28/18",
    "company_response_to_consumer": "Closed with monetary relief",
    "timely_response": "Yes",
    "consumer_disputed": "N/A",
    "complaint_id": 3111444
}