{
    "date": "2018-12-26T00:00:00",
    "product": "Vehicle loan or lease",
    "sub-product": "Loan",
    "issue": "Managing the loan or lease",
    "sub-issue": "Billing problem",
    "text": "From XX/XX/2018, my account balance with Veros Credit was  {$8000.00}. From XX/XX/2018, my account balance with Veros Credit was {$7300.00}. This information reflects that I have only made a total of {$650.00} worth of payments since XX/XX/2018. Late fees from Veros Credit total {$20.00} and my current interest rate with the company is at 20.99 %. \n\nI have documentation showing that since XX/XX/2018 I have actually made a total of {$2500.00} worth of payments to Verso Credit. It would actually be impossible for me to keep my car if I only made {$650.00} worth of payments to the company. They would have surely repossessed it by now. \n\nWhen I asked the company if I could have a better explanation of where my money was going towards, the company was very hesitant and treated me as though I was just trying to get out of paying my bill instead of me trying to understand what was going on. They emailed me a spreadsheet that confused me even more, and that only further made me wonder if they're accounting is efficient and whether my bills are up to date or accurate. \n\nI am fearful that I have been overpaying Veros Credit and that they do not know how much I actually owe. I am probably not the only one and if they can not bill people correctly or explain billing inquiries to their  customers, than they should not be in business. \n\n( I also have recordings of the customer service agents that I spoke with who were reluctant to explain my billing questions. )",
    "company_public_response": "Company believes it acted appropriately as authorized by contract or law",
    "company": "VEROS CREDIT, LLC.",
    "state": "CA",
    "zipcode": "900XX",
    "tags": "None",
    "consumer_consent_provided": "Consent provided",
    "submitted_via": "Web",
    "date_sent_to_company": "12/26/18",
    "company_response_to_consumer": "Closed with explanation",
    "timely_response": "Yes",
    "consumer_disputed": "N/A",
    "complaint_id": 3109624
}