{
    "date": "2018-12-14T00:00:00",
    "product": "Mortgage",
    "sub-product": "FHA mortgage",
    "issue": "Struggling to pay mortgage",
    "sub-issue": "None",
    "text": "As of XX/XX/2018 I've made the three trial payments for my mortgage modification trial. The documents that I received reflected my escrows being incorrect for my mortgage. I recently received correspondence reflecting the correct amount for my mortgage payment of which the corrected payment is lower. Per customer service with The Money Source they wanted me to sign the previous modification agreement that had the incorrect mortgage payment. The previous documents that were mailed to me XX/XX/2018 are incorrect documents with the incorrect mortgage payments. I don't want to sign  documents pertaining to my mortgage with incorrect figures that affect my mortgage payments and the mortgage deed. I'm currently paying the trial payment amount for my mortgage payment.",
    "company_public_response": "Company believes it acted appropriately as authorized by contract or law",
    "company": "MONEY SOURCE, THE",
    "state": "TN",
    "zipcode": "380XX",
    "tags": "None",
    "consumer_consent_provided": "Consent provided",
    "submitted_via": "Web",
    "date_sent_to_company": "01/09/19",
    "company_response_to_consumer": "Closed with explanation",
    "timely_response": "Yes",
    "consumer_disputed": "N/A",
    "complaint_id": 3100941
}