{
    "date": "2018-12-28T00:00:00",
    "product": "Credit card or prepaid card",
    "sub-product": "Store credit card",
    "issue": "Fees or interest",
    "sub-issue": "Problem with fees",
    "text": "XX/XX/2018 - XXXX XXXX XXXX - {$21.00} XX/XX/2018 - XXXX XXXX XXXX - {$20.00} XX/XX/2018 - XXXX XXXX XXXX - {$20.00} After agreeing to a XXXX XXXX XXXX store credit card offered by Synchrony Financial and purchasing a sectional, I setup autopay and left my account be. \n\nTurns out, I was being charged from XXXX XXXX each month and I didn't recognize the vendor nor did I ever sign up for an additional recurring service. The CC I used was explicitly used ONLY for the furniture purchase. \n\nI disputed with Synchrony Financial CC and they transferred me to XXXX who promptly refunded the charges and cancelled the account but I asked them when and where did I sign up for this and they said upon credit application sign up. - This is egregious and dangerous. There are literally thousands of complaints online in forums, review sites, etc ... about this \" service '' and it needs to be shut down. Consumers who don't even qualify are essentially automatically signed up for something they never agreed to because a XXXX XXXX XXXX store rep could've helped them \" quickly '' fill out the credit form and left this service checked off without the consumer knowing.",
    "company_public_response": "Company has responded to the consumer and the CFPB and chooses not to provide a public response",
    "company": "SYNCHRONY FINANCIAL",
    "state": "TX",
    "zipcode": "None",
    "tags": "None",
    "consumer_consent_provided": "Consent provided",
    "submitted_via": "Web",
    "date_sent_to_company": "12/28/18",
    "company_response_to_consumer": "Closed with monetary relief",
    "timely_response": "Yes",
    "consumer_disputed": "N/A",
    "complaint_id": 3111813
}