{
    "date": "2018-12-27T00:00:00",
    "product": "Mortgage",
    "sub-product": "Conventional home mortgage",
    "issue": "Struggling to pay mortgage",
    "sub-issue": "None",
    "text": "As you know from previous notes i sent to you this has been going on for some time. \nI did have a lawyer who was taking {$750.00} every 3 months from my credit card and i signed paper that he would represent me so Wells Fargo would not talk to me directly. \n33 pages plus bank statements and IRS etc was sent over several months but nothing happened.I started talking to Wells Fargo and and support closure specialist ex, XXXX XXXX and more no response. They told me they would not accept payments from me till I paid them {$21000.00} as i stopped payments as XXXX XXXX told me not to pay unless they lowered the payment, So i ended up with XXXX XXXX ( wells fargo lawyer ) which i go to court and get 30 days? to move out. I told them a few months back that i would pay {$900.00} every month starting mid XXXX but they want all or nothing.As of last week i was leaving messages with Support Specialist to call me back I would start making payments or refinance.I need to get a chance and i will sent them a payment immediately,",
    "company_public_response": "Company has responded to the consumer and the CFPB and chooses not to provide a public response",
    "company": "WELLS FARGO & COMPANY",
    "state": "IL",
    "zipcode": "None",
    "tags": "Older American",
    "consumer_consent_provided": "Consent provided",
    "submitted_via": "Web",
    "date_sent_to_company": "12/27/18",
    "company_response_to_consumer": "Closed with explanation",
    "timely_response": "Yes",
    "consumer_disputed": "N/A",
    "complaint_id": 3110254
}