{
    "date": "2018-12-27T00:00:00",
    "product": "Mortgage",
    "sub-product": "Conventional home mortgage",
    "issue": "Struggling to pay mortgage",
    "sub-issue": "None",
    "text": "I work for the XXXXXXXX XXXX XXXX XXXX was XXXX on XX/XX/XXXX, XXXX.I called XXXX XXXX XXXX ( holder of my mortgage ) asked for a deferral for the XX/XX/XXXX payment. I was told that the investor whom they sold the mortgage denied my request because he doesn't allow any mortgage he holds to have deferments, even for hardship reasons. This seems unfair to consumers like me who had a VA loan which was then sold to a mortgage company, who then sold it to an investor. It is no longer a VA loan and I have no protection from this type of predator lending practice. \n\nI am seeking your help in this crucial matter for me and my family. \n\nThank you, XXXX XXXX XXXX XXXX XXXX XXXX XXXX XXXX, MD XXXX XXXX XXXX XXXX",
    "company_public_response": "Company believes it acted appropriately as authorized by contract or law",
    "company": "Shellpoint Partners, LLC",
    "state": "MD",
    "zipcode": "209XX",
    "tags": "Older American, Servicemember",
    "consumer_consent_provided": "Consent provided",
    "submitted_via": "Web",
    "date_sent_to_company": "12/27/18",
    "company_response_to_consumer": "Closed with explanation",
    "timely_response": "Yes",
    "consumer_disputed": "N/A",
    "complaint_id": 3111037
}