{
    "date": "2018-12-26T00:00:00",
    "product": "Credit card or prepaid card",
    "sub-product": "General-purpose credit card or charge card",
    "issue": "Other features, terms, or problems",
    "sub-issue": "Other problem",
    "text": "On are about XX/XX/2018, I purchased software from XXXX this was a straight purchase not reoccurring monthly billing in other words I purchased the software out right. \n\nTo my suprise and without my consent or knowledge XXXX with the help of Citibank set-up my card for reoccuring charges. \n\nI never authorize XXXX to retain my credit credit information or consented to any reoccuring charges. I immediately reached out to Citibank and asked them to remove XXXX and several other vendors from doing reoccuring charges explained I never consent nor was it ever disclosed these companies were maintaining my credit card information. \n\nCitibank refused to remove the vehicle for vendors to do reoccuring charges told me I had to reach out directly to all vendors. \n\nCitibank is responsible for the privacy and charges on my account and refused to take any action to stop this practice. I reached out to XXXX whom claimed they had not knowledge of the account being set-up for reoccuring charges. \n\nI immediated emailed XXXX a copy of the statement showing where my Citibank account was set-up for reoccuring charges and they denied taking such aciton blame this on Citibank and refused to take any action. \n\nTherefore, I am reaching out once again to CFPB for consumer protection against the voliation of privacy and security.",
    "company_public_response": "Company has responded to the consumer and the CFPB and chooses not to provide a public response",
    "company": "CITIBANK, N.A.",
    "state": "MD",
    "zipcode": "20792",
    "tags": "None",
    "consumer_consent_provided": "Consent provided",
    "submitted_via": "Web",
    "date_sent_to_company": "01/03/19",
    "company_response_to_consumer": "Closed with explanation",
    "timely_response": "Yes",
    "consumer_disputed": "N/A",
    "complaint_id": 3109747
}