{
    "date": "2018-12-26T00:00:00",
    "product": "Checking or savings account",
    "sub-product": "Checking account",
    "issue": "Opening an account",
    "sub-issue": "Didn't receive terms that were advertised",
    "text": "On XX/XX/18, I opened an account with CITIBANK for Account Package Checking/Savings. This account had a opening promotion tied to it for {$400.00} after meeting certain qualifications. These qualification include depositing {$15000.00} within 30 days of account opening and maintaning that balance for 60 days. I deposited the {$15000.00} on XX/XX/2018 and have maintained that balance ever since, up to and including today, XX/XX/XXXX.  Citi says the bonus should be posted within 90 days of account opening and I have not yet received this bonus of {$400.00}. After contacting Citibank, they refuse to acknolwedge the promotion and I get transferred from one agent to another who has no idea what the promotion is.",
    "company_public_response": "Company has responded to the consumer and the CFPB and chooses not to provide a public response",
    "company": "CITIBANK, N.A.",
    "state": "CA",
    "zipcode": "914XX",
    "tags": "None",
    "consumer_consent_provided": "Consent provided",
    "submitted_via": "Web",
    "date_sent_to_company": "12/26/18",
    "company_response_to_consumer": "Closed with explanation",
    "timely_response": "Yes",
    "consumer_disputed": "N/A",
    "complaint_id": 3109963
}