{
    "date": "2018-12-24T00:00:00",
    "product": "Credit card or prepaid card",
    "sub-product": "General-purpose credit card or charge card",
    "issue": "Fees or interest",
    "sub-issue": "Problem with fees",
    "text": "Walmart MasterCard, through XXXX XXXX, put me on paperless billing on a 'trial basis ' for one month, without my permission or agreement and I was unable to find the place on their website to opt-out of the trial. When I missed my monthly payment date, they not only charged me interest, they also charged me a late fee. I always pay my account in full every month and having them do this without my permission was very very upsetting.",
    "company_public_response": "Company has responded to the consumer and the CFPB and chooses not to provide a public response",
    "company": "SYNCHRONY FINANCIAL",
    "state": "OK",
    "zipcode": "None",
    "tags": "Older American",
    "consumer_consent_provided": "Consent provided",
    "submitted_via": "Web",
    "date_sent_to_company": "12/27/18",
    "company_response_to_consumer": "Closed with monetary relief",
    "timely_response": "Yes",
    "consumer_disputed": "N/A",
    "complaint_id": 3108617
}