{
    "date": "2018-12-24T00:00:00",
    "product": "Checking or savings account",
    "sub-product": "Checking account",
    "issue": "Opening an account",
    "sub-issue": "Didn't receive terms that were advertised",
    "text": "I signed up for a checking account with Citi promising {$400.00} bonus after keeping $ XXXX in there for 60 days. I was tedious in ensuring that I followed the correct link to ensure I was getting the offer. \n\nAfter the 60 days, I called multiple times to ensure that I had indeed fulfilled all the requirements and to inquire the timing of the bonus payout. Each time, the reps took time to review the details and assured me I had met all requirements. They told me that the payout would occur 90 days after the 60 day period ended. \n\nFinally after this extended wait time ends I call back again, only to be told that the promotion was never applied to my account opening, even though I was tedious to ensure it was and the reps assured me it was multiple times. \n\nThey told me they'd apply a promotion code after the fact, only to then later say ( after filing a formal dispute ) that according to the code they applied, my account didn't meet some technicality.",
    "company_public_response": "Company has responded to the consumer and the CFPB and chooses not to provide a public response",
    "company": "CITIBANK, N.A.",
    "state": "UT",
    "zipcode": "840XX",
    "tags": "None",
    "consumer_consent_provided": "Consent provided",
    "submitted_via": "Web",
    "date_sent_to_company": "12/24/18",
    "company_response_to_consumer": "Closed with monetary relief",
    "timely_response": "Yes",
    "consumer_disputed": "N/A",
    "complaint_id": 3108700
}