{
    "date": "2018-12-23T00:00:00",
    "product": "Credit card or prepaid card",
    "sub-product": "General-purpose credit card or charge card",
    "issue": "Other features, terms, or problems",
    "sub-issue": "Other problem",
    "text": "I applied for an XXXX XXXX card, online, to buy a ticket. I was approved on XX/XX/ online, and received email confirmation, and then went to purchase a ticket online. There were problems with the server and I had to reach out by phone to, XXXX XXXX and XXXX XXXX complete the purchase. I was told I had a credit under my name. The credit was from a ticket purchased by another individual under my name. I was scheduled to use my ticket onXX/XX/XXXX. I had to cancel the flight on the XX/XX/XXXX. I was told I had until the twenty seventh of that month and this year to use my cancelled ticket or loose all benefits of that purchase because it was a 're-ticket from someone else purchase, under my name. I was shocked and said that I had all paperwork on my purchased non-refundable ticket and there was no langue or disclosures or ticket numbers to assert the claim they, XXXX XXXX, were making. I called my credit card company and opened a dispute for fraud and misleading information on or about XX/XX/. This was after several attempts to contact Citi Bank about the incident with XXXX XXXX with no response from them. They requested information with I sent showing and validating my verbal account of what transpired, issued a provisional credit only to Send out notification on XX/XX/2018 stating that the provisional credit was taken back because the \" merchant did not accept my cancellation ' and I would have to call the merchant. Called XXXX XXXX XX/XX/2018 and they have cancelled the ticket and refused to send me copies and told me I could email their customer relations. Fraud, fraud, fraud. Please if you need more information I will provide it. Both of these companies have acted fraudulently and together but acted as separate.",
    "company_public_response": "Company has responded to the consumer and the CFPB and chooses not to provide a public response",
    "company": "CITIBANK, N.A.",
    "state": "NM",
    "zipcode": "None",
    "tags": "None",
    "consumer_consent_provided": "Consent provided",
    "submitted_via": "Web",
    "date_sent_to_company": "12/23/18",
    "company_response_to_consumer": "Closed with explanation",
    "timely_response": "Yes",
    "consumer_disputed": "N/A",
    "complaint_id": 3108339
}