{
    "date": "2018-12-22T00:00:00",
    "product": "Checking or savings account",
    "sub-product": "Checking account",
    "issue": "Managing an account",
    "sub-issue": "Deposits and withdrawals",
    "text": "Friday, XX/XX/2018, I received a deposit/credit from a merchant for {$35.00}. Navy Federal transferred that money from my checking account to one of my credit cards, without my permission. I am days behind on the card, but blocking me away from my  checking account is absurd, especially this being my first time. I haven't had any income for months now and I tried to get help before it got to this.",
    "company_public_response": "Company believes it acted appropriately as authorized by contract or law",
    "company": "NAVY FEDERAL CREDIT UNION",
    "state": "SC",
    "zipcode": "29419",
    "tags": "Servicemember",
    "consumer_consent_provided": "Consent provided",
    "submitted_via": "Web",
    "date_sent_to_company": "12/22/18",
    "company_response_to_consumer": "Closed with explanation",
    "timely_response": "Yes",
    "consumer_disputed": "N/A",
    "complaint_id": 3107894
}