{
    "date": "2018-12-22T00:00:00",
    "product": "Checking or savings account",
    "sub-product": "Checking account",
    "issue": "Problem with a lender or other company charging your account",
    "sub-issue": "Transaction was not authorized",
    "text": "I open a dispute with my Bank ( M & T Bank ) on XX/XX/2018 for an unauthorized charge that was placed on XX/XX/2018 on my debt card after losing my wallet which contained my debt card and driver license. I received a letter from my bank dated XX/XX/2018 with the results from the investigated claim # XXXX and since there was a photocopy of my driver license and an account that was supposedly created in XXXX with a company i have never heard of or used it has to be me and would not honor my claim and would not reimburse me in the amount of {$300.00}. I faxed a request for a re-investigating and M & T bank would not honor my request.",
    "company_public_response": "Company has responded to the consumer and the CFPB and chooses not to provide a public response",
    "company": "M&T BANK CORPORATION",
    "state": "NY",
    "zipcode": "112XX",
    "tags": "None",
    "consumer_consent_provided": "Consent provided",
    "submitted_via": "Web",
    "date_sent_to_company": "12/22/18",
    "company_response_to_consumer": "Closed with monetary relief",
    "timely_response": "Yes",
    "consumer_disputed": "N/A",
    "complaint_id": 3107963
}