{
    "date": "2018-12-21T00:00:00",
    "product": "Checking or savings account",
    "sub-product": "Checking account",
    "issue": "Managing an account",
    "sub-issue": "Deposits and withdrawals",
    "text": "On XX/XX/2018 I made a withdrawal of {$200.00} at the counter from my checking account knowing my balance was {$1200.00}, this took place at bank of America. Then on the XX/XX/2018 i went to another branch of bank of America to make a withdrawal and got to find out the money in my account was insufficient which was a shock to me and after explaining to the clerk i was expecting to have {$1200.00} in my account. Then he printed out my bank transaction history, which was wrong and told me I had to go back to the bank where I made my last transaction of {$200.00}. Which I did on that same day but when I met with the manager and made my complaint, I was told I needed to come back in two weeks time because they had to do some internal investigation. Then I went back after two weeks and met another lady by the name of XXXX XXXX, but she said the investigation was still in process, gave me my case ID and extended the date to XX/XX/2018. So i went back on XX/XX/2018 but got the same answer that my case was still in process. Then I tried calling Bank of America on XXXX and after some couple of weeks nothing has been done and no one has gotten in contact with me.",
    "company_public_response": "Company has responded to the consumer and the CFPB and chooses not to provide a public response",
    "company": "BANK OF AMERICA, NATIONAL ASSOCIATION",
    "state": "TX",
    "zipcode": "750XX",
    "tags": "None",
    "consumer_consent_provided": "Consent provided",
    "submitted_via": "Web",
    "date_sent_to_company": "12/26/18",
    "company_response_to_consumer": "Closed with explanation",
    "timely_response": "Yes",
    "consumer_disputed": "N/A",
    "complaint_id": 3107198
}