{
    "date": "2018-12-21T00:00:00",
    "product": "Mortgage",
    "sub-product": "FHA mortgage",
    "issue": "Trouble during payment process",
    "sub-issue": "None",
    "text": "I XXXX XXXX, have been working with a housing counseling agency ( XXXX XXXX XXXX ) to resolve my mortgage arrears that occurred back in XXXX of this year. I submitted a modification packet through my housing counselor, and was offered a trial modification on XX/XX/XXXX. The three payment of XXXX were for the due dates of XX/XX/XXXX, XX/XX/XXXX, and XX/XX/XXXX. My first two payments were sent and accepted, however the third payment ( sent prior to the first of XXXX ) was denied due to lender claiming that it was not received by the last day of the month. \nI am disappointed in the decision made by the bank and now have been faced with a XX/XX/XXXX sheriff sale of my property .I have made an attempt to resolve this matter to no avail. The lender Midwest Loan Servicing has now required that I submit new documentation, while not completely committing to the postponement of the foreclosure sale of my home.",
    "company_public_response": "Company has responded to the consumer and the CFPB and chooses not to provide a public response",
    "company": "Midwest Loan Services, Inc.",
    "state": "PA",
    "zipcode": "191XX",
    "tags": "None",
    "consumer_consent_provided": "Consent provided",
    "submitted_via": "Web",
    "date_sent_to_company": "01/12/19",
    "company_response_to_consumer": "Closed with explanation",
    "timely_response": "Yes",
    "consumer_disputed": "N/A",
    "complaint_id": 3106944
}