{
    "date": "2018-12-21T00:00:00",
    "product": "Credit card or prepaid card",
    "sub-product": "General-purpose credit card or charge card",
    "issue": "Advertising and marketing, including promotional offers",
    "sub-issue": "Confusing or misleading advertising about the credit card",
    "text": "In XXXX of XXXX XXXX XXXX XXXX replaced the HVAC system in her home. As a finance option she was invited to apply for a payment plan that was 0 % for 60 months. She was approved and set up automatic payments to honor that arrangement. In XXXX she happen to open a mail item that revealed that she was not on a payment plan and that she had infact been lied to by the sales person and her information was instead used to apply for a credit card with Synchrony on a deferred interest plan for only 18 months. On XX/XX/XXXX I called on behalf of my XXXX year old mother and spoke to XXXX and XXXX regarding a resolution. I explained that the person that presented the offer and convinced her to apply did so using false information about the product and that we were interested in paying off the balance minus the deferred interest as this account was applied for under false information provided by the live person selling the financing options. XXXX had faithfully been paying on what she understood to be a 60 month payment plan and aince we discovered the deception I was prepared to help her pay off the balance. I was advised that they do offer a 30 day window past the regular deferred interest posting where they are willing to waive the interest in exchange for the balance being paid off. I was told that this is in place because often customers do not understand that it is deferred interest and call to pay it when they get their statement. However, since we became aware of the situation after that window there was nothing they could do. I explained that existence of that window suggests they are aware that customers do not understand what they are signned up for and advised that I consider this predatory lending at it's worst.",
    "company_public_response": "Company has responded to the consumer and the CFPB and chooses not to provide a public response",
    "company": "SYNCHRONY FINANCIAL",
    "state": "SD",
    "zipcode": "571XX",
    "tags": "Older American",
    "consumer_consent_provided": "Consent provided",
    "submitted_via": "Web",
    "date_sent_to_company": "12/21/18",
    "company_response_to_consumer": "Closed with monetary relief",
    "timely_response": "Yes",
    "consumer_disputed": "N/A",
    "complaint_id": 3106608
}