{
    "date": "2018-12-20T00:00:00",
    "product": "Checking or savings account",
    "sub-product": "Checking account",
    "issue": "Managing an account",
    "sub-issue": "Banking errors",
    "text": "On XX/XX/2018, I began the process of applying for a Citibank regular checking account and a Citi savings account. I applied as part of a promotion, which required me to maintain {$15000.00} in one or both accounts for 60 days in order to receive a bonus of {$400.00}. The bonus was supposed to post within 90 days of meeting that requirement. \n\nI deposited {$15000.00} on XX/XX/XXXX and left the money in place for over 60 days. ( 60 days was reached on XX/XX/XXXX and I transferred {$5000.00} out of Citibank on XX/XX/XXXX. ) On XX/XX/2018, 90 days had elapsed since meeting the 60-day requirement, and the {$400.00} bonus had still not been posted. I contacted Citibank customer service, who said they were initiating an inquiry. \n\nI have read a number of reports online from other individuals who had similar experiences and did not receive their promised bonus until they filed a CFPB complaint. Hence I am filing this complaint rather than waiting any longer on Citibank 's investigation. \n\nI am uploading several documents. One is the transcript of a chat I had online with a Citibank agent, confirming that the promotional offer is attached to my account. Another document is a PDF containing the terms of the promotion. Finally, I am uploading screenshots of my bank account, showing that I have fulfilled the terms of the promotion.",
    "company_public_response": "Company has responded to the consumer and the CFPB and chooses not to provide a public response",
    "company": "CITIBANK, N.A.",
    "state": "NJ",
    "zipcode": "None",
    "tags": "None",
    "consumer_consent_provided": "Consent provided",
    "submitted_via": "Web",
    "date_sent_to_company": "12/20/18",
    "company_response_to_consumer": "Closed with explanation",
    "timely_response": "Yes",
    "consumer_disputed": "N/A",
    "complaint_id": 3105844
}