{
    "date": "2018-12-20T00:00:00",
    "product": "Mortgage",
    "sub-product": "FHA mortgage",
    "issue": "Trouble during payment process",
    "sub-issue": "None",
    "text": "PAYMENT DISPUTE Specialized Loan Services \" hereafter Lender '' XX/XX/XXXX : On or about XX/XX/XXXX, i made my monthly mortgage payment. Lender notified me that they did not receive the payment. I provided lender all evidence which included a money order and proof of it being cashed. While the matter was being investigated by lender, i decided to pay to avoid additional penalties. \n\nXX/XX/XXXX : On or about XX/XX/XXXX, i made my monthly mortgage payment. Lender notified me that they did not receive the payment. I provided lender all evidence which included a money order and proof of it being cashed. While the matter was being investigated by lender, i decided to pay to avoid additional penalties. \n\nXX/XX/XXXX : The lender acknowledged of error and applied both the above payments towards interest. \n\nMy issue : I would like the lender to return both payments to me instead of applying towards my interest, as I was forced to borrow the money to avoid a foreclosure for an issue caused by the lender.",
    "company_public_response": "Company has responded to the consumer and the CFPB and chooses not to provide a public response",
    "company": "Specialized Loan Servicing LLC",
    "state": "CA",
    "zipcode": "922XX",
    "tags": "None",
    "consumer_consent_provided": "Consent provided",
    "submitted_via": "Web",
    "date_sent_to_company": "12/20/18",
    "company_response_to_consumer": "Closed with explanation",
    "timely_response": "Yes",
    "consumer_disputed": "N/A",
    "complaint_id": 3106560
}