{
    "date": "2018-12-19T00:00:00",
    "product": "Vehicle loan or lease",
    "sub-product": "Loan",
    "issue": "Getting a loan or lease",
    "sub-issue": "Fraudulent loan",
    "text": "I am currently being garnished for a vehicle that I did not purchase. I have made several attempts to find out who purchased this vehicle in my name but was not successful. I reached out to General Sessions Court and the Attorney who was handling this matter and no one returned my calls. It has been very difficult for me to live financially with this garnishment coming out of my pay. According to their records the car was purchase when I was a minor.",
    "company_public_response": "Company has responded to the consumer and the CFPB and chooses not to provide a public response",
    "company": "CREDIT ACCEPTANCE CORPORATION",
    "state": "TN",
    "zipcode": "372XX",
    "tags": "None",
    "consumer_consent_provided": "Consent provided",
    "submitted_via": "Web",
    "date_sent_to_company": "12/19/18",
    "company_response_to_consumer": "Closed with explanation",
    "timely_response": "Yes",
    "consumer_disputed": "N/A",
    "complaint_id": 3105190
}