{
    "date": "2018-12-19T00:00:00",
    "product": "Student loan",
    "sub-product": "Federal student loan servicing",
    "issue": "Struggling to repay your loan",
    "sub-issue": "Can't get other flexible options for repaying your loan",
    "text": "The loan was put in default by error. We were contacted about payment and put the loan in forbearance due to a financial hardship. However, the people we were contacted by was not the actual loan servicer, but a scam company masking as our loan servicer.\n\nNow the result has placed the loan in default, which should not be because the original loan payments should no t be due until completion of college. Also, a semester was just completed from XX/XX/2018-XX/XX/2018. The student is still actively attending school.",
    "company_public_response": "Company believes it acted appropriately as authorized by contract or law",
    "company": "National Credit Services, Inc.",
    "state": "PA",
    "zipcode": "17405",
    "tags": "None",
    "consumer_consent_provided": "Consent provided",
    "submitted_via": "Web",
    "date_sent_to_company": "12/19/18",
    "company_response_to_consumer": "Closed with explanation",
    "timely_response": "Yes",
    "consumer_disputed": "N/A",
    "complaint_id": 3105480
}