{
    "date": "2018-12-19T00:00:00",
    "product": "Credit card or prepaid card",
    "sub-product": "General-purpose credit card or charge card",
    "issue": "Fees or interest",
    "sub-issue": "Problem with fees",
    "text": "In XXXX, I called Citi to change my card from a {$450.00} per year XXXX  's XXXX card to their free card in a process called card conversion ( we aren't traveling next year as much as we did the last year ). Today, on XX/XX/XXXX, they charged me the {$450.00} fee. When I called back, I was told that \" Oh yes, it takes up to two months to do the card conversion, we'll credit that fee back in another statement or two. '' Meanwhile, I either pay the {$450.00}, and am just out the money until later ( and I'm forced to use their credit card to get it back because it's a credit ), or they get to charge interest on the unpaid {$450.00} until they credit it back. \n\nThis is, at best, predatory, and at worst, fraud.",
    "company_public_response": "Company has responded to the consumer and the CFPB and chooses not to provide a public response",
    "company": "CITIBANK, N.A.",
    "state": "TX",
    "zipcode": "787XX",
    "tags": "None",
    "consumer_consent_provided": "Consent provided",
    "submitted_via": "Web",
    "date_sent_to_company": "12/19/18",
    "company_response_to_consumer": "Closed with monetary relief",
    "timely_response": "Yes",
    "consumer_disputed": "N/A",
    "complaint_id": 3104671
}