{
    "date": "2018-12-19T00:00:00",
    "product": "Mortgage",
    "sub-product": "Conventional home mortgage",
    "issue": "Struggling to pay mortgage",
    "sub-issue": "None",
    "text": "I have a foreclosre sale coming up on XX/XX/2018 and Select portfolio is snot removing the sale which will be in violation of my Home Owner Bill of Rights. Time after time this is a never ending battle with Select Portfolio Servicing to receive a loan modification. Im still having issues and have very big concerns regarding my home and Select Portfolio Servicing. They have placed my home on a foreclosure sale and has not yet removed the sale due to my loan modification in review. \nAs soon as it seems like we are moving forward with the review process they are in need of something else. Finally they said they have all requested documents in their Ombudsman department. \nSPS has all my loan modification documents needed for a review they are reviewing it but still have the foreclosure sale when asked Select Portfolio Servicing they say its still active. How if im in review they still have the sale up. Im really worried about them selling my home. They have been jumping me around for a very long time now with my loan modification. I can not get a loan modification without them threatening me with a foreclosure sale date. I still to this day can not get a loan modification they always denying my loan modification. Please help me with this I have sale on my home XX/XX/2018 I am out of options I do not know what else to do for them to stop the sale and give me a loan modification. Please help me please I need someone to talk to about this. They are violating my Home Owner Bill of Rights and I need the sale stopped imminently for my modification to go through. This is way too long over three years now and I can not get an offer. Im ready to pay my mortgage but need help setting up and receiving a loan modification. \nEven when Making Home Affordable program was in use in the U.S the  company still prolonged the process for us and never gave us any offers or options through the program until it expired by the government. This is deceptive ways to get the borrower out and not to give them the loan modification.",
    "company_public_response": "Company believes it acted appropriately as authorized by contract or law",
    "company": "SELECT PORTFOLIO SERVICING, INC.",
    "state": "CA",
    "zipcode": "956XX",
    "tags": "None",
    "consumer_consent_provided": "Consent provided",
    "submitted_via": "Web",
    "date_sent_to_company": "12/19/18",
    "company_response_to_consumer": "Closed with explanation",
    "timely_response": "Yes",
    "consumer_disputed": "N/A",
    "complaint_id": 3104438
}