{
    "date": "2018-12-19T00:00:00",
    "product": "Credit card or prepaid card",
    "sub-product": "General-purpose credit card or charge card",
    "issue": "Other features, terms, or problems",
    "sub-issue": "Other problem",
    "text": "While I was out of the country, my identity was stolen, including SSN, my home address, e.t.c., and based on the stolen information somebody applied and obtained credit card on my name, then got cash advance, transfer this money to someone's bank account, and withdraw cash in amount of {$6500.00}. When I returned to US and got credit card statement, I immediately notified Bank of America. Also I wanted to report to police but they refused to accept my complain without Bank of America affidavit. After several phone calls to the bank fraud department and 6 weeks of waiting I finally received from them the fraud statement form, filled it out and sent it to the address listed on the statement along with required paperwork. Today I received an answer from the Bank of America fraud department that my claim is not honored because they can not verify unauthorized money withdrawal. It is totally outrageous!",
    "company_public_response": "Company has responded to the consumer and the CFPB and chooses not to provide a public response",
    "company": "BANK OF AMERICA, NATIONAL ASSOCIATION",
    "state": "NY",
    "zipcode": "112XX",
    "tags": "None",
    "consumer_consent_provided": "Consent provided",
    "submitted_via": "Web",
    "date_sent_to_company": "12/20/18",
    "company_response_to_consumer": "Closed with non-monetary relief",
    "timely_response": "Yes",
    "consumer_disputed": "N/A",
    "complaint_id": 3104434
}