{
    "date": "2018-12-19T00:00:00",
    "product": "Checking or savings account",
    "sub-product": "Checking account",
    "issue": "Managing an account",
    "sub-issue": "Deposits and withdrawals",
    "text": "I deposited a third party check to my USAA checking account using a mobile banking app. I endorsed the check \" for deposit only to USAA XXXX account number xxxx ''. USAA did not want the check processed in that way. In response to this issue, USAA chose to freeze all my outside electronic transfers. I still have the check in my position. I am happy to process the check in any way USAA prefers. However, they still claim that my electronic funds transfer process will remain frozen for the foreseeable future.",
    "company_public_response": "Company believes it acted appropriately as authorized by contract or law",
    "company": "UNITED SERVICES AUTOMOBILE ASSOCIATION",
    "state": "FL",
    "zipcode": "None",
    "tags": "Older American, Servicemember",
    "consumer_consent_provided": "Consent provided",
    "submitted_via": "Web",
    "date_sent_to_company": "12/19/18",
    "company_response_to_consumer": "Closed with explanation",
    "timely_response": "Yes",
    "consumer_disputed": "N/A",
    "complaint_id": 3105128
}