{
    "date": "2018-12-14T00:00:00",
    "product": "Mortgage",
    "sub-product": "FHA mortgage",
    "issue": "Trouble during payment process",
    "sub-issue": "None",
    "text": "The lender and escrow company had misleading and deceptive business practices. I have been I have been struggling to pay my mortgage since XX/XX/2018, Guild sold my loan to XXXX because they knew they put me into a bad loan. I was discriminated against because of gender and color I paid too many high fees that I feel I would not have been charged if I was not a woman of color.",
    "company_public_response": "Company has responded to the consumer and the CFPB and chooses not to provide a public response",
    "company": "LoanCare, LLC",
    "state": "CA",
    "zipcode": "None",
    "tags": "None",
    "consumer_consent_provided": "Consent provided",
    "submitted_via": "Web",
    "date_sent_to_company": "12/14/18",
    "company_response_to_consumer": "Closed with explanation",
    "timely_response": "Yes",
    "consumer_disputed": "N/A",
    "complaint_id": 3100139
}