{
    "date": "2018-12-18T00:00:00",
    "product": "Checking or savings account",
    "sub-product": "Checking account",
    "issue": "Managing an account",
    "sub-issue": "Problem using a debit or ATM card",
    "text": "I'm currently a XXXX  school student in XXXX. I received an unusual activity report and when i went to check noticed that my account had been virtually wiped out with thousands of dollars in transactions. These transactions ranged from XXXX XXXX, to a number of states up and down the eastern seaboard. \n\nAfter filing with dispute Bank of America rejected the claim saying it was me. To counter that, I provided evidence that I was in XXXX - I had a doctors appointment during the disputed period and provided the uncensored post appointment writeup - as well as billing statements from my XXXX school indicating that the balance of money in that account was to make an upcoming payment to the school. \n\nDespite this fact, and that I clearly could not have been in XXXX and at my doctor in XXXX on the same day - Bank of America has again denied the claim with insufficient reason.",
    "company_public_response": "Company has responded to the consumer and the CFPB and chooses not to provide a public response",
    "company": "BANK OF AMERICA, NATIONAL ASSOCIATION",
    "state": "PA",
    "zipcode": "191XX",
    "tags": "None",
    "consumer_consent_provided": "Consent provided",
    "submitted_via": "Web",
    "date_sent_to_company": "12/18/18",
    "company_response_to_consumer": "Closed with explanation",
    "timely_response": "Yes",
    "consumer_disputed": "N/A",
    "complaint_id": 3104080
}