{
    "date": "2018-12-18T00:00:00",
    "product": "Mortgage",
    "sub-product": "Conventional home mortgage",
    "issue": "Struggling to pay mortgage",
    "sub-issue": "None",
    "text": "XXXX  XXXX XXXX XXXX, XXXX XXXX XXXX  XXXX, XXXX XXXX, XXXX XXXX XXXX, all seem to now know who is responsible for my mortgages. I have a first and second mortgage. SPS says that they stopped servicing my mortgage a year ago, and gave me a letter stating this fact. \n\nSo how do I get the liens released? I am requesting a full reconveyance of the liens for the property at XXXX XXXX XXXX, XXXX XXXX, CA XXXX. \n\nThe loans have been charged off and there is XXXX balance owing as per the documents received by SPS. \n\nPlease see attached.",
    "company_public_response": "Company believes it acted appropriately as authorized by contract or law",
    "company": "SELECT PORTFOLIO SERVICING, INC.",
    "state": "CA",
    "zipcode": "94505",
    "tags": "Servicemember",
    "consumer_consent_provided": "Consent provided",
    "submitted_via": "Web",
    "date_sent_to_company": "12/31/18",
    "company_response_to_consumer": "Closed with explanation",
    "timely_response": "Yes",
    "consumer_disputed": "N/A",
    "complaint_id": 3103160
}