{
    "date": "2018-12-18T00:00:00",
    "product": "Mortgage",
    "sub-product": "Conventional home mortgage",
    "issue": "Trouble during payment process",
    "sub-issue": "None",
    "text": "This is in regards and follow up to CFPB Complaint # XXXX from XX/XX/XXXX. This is a further complaint against the mortgage company and the escrow analysis shortage on my mortgage account. The response they provided did not answer the complaint as to why the escrow account was in shortage and they did nothing about it for almost a year ( I have only had my mortgage with this company for just over a year ). Furthermore there response that the real estate tax and homeowners insurance had increased which also cause the shortage ( which there was no substantial increase to support it ) is a false claim by the company and I would like to know where they received their data. The XXXX annual amount from XX/XX/XXXX, amount was {$2100.00} ; andXX/XX/XXXX, amount is {$2100.00} ; a difference of {$23.00} ( attached ). Nothing significant that would result in this shortage. \n\nIn addition and even more confusing is that on XX/XX/XXXX, I received an email ( attached ) reminder of my payment for XX/XX/XXXX, and it indicated that the current payment I have is due on XXXX?? Yet, according to the escrow analysis and shortage letter I received in XX/XX/XXXX, it said effective XXXX, my new \" mortgage '' payment was increased by {$230.00} ( if I could not pay the lump sum ) ; yet the email contradicts that letter? It more clearly states the financial discord that rests within this company. \n\nI have been trying to work with this company since they notified me in XX/XX/XXXX, that effective XX/XX/XXXX, I either pay a lump sum of almost {$2900.00} or a monthly increase of {$230.00}. I was willing to work with THEIR ERROR on solutions of a smaller payment spread out over a longer time period ; or take the lump sum out of the interest on the account. I am a faithful consumer to this mortgage, have not missed a payment, and they would not consider this solution or working with me on a fair and ethical solution.. They are at fault for not escrowing the monies appropriately or following up with the consumer that their calculations are off and their financial analysis and reporting are not compliant. There are a lot of reports out about this company about their unfair, unethical, and fraudulent practices when it comes mortgages, escrow accounts, opening false accounts, etc. They have paid in the millions and they are still continuing to do it. I have reached out to Atty General XXXX XXXX 's about this matter and they recommended I contact the CFPB, and I have reached out to MA Senator XXXX XXXX about this matter ( and she herself as gone after this company for their fraudulent practices ). I am single mother of XXXX children and to impose this practice without valid and honest reasoning is unethical to the core.",
    "company_public_response": "Company has responded to the consumer and the CFPB and chooses not to provide a public response",
    "company": "WELLS FARGO & COMPANY",
    "state": "MA",
    "zipcode": "018XX",
    "tags": "None",
    "consumer_consent_provided": "Consent provided",
    "submitted_via": "Web",
    "date_sent_to_company": "12/18/18",
    "company_response_to_consumer": "Closed with non-monetary relief",
    "timely_response": "Yes",
    "consumer_disputed": "N/A",
    "complaint_id": 3103569
}