{
    "date": "2018-12-18T00:00:00",
    "product": "Credit card or prepaid card",
    "sub-product": "Store credit card",
    "issue": "Problem with a credit reporting company's investigation into an existing problem",
    "sub-issue": "Problem with personal statement of dispute",
    "text": "XXXX XXXX XXXX XXXX I am the primary account holder, and they list my spouse as a secondary borrower. \nShe has been an authorized user only, since this account was opened XX/XX/87. \nJC Penny insists that she is a co borrower, even though they can not provide proof. \nAttached is a response to my request. \nI asked for the credit application to prove to me that she signed for this account. They can not produce the application. Reasons in the letter, online application, in XX/XX/1987 there was no online process to apply. Applied in store, we had a newborn at the time, and she was not able to go to a JC Penny store. Also, she was not working at the time, and had no income to apply for credit.\n\nIf they can not prove she signed for this, or any information that was given, she should no longer list her as a secondary account holder.\n\nI never had any reason to question this until 2 months ago when I incurred trouble paying on time. I always paid this monthly bill, and she had never even seen it.\n\nPlease assist in having JC Penney remove her name from the account.\n\nThank you in advance. \n\nXXXX XXXX",
    "company_public_response": "Company has responded to the consumer and the CFPB and chooses not to provide a public response",
    "company": "SYNCHRONY FINANCIAL",
    "state": "NY",
    "zipcode": "115XX",
    "tags": "Older American",
    "consumer_consent_provided": "Consent provided",
    "submitted_via": "Web",
    "date_sent_to_company": "12/27/18",
    "company_response_to_consumer": "Closed with non-monetary relief",
    "timely_response": "Yes",
    "consumer_disputed": "N/A",
    "complaint_id": 3103811
}