{
    "date": "2018-12-17T00:00:00",
    "product": "Credit card or prepaid card",
    "sub-product": "General-purpose credit card or charge card",
    "issue": "Problem with a purchase shown on your statement",
    "sub-issue": "Credit card company isn't resolving a dispute about a purchase on your statement",
    "text": "I have tried to get this handled multiple times through cfpb and wells fargo directly. The last complaint letter from Wells Fargo specifically stated to start a police report in any jurisdiction, which I have done. I emailed & faxed them the details on this, but have not yet heard back from them in regards to the fraud complaint / case. I will be re-attaching all of the details from my previous cases and appeals with Wells Fargo. This has been going on since XX/XX/2018. \n\nI will not re-detail all of the information on the case here, but it is all in the attachments. In summary : ( 1 ) I disputed the charges as fraud ( 2 ) I followed all the directions provided to me by the credit card company ( 3 ) I have opened the police report as required by the credit card company ( 4 ) I still have not received a satisfactory response / credit to my account to void out all of the fraud charges ( 5 ) This has been severely hurting my own credit at this time due to Wells Fargo 's negligence.",
    "company_public_response": "Company has responded to the consumer and the CFPB and chooses not to provide a public response",
    "company": "WELLS FARGO & COMPANY",
    "state": "FL",
    "zipcode": "330XX",
    "tags": "None",
    "consumer_consent_provided": "Consent provided",
    "submitted_via": "Web",
    "date_sent_to_company": "12/17/18",
    "company_response_to_consumer": "Closed with monetary relief",
    "timely_response": "Yes",
    "consumer_disputed": "N/A",
    "complaint_id": 3102376
}