{
    "date": "2018-12-17T00:00:00",
    "product": "Credit card or prepaid card",
    "sub-product": "General-purpose credit card or charge card",
    "issue": "Other features, terms, or problems",
    "sub-issue": "Privacy issues",
    "text": "Bank of America sent me a letter stating that if I do not provide my occupation and source of income they are going to close my account. My understanding is that that information is voluntary and not mandatory. I spoke to a B of A rep who told me my account would in fact be closed if I did not comply and I have the letter to back that up. I pay my bills on time and only owe a small amount of money at the time. Is this true?",
    "company_public_response": "Company has responded to the consumer and the CFPB and chooses not to provide a public response",
    "company": "BANK OF AMERICA, NATIONAL ASSOCIATION",
    "state": "NJ",
    "zipcode": "080XX",
    "tags": "None",
    "consumer_consent_provided": "Consent provided",
    "submitted_via": "Web",
    "date_sent_to_company": "12/17/18",
    "company_response_to_consumer": "Closed with explanation",
    "timely_response": "Yes",
    "consumer_disputed": "N/A",
    "complaint_id": 3102846
}