{
    "date": "2018-12-16T00:00:00",
    "product": "Checking or savings account",
    "sub-product": "Checking account",
    "issue": "Problem with a lender or other company charging your account",
    "sub-issue": "Transaction was not authorized",
    "text": "Nutshell : Bank of America doubled the fraud by allowing a XXXX company to claim it never received the returned, fraudulent laptop from me IN PERSON so my XXXX bank gave them money back, too, despite my protests and proof of the return. \n\nThis was for a laptop purchased as new while living abroad in XXXX ; the company XXXX sold it as new, but it was actually refurbished, malware-laden, and did not have its XXXX XXXX license activated, which costs over {$800.00} through XXXX to put this fraud into perspective. \n\nThe conman saleswoman even had the nerve to begin stalking me, calling me 6 times in a row one day begging me to explain to the bank not to reverse the entire purchase that would have included a 1 Tb hard disk drive. I assured her I only asked for the portion of the laptop to be returned in the initial claim, as I did not believe her XXXX   that I would receive a refund from her company in literally a month. I did not receive a refund for the junk, but my bank ultimately believed their new story that I never gave them the laptop and would not pay my claim, taking {$540.00} credited earlier OUT OF MY FEDERAL SOCIAL SECURITY DISABILITY PAYMENT I RELY ON TO SURVIVE IN XXXX. \n\nA supervisor lied to me that I would be sent a message allowing me to appeal the decision and submit additional proof through the bank 's interface. \n\nThis never happened, so I have attached here the exact email sent by that conwoman confirming the return and partial refund on the day I gave her the laptop back in person, including its attachments of her business card, a copy of the original receipt with her checkmark, and an XXXX spreadsheet of upcoming bank credits that is the only proof of return and refund she would provide. \n\nBank of America Claim information : Current status : Resolved - claim not paid Help for Resolved - claim not paid Claim ID : XXXX Claim amount : {$540.00} Initiation date : XX/XX/2018 This bank will become nothing more than my XXXX pass-through going forward for what it's done with this and a very clear dental claim of fraud of over {$2000.00} I had to take care of myself ( with the new practice owner months later ) because this bank dropped the ball on it, too. \n\nBank of America are XXXX XXXX who believe themselves entitled to regularly lie during calls with clients. As a result, they have cost me over {$2500.00} in fraud supposedly covered in addition to making me cover the cost of all overseas calls with waits of over 30 minutes.",
    "company_public_response": "Company has responded to the consumer and the CFPB and chooses not to provide a public response",
    "company": "BANK OF AMERICA, NATIONAL ASSOCIATION",
    "state": "IN",
    "zipcode": "460XX",
    "tags": "None",
    "consumer_consent_provided": "Consent provided",
    "submitted_via": "Web",
    "date_sent_to_company": "12/16/18",
    "company_response_to_consumer": "Closed with explanation",
    "timely_response": "Yes",
    "consumer_disputed": "N/A",
    "complaint_id": 3101758
}