{
    "date": "2018-12-16T00:00:00",
    "product": "Vehicle loan or lease",
    "sub-product": "Loan",
    "issue": "Incorrect information on your report",
    "sub-issue": "Account information incorrect",
    "text": "This company abandonment of interest in the car. The lending company still didn't provided no statements since XX/XX/2018 to present. The company lock me out of the account, they stated do to status of account. I mailed a check and they return my check ( XXXX, XXXX and XX/XX/2018 ). I sent the money order XX/XX/2018 and they return it. They never accept money orders or checks as stated in there XXXX   report. I ( VOLUNTARY SURRENDER ) the car. They still report it as open. They never updated. The balance never was reduce for being surrender.",
    "company_public_response": "Company believes it acted appropriately as authorized by contract or law",
    "company": "TCF NATIONAL BANK",
    "state": "AK",
    "zipcode": "995XX",
    "tags": "None",
    "consumer_consent_provided": "Consent provided",
    "submitted_via": "Web",
    "date_sent_to_company": "12/27/18",
    "company_response_to_consumer": "Closed with explanation",
    "timely_response": "Yes",
    "consumer_disputed": "N/A",
    "complaint_id": 3101299
}