{
    "date": "2018-12-14T00:00:00",
    "product": "Credit card or prepaid card",
    "sub-product": "General-purpose credit card or charge card",
    "issue": "Advertising and marketing, including promotional offers",
    "sub-issue": "Confusing or misleading advertising about the credit card",
    "text": "This is about Citi Bank Credit Card 's price rewind feature. I bought two XXXX prepaid XXXX XXXX from XXXX in XXXX, with a prices of {$240.00} per phone. Before my purchase, I logged in my citi account and tried to see if I can file a claim if the price would change later. When I search XXXX XXXX on citi price rewind website, it did show the EXACT phone ( XXXX   prepaid ) with a big green \" track This Item '' button under it, which make me think this item is protected by price wind policy. \n\nWell, 2-3 weeks after I made the purchase, XXXX does lower their price from XXXX to XXXX per phone. I file a claim to Citi and a week later they requested my credit card statement to prove the purchase and another week later I called and learned the claim was denied, because the phone is a contract phone and they won't cover contract phones. \n\nI talked with the operator that whether or not XXXX  prepaid phone will be considered a contract phone can be arguable, but why citi list something will NOT be covered on their price rewind web page. If you would deny the claim due to the item itself why citi pretended to ask for my credit card statement and make the process two week long?\n\nI tried to talk to her manager and I missed her phone call once and I requested the second time and the manager never call back.",
    "company_public_response": "Company has responded to the consumer and the CFPB and chooses not to provide a public response",
    "company": "CITIBANK, N.A.",
    "state": "OK",
    "zipcode": "740XX",
    "tags": "None",
    "consumer_consent_provided": "Consent provided",
    "submitted_via": "Web",
    "date_sent_to_company": "12/14/18",
    "company_response_to_consumer": "Closed with explanation",
    "timely_response": "Yes",
    "consumer_disputed": "N/A",
    "complaint_id": 3100442
}