{
    "date": "2018-12-14T00:00:00",
    "product": "Mortgage",
    "sub-product": "Conventional home mortgage",
    "issue": "Struggling to pay mortgage",
    "sub-issue": "None",
    "text": "Back ib XX/XX/XXXX i was running out of money in my account and my only income was Social Security which at that time was {$1400.00}? a month do not remember the exact and my mortgage payment was {$1200.00}. \nThey offered me to pay {$1000.00} which is only {$51.00} dollars different which will not work. There were several conversations and nothing was being done to assist me. \n\nI went to XXXX XXXX thinking maybe they could help as web site says they work with mortgage companies to reduce payments. \n33 pages and bank statements, tax returns, my bills i pay every month was not working. \n\nOver and over things was sent from to lawyer should have arrived at Wells Fargo? \n\nI uploaded all of those things in my email for proof. No one wanted to talk to me at Wells Fargo as they refused to deal with me a i had a lawyer. \nNow i am probably going to be set out on the street XXXX  and no place to go. \nThis is supposed to be done by XXXX  on XX/XX/XXXX or XX/XX/XXXX.",
    "company_public_response": "Company has responded to the consumer and the CFPB and chooses not to provide a public response",
    "company": "WELLS FARGO & COMPANY",
    "state": "IL",
    "zipcode": "None",
    "tags": "Older American",
    "consumer_consent_provided": "Consent provided",
    "submitted_via": "Web",
    "date_sent_to_company": "12/14/18",
    "company_response_to_consumer": "Closed with explanation",
    "timely_response": "Yes",
    "consumer_disputed": "N/A",
    "complaint_id": 3100197
}