{
    "date": "2018-12-14T00:00:00",
    "product": "Mortgage",
    "sub-product": "Conventional home mortgage",
    "issue": "Struggling to pay mortgage",
    "sub-issue": "None",
    "text": "We have been trying to work with Wells Fargo Home Loans for a few years to get a Loan Modification. We have submitted many documents and were represented by an attorney at one point. We recently received numerous phone calls from a real  estate XXXX XXXX XXXX stating that they represent the new owner. \nWe never received any notice of a foreclosure sale concerning our home. \nWe were under the impression that XXXX XXXX XXXX was submitting documents for a loan modification on our behalf. \nWe do not know to do in a situation like this. We are being harassed by two real estate agents.",
    "company_public_response": "Company has responded to the consumer and the CFPB and chooses not to provide a public response",
    "company": "WELLS FARGO & COMPANY",
    "state": "NY",
    "zipcode": "117XX",
    "tags": "None",
    "consumer_consent_provided": "Consent provided",
    "submitted_via": "Web",
    "date_sent_to_company": "12/14/18",
    "company_response_to_consumer": "Closed with explanation",
    "timely_response": "Yes",
    "consumer_disputed": "N/A",
    "complaint_id": 3101011
}