{
    "date": "2018-12-14T00:00:00",
    "product": "Mortgage",
    "sub-product": "Conventional home mortgage",
    "issue": "Closing on a mortgage",
    "sub-issue": "None",
    "text": "Refinance home in XX/XX/2018 and pending escrow overpayments from previous mortgage lender. Payments released in 2 payments per lender, but larger payment in amount {$520.00} continues to be withheld by lender for no valid reason. I have made multiple calls regarding payment and advised each time that payment should be received in 7-10 business days. Calls made beginning XX/XX/XXXX, XX/XX/XXXX, XX/XX/XXXX, XX/XX/XXXX, and XX/XX/XXXX. Still being informed by agents that check will be issued I will receive in 7-10 business days.",
    "company_public_response": "Company believes complaint represents an opportunity for improvement to better serve consumers",
    "company": "Ditech Financial LLC",
    "state": "TX",
    "zipcode": "774XX",
    "tags": "None",
    "consumer_consent_provided": "Consent provided",
    "submitted_via": "Web",
    "date_sent_to_company": "12/14/18",
    "company_response_to_consumer": "Closed with explanation",
    "timely_response": "Yes",
    "consumer_disputed": "N/A",
    "complaint_id": 3101008
}