{
    "date": "2018-12-14T00:00:00",
    "product": "Vehicle loan or lease",
    "sub-product": "Loan",
    "issue": "Incorrect information on your report",
    "sub-issue": "Account status incorrect",
    "text": "I have been banking with Wells Fargo since I became an adult roughly 20 years ago. Up until recently, I had my personal checking, personal savings, business checking, business credit card, and a car loan with Wells Fargo and Wells Fargo Dealer Services. This was the third consecutive car loan with Wells Fargo Dealer Services. I started a XXXX XXXX company 4 years ago and naturally it was with Wells Fargo. My point is, I have been a very loyal life long customer. \n\nOn XX/XX/XXXX, Hurricane Michael made landfall as a major Hurricane and decimated our area. My wife was XXXX XXXX XXXX  at the time and we were forced to evacuate to XXXX Alabama several days prior. I returned on XX/XX/XXXX to a damaged home, no power, water, or communications. \n\nDuring this time I missed a car payment that was due on XX/XX/XXXX. I have never had a 30 day late on the 3 loans I have had since XXXX. When going to make my XXXX payment, I realized I had missed a payment. I immediately made both payments and called customer service. The representative informed me my payment had been made and gave me the number for a disaster relief department that was closed. I called the next day and they wanted to back out my payment and set up a payment arrangement. I declined the offer and just wanted to stress how important my credit was and didn't want it effected by this. They assured me my account had been flagged as being effected by a disaster. \n\nOne month on, I check my credit and it has dropped from XXXX to XXXX points due to a 30 day late being reported. With my history as a XXXX XXXX XXXX  and XXXX XXXX, I know it is possible to back out negative credit reporting. I called again, this time talking to no fewer than 5 people, asking to speak with a supervisor or manager only to receive a \" Escalation specialist '' or \" Senior Escalation Specialist ''  never being connected to anyone that could resolve my issue. I was told to fax a request to a credit department, they wouldn't submit for me due to no error being made, or I could contact The Office of The President.",
    "company_public_response": "Company has responded to the consumer and the CFPB and chooses not to provide a public response",
    "company": "WELLS FARGO & COMPANY",
    "state": "FL",
    "zipcode": "None",
    "tags": "None",
    "consumer_consent_provided": "Consent provided",
    "submitted_via": "Web",
    "date_sent_to_company": "12/14/18",
    "company_response_to_consumer": "Closed with explanation",
    "timely_response": "Yes",
    "consumer_disputed": "N/A",
    "complaint_id": 3100420
}