{
    "date": "2018-12-14T00:00:00",
    "product": "Mortgage",
    "sub-product": "FHA mortgage",
    "issue": "Struggling to pay mortgage",
    "sub-issue": "None",
    "text": "Back in XX/XX/XXXX I tried to work with Wells Fargo on a loan Modification They could never find my paper work So recently I filed a complaint with you Complaint # XXXX for which Wells Fargo said I was denied back in XX/XX/XXXX now they are saying I was approved and never signed and returned the paper work for which they could never find??? Now after several months of phone tag a XXXX XXXX XXXX Ext XXXX tells me that i was accepted for a loan Mod but I never received the paper work back in XX/XX/XXXX because they could never find my paper work. So which one was it Denied? or Accepted? Funny that back in XX/XX/XXXX/XX/XX/XXXX they could never find my paper work until recently I was told that back in XX/XX/XXXX I was denied, Now they are saying I was approved but failed to sign and return their paper work for which I never got. This XXXX XXXX must think I'm an XXXX My question is if they could never find my paper work until recently XXXX minute I'm denied in XX/XX/XXXX and then in XX/XX/XXXX I was approved. All Wells Fargo wants to do is play games with people so they don't have to pay up. XXXX told me I short sold my home on Bad advice since I was approved They never could find my paper work. But Wells Fargo kept accepting my partial payments. XXXX called me on XX/XX/XXXX to put me down.",
    "company_public_response": "Company has responded to the consumer and the CFPB and chooses not to provide a public response",
    "company": "WELLS FARGO & COMPANY",
    "state": "OR",
    "zipcode": "977XX",
    "tags": "Older American",
    "consumer_consent_provided": "Consent provided",
    "submitted_via": "Web",
    "date_sent_to_company": "12/14/18",
    "company_response_to_consumer": "Closed with explanation",
    "timely_response": "Yes",
    "consumer_disputed": "N/A",
    "complaint_id": 3100711
}