{
    "date": "2018-12-14T00:00:00",
    "product": "Mortgage",
    "sub-product": "Conventional home mortgage",
    "issue": "Struggling to pay mortgage",
    "sub-issue": "None",
    "text": "This complaint is submitted on behalf of the borrower by his advocate. \n\nThe borrower applied for foreclosure alternatives on XX/XX/2018. He was denied a standard modification on XX/XX/2018. The denial letter failed to give a clear reason for the denial stating, The investor ( owner of your loan ) has declined to this workout. The denial letter offered a Short Sale or Deed-In-Lieu. The denial letter did not advise the borrower of his right to appeal the decision, if merited. On XX/XX/2018 the borrowers advocate requested in writing clarification of the denial, to help the borrower evaluate his entire situation ( i.e. appeal the decision or seek other alternatives ). The request was submitted to the Single Point of Contact and the Escalations and Loss Mitigation departments. Shellpoint acknowledged the correspondence was received on XX/XX/2018. They confirmed a written response would be provided within 15 days ( aka XX/XX/2018 ). A Notice of Trustee Sale was recorded on XX/XX/2018. \n\nThe borrower and his advocate contacted Shellpoint via telephone communication on XX/XX/2018 ( when the borrower received multiple copies of the Notice of Trustee Sale via U.S. Mail ).  Representative XXXX XXXX confirmed there was no response to our request, nor was there a Single Point of Contact assigned to the loan. He explained that the borrower could enter a Repayment Plan, by making a lump sum payment and pay the remaining balance in a 12-month period, but that would not stop the foreclosure sale scheduled for XX/XX/2018. Please note this is the first time the borrower was advised by Shellpoint of his option to enter a Repayment Plan. XXXX then requested to follow up with us regarding the total amount due to bring the loan current, or lump sum amount due to enter a Repayment Plan, since he did not have access to that information. \n\nIt appears that Shellpoint is in violation of the California Homeowner Bill of Rights and the Mortgage Servicing Rules Under the Real Estate Settlement Procedures Act. The Notice of Trustee Sale may have been recorded prematurely, since no response to the correspondence has been made, thus giving the impression that Shellpoint is dual tracking. The Repayment Plan option appears to be unethical, since Shellpoint is  insinuating to accept partial payments of amount due but still proceed with foreclosure. It is also alarming that Shellpoint removed the Single Point of Contact prior to ensuring all loss mitigation efforts were explored with the borrower. All these actions have put the borrower in an unnecessary predicament to limit his options. Attached hereto please find supporting documents.",
    "company_public_response": "Company believes it acted appropriately as authorized by contract or law",
    "company": "Shellpoint Partners, LLC",
    "state": "CA",
    "zipcode": "936XX",
    "tags": "None",
    "consumer_consent_provided": "Consent provided",
    "submitted_via": "Web",
    "date_sent_to_company": "12/14/18",
    "company_response_to_consumer": "Closed with explanation",
    "timely_response": "Yes",
    "consumer_disputed": "N/A",
    "complaint_id": 3100235
}