{
    "date": "2018-12-14T00:00:00",
    "product": "Credit card or prepaid card",
    "sub-product": "General-purpose credit card or charge card",
    "issue": "Problem with a purchase shown on your statement",
    "sub-issue": "Card was charged for something you did not purchase with the card",
    "text": "OnXX/XX/2018, there were two fraud transactions made in my credit card ( {$850.00} and {$53.00} at two places in the same city ( XXXX XXXX, IL ). I have filed a compliant / fraud dispute to the bank on XX/XX/2018 and they have declined. After multiple follows ups with poor communication from the bank, they have denied after multiple escalations and even with the reports that I submitted after filing a federal theft report. Bank of America handled the entire issue very poorly and did not do any consumer protection or provide me with a proper response. \n\nTheir response was the chip can not be duplicated ( credit card chip ) and hence the transaction is true, even after providing multiple evidences to indicate I did not make this transaction, they have denied with this lame reason and did not take any steps to effectively check the chips in their credit card. \n\nFTC Compliant # : XXXX",
    "company_public_response": "Company has responded to the consumer and the CFPB and chooses not to provide a public response",
    "company": "BANK OF AMERICA, NATIONAL ASSOCIATION",
    "state": "IL",
    "zipcode": "600XX",
    "tags": "None",
    "consumer_consent_provided": "Consent provided",
    "submitted_via": "Web",
    "date_sent_to_company": "12/14/18",
    "company_response_to_consumer": "Closed with explanation",
    "timely_response": "Yes",
    "consumer_disputed": "N/A",
    "complaint_id": 3100444
}