{
    "date": "2018-12-13T00:00:00",
    "product": "Mortgage",
    "sub-product": "Conventional home mortgage",
    "issue": "Struggling to pay mortgage",
    "sub-issue": "None",
    "text": "I XXXX XXXX XXXX, will be doing a complete restructure of my current debt obligations outside of any bankruptcy filing. There is little hope for me if I continue carrying my current debt obligations unless I negotiate and settle my affairs directly. My biggest debt is with my mortgage, and I believe that I can modify my mortgage and get a forbearance time period so that the additional pressing debt issues are settled and resolved. Accordingly, I am request a modification package be sent to me in my email and/or to my home directly. This modification request will be completed by XX/XX/2019.",
    "company_public_response": "Company has responded to the consumer and the CFPB and chooses not to provide a public response",
    "company": "FLAGSTAR BANK, FSB",
    "state": "CA",
    "zipcode": "935XX",
    "tags": "None",
    "consumer_consent_provided": "Consent provided",
    "submitted_via": "Web",
    "date_sent_to_company": "12/13/18",
    "company_response_to_consumer": "Closed with explanation",
    "timely_response": "Yes",
    "consumer_disputed": "N/A",
    "complaint_id": 3099003
}