{
    "date": "2018-12-13T00:00:00",
    "product": "Credit card or prepaid card",
    "sub-product": "General-purpose credit card or charge card",
    "issue": "Other features, terms, or problems",
    "sub-issue": "Other problem",
    "text": "XXXX XXXX XXXX XXXX XX/XX/XXXX Sales agent : XXXX XXXX XXXX points {$11000.00} Down payment {$3200.00} from Barclay card Maintenance Fee {$870.00} Financed {$8700.00} At XXXX XXXX we were told we would be able to pay our entire maintenance fee by using the Barclaycard. \nWe were told we could take a cruise using XXXX points We were told we could rent a car using XXXX points Owner Orientation in XX/XX/XXXX at XXXX XXXX in XXXX XX/XX/XXXX Sales agent : XXXX XXXX XXXX points purchased Purchase price : {$17000.00} Down payment {$3400.00} Amount financed : {$13000.00} They open XXXX XXXX XXXX and charge about {$4000.00} with 25 % rate. This is used for down payment and selling as points, which is valueless and useless. This is false ads and prey on consumers. We have over XXXX consumers complains with same company that open the account on site without any outside consultation with pressure sales tactics by this XXXX XXXX XXXX with bad practice and ruin my finance and used Barclay Bank Credit Card",
    "company_public_response": "Company has responded to the consumer and the CFPB and chooses not to provide a public response",
    "company": "BARCLAYS BANK DELAWARE",
    "state": "GA",
    "zipcode": "300XX",
    "tags": "None",
    "consumer_consent_provided": "Consent provided",
    "submitted_via": "Web",
    "date_sent_to_company": "12/18/18",
    "company_response_to_consumer": "Closed with explanation",
    "timely_response": "Yes",
    "consumer_disputed": "N/A",
    "complaint_id": 3099024
}