{
    "date": "2018-12-13T00:00:00",
    "product": "Checking or savings account",
    "sub-product": "Checking account",
    "issue": "Managing an account",
    "sub-issue": "Banking errors",
    "text": "Hi, I am writing the CFPB to report an incident with USAA in regards to unfair and deceptive acts and practices ( UDAAP ) & the Electronic Funds Transfer Act ( EFTA ).  The problem is that USAA misrepresented the available funds in my checking account thus deceiving me into making a payment that was later reordered to appear overdrawn on the account. I am providing a summary of events as follows. I logged in to my USAA checking account at approximately XXXX XXXX CT on XX/XX/2018. I observed an available balance of {$200.00}. I used this information to make a payment of {$200.00} from my USAA checking account to my USAA credit card at XXXX XXXX. I also tested out transferring funds from an external account. Upon review of my checking account, USAA changed the order of deposits and placed the credit card payment ahead of the reported account balance, resulting in an overdrawn balance. I contacted USAA chat to confirm that this must have been an error on USAA 's part. The chat representative ( chat rep )  claimed initially that my balance was never {$200.00}, then later claimed that the deposit arrived after I made the payment & a transfer. I continued to share details & times of the transactions. The chat rep continued to deny. I explained that I would have to escalate the issue to a regulatory complaint. The chat rep continued thinking I was doing this because of \" feelings. '' I reminded the chat rep that the chat provided evidence that USAA appeared to using UDAAP to create the appearance of an overdrawn account & refused to correct the problem. The chat rep claimed they would file a complaint on my behalf. I explained to the chat rep again that USAA 's actions would be different from the regulatory complaint I planned to file. Please let me know when USAA can correct reordering payments and deposits. Thank you for your time, XXXX XXXX",
    "company_public_response": "Company believes it acted appropriately as authorized by contract or law",
    "company": "UNITED SERVICES AUTOMOBILE ASSOCIATION",
    "state": "TN",
    "zipcode": "None",
    "tags": "Servicemember",
    "consumer_consent_provided": "Consent provided",
    "submitted_via": "Web",
    "date_sent_to_company": "12/13/18",
    "company_response_to_consumer": "Closed with explanation",
    "timely_response": "Yes",
    "consumer_disputed": "N/A",
    "complaint_id": 3099808
}