{
    "date": "2018-12-13T00:00:00",
    "product": "Credit card or prepaid card",
    "sub-product": "Store credit card",
    "issue": "Problem with a purchase shown on your statement",
    "sub-issue": "Credit card company isn't resolving a dispute about a purchase on your statement",
    "text": "I purchased an open box computer that was broken from XXXX XXXX on XX/XX/XXXX i returned and exchanged the computer the next day for a new XXXX computer totaling {$1000.00}. the computer malfunctioned within a few weeks of purchasing and i visited the store approximately 15 days after the purchase to return/exchange the computer. the customer service rep at the store stated that the window for return had closed and i must contact XXXX for warranty repair. at this time i was not aware of my right to return a defective item, and was not aware that the store actually had a 30 day return policy. \n\ni contacted XXXX a few times to try to initiate a warranty repair. they promised to send me an overnight box to ship my computer to them. it took a few weeks from my initial call to actually receive the box. the repair process took about a month. upon receiving the computer back, the computer started malfunctioning again almost immediately. \n\nthis is when i filed a dispute with citi best buy card services, explaining my interaction with the deceptive XXXX XXXX   employee, the defective product, etc. Citi QUICKLY sided with XXXX XXXX on this matter, stating that i was outside of the return window. Ha. its been months, of course its outside of the return window now. i am not disputing that. \n\n. the problem has gotten progressively worse and the computer is now unusable. i contacted XXXX for a return box about a week and a half ago for a return box. it has not been received and XXXX repeatedly tells me that they have no record that i initiated a second repair request. i contacted Citi yet again to open another dispute. they stated that they have already sided with XXXX XXXX, that it was past the return window, and they will not open a new dispute. \n\ni question citibanks business practices as they sided with their business partner and provided no valid reason as to why. i should be covered under the purchase protection plan that they offered me.",
    "company_public_response": "Company has responded to the consumer and the CFPB and chooses not to provide a public response",
    "company": "CITIBANK, N.A.",
    "state": "GA",
    "zipcode": "300XX",
    "tags": "None",
    "consumer_consent_provided": "Consent provided",
    "submitted_via": "Web",
    "date_sent_to_company": "12/13/18",
    "company_response_to_consumer": "Closed with explanation",
    "timely_response": "Yes",
    "consumer_disputed": "N/A",
    "complaint_id": 3099356
}