{
    "date": "2018-12-26T00:00:00",
    "product": "Credit card or prepaid card",
    "sub-product": "Store credit card",
    "issue": "Closing your account",
    "sub-issue": "Company closed your account",
    "text": "Syncrony bank closed my belks account after I made a complaint to consumer Financial Protection Bureau. The day I made the complaint I received an email from synchrony bank to get in touch with them to work something out when Icalled the president of customer relations she said there is nothing we can do for you and they closed my account.",
    "company_public_response": "Company has responded to the consumer and the CFPB and chooses not to provide a public response",
    "company": "SYNCHRONY FINANCIAL",
    "state": "GA",
    "zipcode": "302XX",
    "tags": "None",
    "consumer_consent_provided": "Consent provided",
    "submitted_via": "Web",
    "date_sent_to_company": "12/26/18",
    "company_response_to_consumer": "Closed with explanation",
    "timely_response": "Yes",
    "consumer_disputed": "N/A",
    "complaint_id": 3110047
}