{
    "date": "2018-12-13T00:00:00",
    "product": "Mortgage",
    "sub-product": "Conventional home mortgage",
    "issue": "Struggling to pay mortgage",
    "sub-issue": "None",
    "text": "XXXX XXXX, XXXX, is the Trustee for XXXX XXXX XXXX XXXX XXXX  Pass-Through Certificates Series XXXX and is in the process of evicting us from our home. This eviction is based upon an illegal foreclosure and sale that was carried out by Wells Fargo Home Mortgage ( ASC ). The fraud centers around Wells Fargo Home Mortgage leading us into default without our knowledge in order to qualify for a loan modification in XX/XX/XXXX. They told us to stop making payments in order to qualify for a loan modification. They had no intention of making a loan modification. Wells Fargo Home Mortgage was the agent for XXXX XXXX, XXXX, and it is not known whether they were simply following the instructions of XXXX XXXX, XXXX The complaint against XXXX XXXX, XXXX, is that they have been informed some time ago about the illegal foreclosure and sale of our home and they continue their efforts to evict us. The are aware of many acts by their agent, Wells Fargo Home Mortgage, of fraud and tactics they used in servicing our mortgage and countless others. What isn't known at this time is the involvement of XXXX XXXX, XXXX, in the acts that Wells Fargo Home Mortgage inflicted upon us and other homeowners. This includes the placement of our mortgage ( predatory loan? ) into a government guaranteed trust. It also isn't known if XXXX XXXX, XXXX was giving instructions to Wells Fargo Home Mortgage as their agent in the fraudulent acts that they committed. \n\nI am a XXXX year old XXXX veteran with an XXXX XXXX and the acts of Wells Fargo Home Mortgage and possibly XXXX XXXX, XXXX, caused me to lose my company, income, my company stock, my company retirement, and I was forced to file bankruptcy in XX/XX/XXXXto protect my home from foreclosure. I am simply looking for fairness in my losses and get my house back.",
    "company_public_response": "Company has responded to the consumer and the CFPB and chooses not to provide a public response",
    "company": "WELLS FARGO & COMPANY",
    "state": "CA",
    "zipcode": "95959",
    "tags": "Older American, Servicemember",
    "consumer_consent_provided": "Consent provided",
    "submitted_via": "Web",
    "date_sent_to_company": "12/21/18",
    "company_response_to_consumer": "Closed with explanation",
    "timely_response": "Yes",
    "consumer_disputed": "N/A",
    "complaint_id": 3098998
}