{
    "date": "2018-12-12T00:00:00",
    "product": "Mortgage",
    "sub-product": "Conventional home mortgage",
    "issue": "Trouble during payment process",
    "sub-issue": "None",
    "text": "I paid of my mortgage loan XXXX early in full on XX/XX/2017 as per the payoff statement provided by Home Financing Center due to many irregularities in the way the company was hiding excess payments as \" fees '' or \" taxes '', their not applying payments to the account as paid so that they can bill additional \" late '' fees and many other problems. They have provided credits when it has been called to their attention but later \" miscellaneous '' charges keep popping up to make funds disappear again. To date I have been unable to obtain my satisfaction of mortgage from them even though it has been over a year since paid. They are also continuing to damage my credit all they while they have the payment sitting in \" unapplied '' to rack up more late fees. After I requested a refund of the excess payments, all of a sudden I received a purported backdated \" legal fee '' cost on the account from one XXXX XXXX XXXX ( F rating at XXXX XXXX XXXX ) to make  the excess funds disappear as I had requested a refund of the escrow account. This \" cost '' showed up after the mortgage was paid in full and was not noted on the payoff statement. Home Financing Center needs to lose its ability to service or write mortgages especially FHA mortgages. I would appreciate receiving my satisfaction of lien for my property by the end of this year as it is preventing me from selling it or passing it on to my children causing great damage.",
    "company_public_response": "Company has responded to the consumer and the CFPB and chooses not to provide a public response",
    "company": "HOME FINANCING CENTER",
    "state": "FL",
    "zipcode": "None",
    "tags": "None",
    "consumer_consent_provided": "Consent provided",
    "submitted_via": "Web",
    "date_sent_to_company": "12/12/18",
    "company_response_to_consumer": "Closed with explanation",
    "timely_response": "Yes",
    "consumer_disputed": "N/A",
    "complaint_id": 3098533
}