{
    "date": "2018-12-12T00:00:00",
    "product": "Mortgage",
    "sub-product": "Conventional home mortgage",
    "issue": "Trouble during payment process",
    "sub-issue": "None",
    "text": "My loan is part of the XXXX XXXX held XXXX XXXX XXXX XXXX XX/XX/XXXX Mortgage Backed Notes. I am disputing the legitimacy of this trust and Select Portfolio right to attempt to foreclose on my property at XXXX XXXX XXXX XXXX XXXX Ga. I will need information confirming the existence of the XXXX XXXX XXXX XXXX XX/XX/XXXX. I have researched it myself and have found that there seems to be no information on it past  XX/XX/2015. This concerns me. I have requested this information multiple times before via handwritten request as well as verbal requests. I am well aware that the trust is held by XXXX XXXX. I need recent records on the actual trust itself. Recent financial records, Tax records, anything that can show me that this is a legitimate trust and is still in existence. I have spoken with XXXX XXXX from XXXX XXXX, who apparently manages the service agreement with Select Portfolio, and he could tell me nothing about this trust saying that, XXXX XXXX XXXX may have a record of it. Why XXXX XXXX XXXX would have a record of it I have no idea. It's supposed to be held by XXXX XXXX. I am sure you can understand my confusion and concern as to where my money is actually going. I find this lack of transparency between Select Portfolio, XXXX XXXX, XXXX XXXX and whom ever else may be involved with the XXXX XXXX XXXX XXXX XX/XX/XXXX Mortgage Backed Notes, to be completely unacceptable. I have a right to know and gather information on this trust to make sure it is all Legitimate. Not to mention all banks involved have been fined heavily in recent years for bank fraud as well as securities fraud and I believe XXXX XXXX Headquarters in XXXX was just raided due to money laundering accusations. This to me is extremely worrisome and I demand transparency on all aspects of this trust that my mortgage is part of. Every time I ask this question my only response from Select Portfolio Servicing is that XXXX XXXX is the holder of the trust. Let 's see if we can dig a bit deeper this time. My intention is to keep my house and I am able to catch up on payments once I am secure with the situation. XXXX XXXX",
    "company_public_response": "Company believes it acted appropriately as authorized by contract or law",
    "company": "SELECT PORTFOLIO SERVICING, INC.",
    "state": "GA",
    "zipcode": "300XX",
    "tags": "None",
    "consumer_consent_provided": "Consent provided",
    "submitted_via": "Web",
    "date_sent_to_company": "12/12/18",
    "company_response_to_consumer": "Closed with explanation",
    "timely_response": "Yes",
    "consumer_disputed": "N/A",
    "complaint_id": 3098659
}