{
    "date": "2018-12-12T00:00:00",
    "product": "Mortgage",
    "sub-product": "Conventional home mortgage",
    "issue": "Applying for a mortgage or refinancing an existing mortgage",
    "sub-issue": "None",
    "text": "I am XXXX years old. I applied for a reverse mortgage with Wells Fargo Bank and they approved me. Shortly before closing they informed me they were getting out of the reverse mortgage business. I went on the open market and got approved again. Wells Fargo would not give a proper payoff amount and the reverse mortgage did not close. I applied and was approved by 2 other companies and again was not able to close due to a dispute over the amount owed.\n\nI have applied for loan modifications on 8 times only to be denied. I have tried everything to save my home to no avail. I even sued Wells Fargo and the case went all the way to the U.S. Supreme Court, Washington, D.C. \nI simple want a reverse mortgage and to stay in my home. \nMy loan # with Wells Fargo is XXXX.",
    "company_public_response": "Company has responded to the consumer and the CFPB and chooses not to provide a public response",
    "company": "WELLS FARGO & COMPANY",
    "state": "GA",
    "zipcode": "303XX",
    "tags": "Older American",
    "consumer_consent_provided": "Consent provided",
    "submitted_via": "Web",
    "date_sent_to_company": "12/12/18",
    "company_response_to_consumer": "Closed with explanation",
    "timely_response": "Yes",
    "consumer_disputed": "N/A",
    "complaint_id": 3097757
}