{
    "date": "2018-12-12T00:00:00",
    "product": "Credit card or prepaid card",
    "sub-product": "General-purpose credit card or charge card",
    "issue": "Getting a credit card",
    "sub-issue": "Delay in processing application",
    "text": "On XX/XX/18, I called Citibank customer service regarding my credit card application status. I get my security question right but they transferred me to the fraud department and refused to check my application status. \n\nTheir decision seriously delayed the time of reviving my credit card and hurt customers relationship. \n\nI would request to cancel my credit card application with Citibank.",
    "company_public_response": "Company has responded to the consumer and the CFPB and chooses not to provide a public response",
    "company": "CITIBANK, N.A.",
    "state": "NY",
    "zipcode": "113XX",
    "tags": "None",
    "consumer_consent_provided": "Consent provided",
    "submitted_via": "Web",
    "date_sent_to_company": "12/12/18",
    "company_response_to_consumer": "Closed with explanation",
    "timely_response": "Yes",
    "consumer_disputed": "N/A",
    "complaint_id": 3097850
}