{
    "date": "2018-12-12T00:00:00",
    "product": "Vehicle loan or lease",
    "sub-product": "Loan",
    "issue": "Managing the loan or lease",
    "sub-issue": "Problem with fees charged",
    "text": "On XX/XX/2018 I electronically sent the regular monthly car payment it was posted on XX/XX/2018. My payment due date is XXXX of each month. \nFinance Charge {$21.00} paid XX/XX/18. \n\nI mailed a check in about XX/XX/2018 it was posted on XX/XX/XXXX. On the check since I was with in the time limit I stated \" PRINCIPAL ONLY '' and I noted the regular payment was previously sent. \n\nHowever, I received my stamen with closing date XX/XX/2018 and payment due XX/XX/2018. They used the principal only payment for an additional car for the same billing period and applied the balance of the money to the principal.\n\nFinance Charge {$10.00} paid XX/XX/18 There was no \" FINANCE CHARGE '' due with in the same payment period.\n\nYou can not charge FINANCE CHARGES twice in the same billing period.",
    "company_public_response": "Company has responded to the consumer and the CFPB and chooses not to provide a public response",
    "company": "BANK OF AMERICA, NATIONAL ASSOCIATION",
    "state": "OH",
    "zipcode": "440XX",
    "tags": "Older American, Servicemember",
    "consumer_consent_provided": "Consent provided",
    "submitted_via": "Web",
    "date_sent_to_company": "12/12/18",
    "company_response_to_consumer": "Closed with explanation",
    "timely_response": "Yes",
    "consumer_disputed": "N/A",
    "complaint_id": 3098732
}