{
    "date": "2018-12-12T00:00:00",
    "product": "Checking or savings account",
    "sub-product": "Checking account",
    "issue": "Problem caused by your funds being low",
    "sub-issue": "Non-sufficient funds and associated fees",
    "text": "Regions Bank charged me multiple times for checking my account at another atm. Which is understandable but they charge me too many times ; I only checked twice causing me to overdraft. Later I was charged for something that was supposed to have been declined.",
    "company_public_response": "Company has responded to the consumer and the CFPB and chooses not to provide a public response",
    "company": "REGIONS FINANCIAL CORPORATION",
    "state": "TN",
    "zipcode": "381XX",
    "tags": "None",
    "consumer_consent_provided": "Consent provided",
    "submitted_via": "Web",
    "date_sent_to_company": "12/12/18",
    "company_response_to_consumer": "Closed with explanation",
    "timely_response": "Yes",
    "consumer_disputed": "N/A",
    "complaint_id": 3097924
}