{
    "date": "2018-12-13T00:00:00",
    "product": "Vehicle loan or lease",
    "sub-product": "Loan",
    "issue": "Problem with a credit reporting company's investigation into an existing problem",
    "sub-issue": "Problem with personal statement of dispute",
    "text": "I'm writing to you because I noticed that my most recent credit report contains late payment ( s ) reported on XX/XX/2018, XX/XX/2018 for my Wellsfargodealers account.",
    "company_public_response": "Company has responded to the consumer and the CFPB and chooses not to provide a public response",
    "company": "WELLS FARGO & COMPANY",
    "state": "TN",
    "zipcode": "381XX",
    "tags": "None",
    "consumer_consent_provided": "Consent provided",
    "submitted_via": "Web",
    "date_sent_to_company": "12/19/18",
    "company_response_to_consumer": "Closed with explanation",
    "timely_response": "Yes",
    "consumer_disputed": "N/A",
    "complaint_id": 3099050
}