{
    "date": "2018-12-11T00:00:00",
    "product": "Student loan",
    "sub-product": "Federal student loan servicing",
    "issue": "Dealing with your lender or servicer",
    "sub-issue": "Received bad information about your loan",
    "text": "After sending the last complaint Nelnet has unlocked my account so that I can view it. It stated that I was in forbearance. That status has now been changed to repayment. Today I spoke with someone in Nelnet 's customer service department. She isn't sure why I was given incorrect information concerning my Public Service Loan Forgiveness. I asked why my loans were placed in forbearance and she indicated that  happens automatically when I am in bankruptcy. I was never given this information prior to today. She said that I am in a graduated plan, which is still the wrong plan. But the payment with this plan has never changed. The payment is supposed to increase every couple of years. She suggested that I consolidate my loans, which I thought I already did, and begin the income driven repayment plan again. I have currently been making approximately the same payment since XX/XX/2003. Something can't be right with this. I'm not sure how to proceed from this point. I honestly get different information from everyone I speak to and no one cares. The girl last week at Nelnet told me my payment would be around {$800.00}. a month on the income based plan, today the representative said she couldn't possible know that. So who do I trust and how do I correct this situation?",
    "company_public_response": "None",
    "company": "NELNET, INC.",
    "state": "OH",
    "zipcode": "457XX",
    "tags": "None",
    "consumer_consent_provided": "Consent provided",
    "submitted_via": "Web",
    "date_sent_to_company": "12/11/18",
    "company_response_to_consumer": "Closed with explanation",
    "timely_response": "Yes",
    "consumer_disputed": "N/A",
    "complaint_id": 3097099
}