{
    "date": "2018-12-11T00:00:00",
    "product": "Student loan",
    "sub-product": "Federal student loan servicing",
    "issue": "Dealing with your lender or servicer",
    "sub-issue": "Received bad information about your loan",
    "text": "Twenty months after paying off my loan in full, Great Lakes added {$13000.00} to my loan balance. They said the money was a fraudulent payment ( it wasn't ) so they sent it back to the bank. I never received the money back. They refuse to tell me where it was sent to past that. The money has disappeared. Now I have a large balance on my student loan, and my missing {$13000.00} is nowhere to be found.",
    "company_public_response": "Company believes it acted appropriately as authorized by contract or law",
    "company": "GREAT LAKES",
    "state": "NY",
    "zipcode": "116XX",
    "tags": "None",
    "consumer_consent_provided": "Consent provided",
    "submitted_via": "Web",
    "date_sent_to_company": "12/11/18",
    "company_response_to_consumer": "Closed with explanation",
    "timely_response": "Yes",
    "consumer_disputed": "N/A",
    "complaint_id": 3097465
}