{
    "date": "2018-12-11T00:00:00",
    "product": "Student loan",
    "sub-product": "Federal student loan servicing",
    "issue": "Dealing with your lender or servicer",
    "sub-issue": "Trouble with how payments are being handled",
    "text": "On XX/XX/2018, I made a request to XXXX XXXX to change my payment due date from XX/XX/XXXX of the month to the XX/XX/XXXX of the month. My reason was that the new payment schedule would better align to the day that I am paid by my job. After submission of my request, my payment due to XXXX XXXX increased from ~ {$590.00} per month to ~ {$650.00}.\n\nAfter approximately XXXX and a half months ( on XX/XX/2018 ), I submitted a second request to schedule my due date back to the XX/XX/XXXX of the month. I realized that the monthly amount due was too high for my personal budget.\n\nShockingly, after XXXX XXXX accepted my new request, my payment amount due increased to {$680.00}.\n\nI called XXXX XXXX to understand the increase. In XX/XX/XXXX, the amount due was {$590.00} and I could not understand the increase after only XXXX months. I shared the documents received upon submitting my requests in which no information was mentioned or shared about changes to repayments ( other than date changes ) amounts. Additionally, I walked the loan representative through the payment date change process and showed her that there is zero language around long-term payment increases. The only payment-related disclosure shared was that I may have to make a double payment once the new billing cycle starts.\n\nXXXX XXXX XXXX response was to offer me new repayment terms. Which I did not want to accept. I wanted my amount due to return to its original {$500.00} amount. Instead of providing documentation that spells out how the change occurred, the rep continuously pressed me to consider extending my repayment terms.\n\nI pointed out several times that loan institution provides clear disclosures on neither their website or complementary documents that inform borrowers of the consequences of changing the payment date. In fact, the website simply states : Change Your Due Date to Fit Your Schedule If You Change Your Due Date : It may take up to 2 billing cycles to reflect your due date change.\n\nIt may result in two payments being due within 1 billing cycle ( XXXX days ).\n\nAny loan that is in a paid ahead status will be removed from that status, and the next monthly bill will require you to pay the full installment amount.\n\nAfter my discussion with the loan representative, she admitted that none of my documents specify that I would receive an increase of payment amounts just from changing my due date.",
    "company_public_response": "None",
    "company": "AES/PHEAA",
    "state": "GA",
    "zipcode": "303XX",
    "tags": "None",
    "consumer_consent_provided": "Consent provided",
    "submitted_via": "Web",
    "date_sent_to_company": "12/11/18",
    "company_response_to_consumer": "Closed with explanation",
    "timely_response": "Yes",
    "consumer_disputed": "N/A",
    "complaint_id": 3097324
}