{
    "date": "2018-12-11T00:00:00",
    "product": "Credit card or prepaid card",
    "sub-product": "General-purpose credit card or charge card",
    "issue": "Closing your account",
    "sub-issue": "Company closed your account",
    "text": "I just opened a account a few months ago. I never received a bill/statement for the {$50.00} annual fee. I did receive my card but never activated it. The company closed it with out notice and will not reactive. Was told just to reapply. Was also told that I never paid their fee. When I call they told me I should have received a paper statement as well as a phone call. Which of course I have never received. I have not missed a payment on any of my cards in 16 years. I have another account with Chase and I have never missed a payment or been late. It is very unlikely that I would have not paid this account if I would have received a statement of some type Yet, they are refusing to activate the account, even when I offered to pay the annual fee same day as well as the their \" late '' fees that accrued. They will only reactive if it was a bank error which I believe that it is. Chase refused to work with me on my accounts.",
    "company_public_response": "None",
    "company": "JPMORGAN CHASE & CO.",
    "state": "CO",
    "zipcode": "806XX",
    "tags": "None",
    "consumer_consent_provided": "Consent provided",
    "submitted_via": "Web",
    "date_sent_to_company": "12/11/18",
    "company_response_to_consumer": "Closed with non-monetary relief",
    "timely_response": "Yes",
    "consumer_disputed": "N/A",
    "complaint_id": 3097488
}