{
    "date": "2018-12-11T00:00:00",
    "product": "Checking or savings account",
    "sub-product": "Checking account",
    "issue": "Managing an account",
    "sub-issue": "Problem using a debit or ATM card",
    "text": "My checking account was accessed fraudulently and thousands of dollars of unauthorized withdrawals were taken from my account not once but twice. TD Bank was informed of the first episode of theft and allowed it to happen again, six days later. How does TD Bank allow unauthorized withdrawals from an ATM of over {$2000.00} per day when the limit of an ATM withdrawal is set at {$500.00}. \n\nTD Bank was neglectful in not locking the account once they were alerted to the initial fraud activity on the account. I suspect an inside job as TD bank seems to have no systems in place to protect the consumer from fraud. \n\nI have been a TD Bank customer for over 10 years with TD Bank, live at the same address but yet TD Bank systems allowed someone to request a debit card to be sent to a different address and withdraw monies from my account. \nI received no alert as to the request of an ATM card, nor any inquiry as to whether I had changed my address. Also, to allow fraud to occur twice after being informed their whole Fraud department is a sham.",
    "company_public_response": "None",
    "company": "TD BANK US HOLDING COMPANY",
    "state": "NY",
    "zipcode": "110XX",
    "tags": "None",
    "consumer_consent_provided": "Consent provided",
    "submitted_via": "Web",
    "date_sent_to_company": "12/12/18",
    "company_response_to_consumer": "Closed with explanation",
    "timely_response": "Yes",
    "consumer_disputed": "N/A",
    "complaint_id": 3097704
}