{
    "date": "2018-12-11T00:00:00",
    "product": "Mortgage",
    "sub-product": "Conventional home mortgage",
    "issue": "Struggling to pay mortgage",
    "sub-issue": "None",
    "text": "Received Shellpoint Modification Trial Offer, agreement. Spoke with Shellpoint by phone asked them to explain the terms of the modification offer. They refuse to give me the details of the modification agreement such as, if the rate is fixed and how many years I will be paying on my mortgage. They want me to sign the trial offer agreement but I don't know what I'm agreeing to. Ask them to give me a the break down of what I'm paying for in my escrow account there reply was they didn't have that information.They are hard to communicate with and unwilling to assist me.",
    "company_public_response": "Company believes complaint represents an opportunity for improvement to better serve consumers",
    "company": "Shellpoint Partners, LLC",
    "state": "TN",
    "zipcode": "381XX",
    "tags": "None",
    "consumer_consent_provided": "Consent provided",
    "submitted_via": "Web",
    "date_sent_to_company": "12/11/18",
    "company_response_to_consumer": "Closed with explanation",
    "timely_response": "Yes",
    "consumer_disputed": "N/A",
    "complaint_id": 3097458
}