{
    "date": "2018-12-11T00:00:00",
    "product": "Credit card or prepaid card",
    "sub-product": "General-purpose credit card or charge card",
    "issue": "Problem with a purchase shown on your statement",
    "sub-issue": "Card was charged for something you did not purchase with the card",
    "text": "On XX/XX/XXXX, I made a cash advance that totaled {$1000.00} with my Citi AAdvantage Mastercard ( account ending in XXXX ). Unknown to me, my credit card was then hacked, spoofed, or whatever the term is. And someone that was NOT ME made two more cash advances as the same place for the same amounts ( XX/XX/XXXX for {$1000.00} and XX/XX/XXXX for {$1000.0\n\n0} ). I was unaware of this fraudulent transaction. Approximately two weeks later, when reviewing my statement, I noticed these two fraudulent charges. I called the company. We reviewed all my charges prior, these two charges, and all the charges afterwards. I told them that I was responsible for many charges prior and after, but I was NOT responsible for these TWO\ncash advances. We closed the account and had a new card account issued as a result.\n\nOn XX/XX/XXXX, I received a letter from the bank stating that the NO CREDIT would be issued for these two fraudulent charges. The reason : \" Valid charges were made with the credit care issued in the name of XXXX XXXX XXXX both before and after the disputed charges. We acknowledge your situation ; however, credit will not be issued for the item ( s ) in dispute ''.\n\nThis reason is nonsensical. I already agreed and affirmed valid charges with the company after I reviewed my statement. This is what caused me to call the company : these two fraudulent charges. My card and associated information was obviously hacked at the machine and malign actors used this to steal ~ $ XXXX in cash advances. The reason specified by the company makes no sense. I attempted over the last 2 months to call and get more information and rationale, but to no avail. \n\nI am being denied protections afforded to me under the Economic Growth, Regulatory Relief, and Consumer Protection Act and the Fair Credit Reporting Act and I request immediate remedy.",
    "company_public_response": "Company has responded to the consumer and the CFPB and chooses not to provide a public response",
    "company": "CITIBANK, N.A.",
    "state": "NC",
    "zipcode": "283XX",
    "tags": "Servicemember",
    "consumer_consent_provided": "Consent provided",
    "submitted_via": "Web",
    "date_sent_to_company": "12/11/18",
    "company_response_to_consumer": "Closed with explanation",
    "timely_response": "Yes",
    "consumer_disputed": "N/A",
    "complaint_id": 3097083
}