{
    "date": "2018-12-11T00:00:00",
    "product": "Credit card or prepaid card",
    "sub-product": "General-purpose credit card or charge card",
    "issue": "Problem when making payments",
    "sub-issue": "Problem during payment process",
    "text": "Per XXXX XXXX Visa Card Terms and Conditions. \n\n... You authorize us to either use information from your check to make a one-time electronic fund transfer from your account or to process the payment as a check transaction. Mailed payments are credited on the same day received if they are received by XXXX XXXX. XXXX Monday through Friday ( excluding holidays ). Electronic and telephone payments are credited on the same day if they are received by XXXX XXXX. EST Monday through Friday ( excluding holidays ). We may apply a credit line availability hold condition to your Account in the amount of the payment until your check or other payment instrument has cleared. The result of this hold is that the credit line availability resulting from a payment to your Account will be delayed. The payment will be applied to your Account on the date we receive it in accordance with this section. We may take up to 5 business days to process any credit of other payments that do not meet these requirements, during which interest will not accrue. We may accept and process late, partial and payments marked as paid in full without losing our rights under this Agreement. \nIf your payment is reversed due to insufficient funds or a returned check, we will apply a credit line availability hold condition to your Account and you may lose any special APR offers. The result of this hold is that the credit line availability resulting from a payment to your Account will be delayed for 7 calendar days after the payment is processed. The hold condition will be canceled after 6 billing cycles where no other payment reversal event takes place. \n\n\nI submitted my most recent payment on XX/XX/2018 at XXXX. After the XXXX deadline for the credit to be issued the same day which is fine. The Payment cleared my XXXX XXXX checking on XX/XX/18. Today is XX/XX/18 a full six days after the payment has cleared my account and I STILL HAVE A HOLD ON MY ACCOUNT. Banco Popular Called me yesterday to tell me that the hold conditions apply to my account without giving any explanation. Previous representatives have told me that for the next six billing cycles every payment I make will be on hold for 7 calendar days after the payment has processed. I have never had a payment reversed, therefore, that stipulation does not apply to me. I have complied with the terms and conditions and am not receiving fair treatment.",
    "company_public_response": "None",
    "company": "BANCO POPULAR DE PUERTO RICO",
    "state": "NC",
    "zipcode": "None",
    "tags": "None",
    "consumer_consent_provided": "Consent provided",
    "submitted_via": "Web",
    "date_sent_to_company": "12/11/18",
    "company_response_to_consumer": "Closed with explanation",
    "timely_response": "Yes",
    "consumer_disputed": "N/A",
    "complaint_id": 3097302
}