{
    "date": "2018-12-11T00:00:00",
    "product": "Mortgage",
    "sub-product": "FHA mortgage",
    "issue": "Closing on a mortgage",
    "sub-issue": "None",
    "text": "My mortgage with XXXX XXXX XXXX  was bought out by another company Called Lakeview Loan Servicing. I was never notified. I repeatedly tried to pay my original mortgage and was denied access. I just thought something was wrong with the website. After a couple of weeks of this and a message from a credit reporting company that my account with XXXX had been closed, I called my mortgage company only to find out that my loan was sold and they were no longer servicing my loan. They gave me the number to the new company. When I called them, they said they had sent a new customer package back in XXXX. I never received notice that my loan was sold. I had no idea what was going on. I have a credit reporting service that notified me that my account with the original bank was closed. After calling the new loan service, they had sent my new customer package to a wrong address. Now when I registered to pay online with the new company, it states that I have late payments. It is kind of hard to pay a payment when your account was closed and you have no idea what is going on!",
    "company_public_response": "Company has responded to the consumer and the CFPB and chooses not to provide a public response",
    "company": "LAKEVIEW LOAN SERVICING, LLC",
    "state": "IL",
    "zipcode": "None",
    "tags": "None",
    "consumer_consent_provided": "Consent provided",
    "submitted_via": "Web",
    "date_sent_to_company": "12/11/18",
    "company_response_to_consumer": "Closed with explanation",
    "timely_response": "Yes",
    "consumer_disputed": "N/A",
    "complaint_id": 3097470
}