{
    "date": "2018-12-11T00:00:00",
    "product": "Credit card or prepaid card",
    "sub-product": "General-purpose credit card or charge card",
    "issue": "Problem when making payments",
    "sub-issue": "You never received your bill or did not know a payment was due",
    "text": "I own a discover card and was going through a financial hardship and missed a payment of XXXX on one month",
    "company_public_response": "None",
    "company": "DISCOVER BANK",
    "state": "NE",
    "zipcode": "681XX",
    "tags": "None",
    "consumer_consent_provided": "Consent provided",
    "submitted_via": "Web",
    "date_sent_to_company": "12/11/18",
    "company_response_to_consumer": "Closed with explanation",
    "timely_response": "Yes",
    "consumer_disputed": "N/A",
    "complaint_id": 3097498
}