{
    "date": "2018-12-11T00:00:00",
    "product": "Mortgage",
    "sub-product": "FHA mortgage",
    "issue": "Closing on a mortgage",
    "sub-issue": "None",
    "text": "Are use a company called prime lending and the agents name was XXXX XXXX XXXX was very misleading and also very unprofessional and doing the paperwork to be able to close on my loan in a timely manner. XXXX continually was making mistakes with the paperwork causing The closing date XXXX XXXX also lied on was going to throughout the whole process I was told I was going to have an interest rate Of 3.5 % down day of closing which is when I finally seen the final paperwork that Im supposed to buy law have three days advance the interest rate was XXXX XXXX my house payment was supposed to be made {$900.00} range to lower {$1000.00} range and ended up being closer to {$1200.00} very I did not complain about not having my final paperwork for the miss leading of the interest rate due to all the other issues I had closing the loan and the homeowner was going to back out of the sale we did not close that day because due to XXXX mistakes she was actually XXXX and I was about to be homeless as Ive already gotten out of my current lease where I was living ultimately I was affected by the XXXX  security breachAnd I dont believe the effects of the breeze wouldve been so bad that I close on my loan when I was supposed to be gained access to my bank account eventually take me over causing me Not to be able to pay my mortgage as they turn the account over they also gain access to my Social Security number drivers license number date of birth and other sensitive information",
    "company_public_response": "None",
    "company": "PRIMELENDING, A PLAINSCAPITAL COMPANY",
    "state": "MO",
    "zipcode": "None",
    "tags": "Servicemember",
    "consumer_consent_provided": "Consent provided",
    "submitted_via": "Web",
    "date_sent_to_company": "12/11/18",
    "company_response_to_consumer": "Closed with explanation",
    "timely_response": "Yes",
    "consumer_disputed": "N/A",
    "complaint_id": 3097308
}