{
    "date": "2018-12-11T00:00:00",
    "product": "Credit card or prepaid card",
    "sub-product": "General-purpose credit card or charge card",
    "issue": "Problem with a purchase shown on your statement",
    "sub-issue": "Credit card company isn't resolving a dispute about a purchase on your statement",
    "text": "On XX/XX/2018, I opened a billing dispute with American Express for a charge of {$700.00} that was authorized on XX/XX/2018 to the merchant \" XXXX ''. This charge was for haircut and color I had done at this salon. I disputed the transaction because the stylist didn't provide me with the service I requested and the service was defective. Dispute reason code : C32. I provided American Express with a letter explaining what happened and why I'm disputing the charge. More importantly, I provided a copy of the text messages conversation with the merchant showing that she offered to \" fix '' my haircut and color at no additional charge which constitutes an acknowledgment from her that her service was defective and needed to be re-done. I also provided American Express with pictures of the service I requested versus pictures of the service I received.\n\nI contacted American Express today, XX/XX/2018, to inquire about the status of this case and was told that the dispute was closed in Merchant 's favor because the merchant provided a copy of a signed document showing that I authorized the transaction and paid a tip.\n\nIt's the standard at Women 's hair salons to pay a tip and It doesn't mean the customer is happy with the service, I actually paid her the least acceptable tip and as I explained in my letter, I didn't realize the service was defective until I went back home and had the proper lighting and took pictures of my hair to document the defective service I received.\n\nI am astonished that Amercian Express Ignored the fact that the Merchant acknowledged the service was defective by offering to \" Fix '' my hair at no additional charge and closed the case in Merchant 's favor based on the signed document that I authorized the transaction. The reason code for my dispute is C32 : Service Defective NOT F14 ( Missing Signature ), F24 ( No Card Member Authorization ) or A02 ( No Valid Authorization ).",
    "company_public_response": "None",
    "company": "AMERICAN EXPRESS COMPANY",
    "state": "CA",
    "zipcode": "900XX",
    "tags": "None",
    "consumer_consent_provided": "Consent provided",
    "submitted_via": "Web",
    "date_sent_to_company": "12/11/18",
    "company_response_to_consumer": "Closed with explanation",
    "timely_response": "Yes",
    "consumer_disputed": "N/A",
    "complaint_id": 3097405
}