{
    "date": "2018-12-11T00:00:00",
    "product": "Student loan",
    "sub-product": "Federal student loan servicing",
    "issue": "Dealing with your lender or servicer",
    "sub-issue": "Trouble with how payments are being handled",
    "text": "A {$190000.00} payment was applied wrong creating thousands of dollars late fees penalties and interest. A letter was included with the payment directed the loans to be paid and a good contact name and phone number if there were questions.",
    "company_public_response": "None",
    "company": "AES/PHEAA",
    "state": "ID",
    "zipcode": "838XX",
    "tags": "None",
    "consumer_consent_provided": "Consent provided",
    "submitted_via": "Web",
    "date_sent_to_company": "12/11/18",
    "company_response_to_consumer": "Closed with explanation",
    "timely_response": "Yes",
    "consumer_disputed": "N/A",
    "complaint_id": 3097422
}