{
    "date": "2018-12-11T00:00:00",
    "product": "Vehicle loan or lease",
    "sub-product": "Loan",
    "issue": "Managing the loan or lease",
    "sub-issue": "Billing problem",
    "text": "I am a XXXX XXXX and receive only one paycheck over summer. So on XX/XX/2018 I submitted three months of payments for my loan with Santander Bank. \n\nOn XX/XX/2018 I called because I was unable to view my account online. \n\nWhen I called the women informed me that I was delinquent. \n\nWhen I asked why I didnt have access to my account she said I couldnt have access because I had filed Bankruptcy. \n\nThis seemed like odd news since I obtained this car loan two years after filing bankruptcy and had historically had access.\n\nWhen I questioned this she told me that they had changed their policy and would now only allow you to prepay payments for up to two months. This was never disclosed to me. Nor was their new inability to grant me visibility online to my account. \n\nI was told that I need to pay an extra payment to now bring my account current. \n\nThis appears to be both unfair and deceptive lending practices to me as a consumer.",
    "company_public_response": "None",
    "company": "SANTANDER CONSUMER USA HOLDINGS INC.",
    "state": "OR",
    "zipcode": "970XX",
    "tags": "None",
    "consumer_consent_provided": "Consent provided",
    "submitted_via": "Web",
    "date_sent_to_company": "12/11/18",
    "company_response_to_consumer": "Closed with explanation",
    "timely_response": "Yes",
    "consumer_disputed": "N/A",
    "complaint_id": 3097143
}