{
    "date": "2018-12-11T00:00:00",
    "product": "Credit card or prepaid card",
    "sub-product": "General-purpose credit card or charge card",
    "issue": "Closing your account",
    "sub-issue": "Company closed your account",
    "text": "I got a letter stating all your Citi credit cards are closed. The reason was, too many hard inquiries. I called in on XX/XX/2018 at XXXX spoke to XXXX ID # XXXX asking why my accounts were closed she transferred my call because a different department handles that. XXXX from XXXX Call Center answered I said I do not have too many hard inquiries so the representative pulled a credit report and said she does not see anything wrong with my account and i did not have any negative relationship with Citi Bank since i have been a member and she will put in a request to open my account. On XX/XX/2018 at XXXX XXXX  I called in again because my accounts were not opened. I spoke with XXXX  ID # XXXX. She said she will put the request back to open my accounts and i will receive a reinstatement in 5-7 business days. She also pulled a credit report and stated she did not see anything wrong with the credit report. I followed up on XX/XX/2018 at XXXX XXXX  spoke to XXXX she stated the request is still in process and will send an email to the department that handles it so they make a decision. On XX/XX/2018 at XXXX XXXX  i spoke with XXXX from credit department ID # XXXX and she stated they will not open my credit cards because of too many opened accounts ( which is not true I will attach my credit report. In my credit report you will see there was only one credit card opened in the last 3 years ). I have opened a business so I applied for few business credit cards to build my business credit. One is XXXX XXXX which is showing on my personal credit report and one is from Citi Bank because I have been a member for 13 years and I considered it my favorite bank. Citi bank does not show the business credit card on my personal credit report.",
    "company_public_response": "Company has responded to the consumer and the CFPB and chooses not to provide a public response",
    "company": "CITIBANK, N.A.",
    "state": "CA",
    "zipcode": "None",
    "tags": "None",
    "consumer_consent_provided": "Consent provided",
    "submitted_via": "Web",
    "date_sent_to_company": "12/11/18",
    "company_response_to_consumer": "Closed with explanation",
    "timely_response": "Yes",
    "consumer_disputed": "N/A",
    "complaint_id": 3097101
}