{
    "date": "2018-12-10T00:00:00",
    "product": "Mortgage",
    "sub-product": "Conventional home mortgage",
    "issue": "Trouble during payment process",
    "sub-issue": "None",
    "text": "In XX/XX/2018 Fay Servicing contacted me about being 6 months behind on my mortgage payments. I spoke to XXXX XXXX at Fay Servicing about this and I told her that was wrong because the payments were being taken out of my bank account automatically every 2 weeks for the past 2 years. she told me that the records on her end showed I was behind 6 months so she needed to see my bank statements that shows the payment was being taking out and she wanted me to fax her the statements. I faxed them to her and when she received them she said it didn't matter that we still showed we were behind and our home was going to be put on the auction block if we didn't give them XXXX XXXX XXXX which ballooned to owing them XXXX XXXX XXXX which I didn't have on hand. In XX/XX/XXXX they also stopped the automatic payments and would not accept any payment unless it was the full amount they stated we owed. I collected my bank my statements from XX/XX/2016 to current which showed that they had been getting there payments every 2 weeks. They were not interested in the information and proof of payment I had. In XX/XX/XXXX we tried making our payments but were unable to do because they had blocked any payments from going through. my house was put on the auction block in XX/XX/2017. mean while I was getting the funds together so we wouldn't lose our home. our home was 12 hrs from being auctioned off when I finally had the funds in hand to save my home. I was given an amount of over {$23000.00} dollars to bring our mortgage current and i was told it included all legal fees.now 3 months into this ordeal I receive a statement for over XXXX XXXX XXXX for legal fees!",
    "company_public_response": "None",
    "company": "Fay Servicing, LLC",
    "state": "CA",
    "zipcode": "952XX",
    "tags": "None",
    "consumer_consent_provided": "Consent provided",
    "submitted_via": "Web",
    "date_sent_to_company": "12/11/18",
    "company_response_to_consumer": "Closed with explanation",
    "timely_response": "Yes",
    "consumer_disputed": "N/A",
    "complaint_id": 3096757
}