{
    "date": "2018-12-10T00:00:00",
    "product": "Credit card or prepaid card",
    "sub-product": "General-purpose credit card or charge card",
    "issue": "Getting a credit card",
    "sub-issue": "Sent card you never applied for",
    "text": "I received an UNSOLICITED credit card from XXXX  XXXX. There was a hard inquiry against my credit score ( XXXX ). I did NOT request this card and want all references for this hard inquiry removed from my credit history. \n\nAt the same day I RECEIVED this card a got also got a SEPARATE letter telling me my account was suspended. In this letter it was asking for Drivers license ID. Social Security, AND Utility bill, bank statement W2 form or 1099 Form.\n\nThis seems like a SCAM. No way I would send all that information to anyone!",
    "company_public_response": "None",
    "company": "Alliance Data Card Services",
    "state": "CO",
    "zipcode": "None",
    "tags": "None",
    "consumer_consent_provided": "Consent provided",
    "submitted_via": "Web",
    "date_sent_to_company": "12/11/18",
    "company_response_to_consumer": "Closed with explanation",
    "timely_response": "Yes",
    "consumer_disputed": "N/A",
    "complaint_id": 3096927
}