{
    "date": "2018-12-10T00:00:00",
    "product": "Checking or savings account",
    "sub-product": "Checking account",
    "issue": "Managing an account",
    "sub-issue": "Banking errors",
    "text": "On XX/XX/XXXX I opened a Huntington 5 checking account in the XXXX branch in person. I emailed my coupon code to the banker for a {$200.00} checking bonus. XXXX XXXX : XXXX You were required to make cumulative deposit of {$1000.00} w/in the first 60 days. I made the {$1000.00} deposit at opening to satisfy the conditions of the bonus. The {$200.00} was to be deposited within 14 days after the account was open for 90 days ( XXXX XXXX ). XX/XX/XXXX is 104 days after opening and I have not received my bonus. I contacted the customer service line for Huntington and was told to contact the branch. I contacted the branch and have not received a contact back from the banker who opened my account as of the time of writing.",
    "company_public_response": "None",
    "company": "HUNTINGTON NATIONAL BANK, THE",
    "state": "NY",
    "zipcode": "None",
    "tags": "None",
    "consumer_consent_provided": "Consent provided",
    "submitted_via": "Web",
    "date_sent_to_company": "12/10/18",
    "company_response_to_consumer": "Closed with monetary relief",
    "timely_response": "Yes",
    "consumer_disputed": "N/A",
    "complaint_id": 3096956
}