{
    "date": "2018-12-10T00:00:00",
    "product": "Mortgage",
    "sub-product": "Conventional home mortgage",
    "issue": "Applying for a mortgage or refinancing an existing mortgage",
    "sub-issue": "None",
    "text": "I was under contract on a home after receiving lending approval on XX/XX/2018 and an approved purchase amount from NACA. 14 days prior ( closing was scheduled for XX/XX/XXXX ) to my scheduled closing date NACA informs me that they are unable to honor the approval. Which are due to the errors of their own underwriters, licensed mortgage counselors and home counseling staff. \n\nI have multiple written correspondences with the approval date and amount, as well as attempts to eliminate any potential issues prior to the end of due diligence periods however their counselors, management staff and underwriters were non responsive via phone and email.",
    "company_public_response": "Company disputes the facts presented in the complaint",
    "company": "Neighborhood Assistance Corporation of America (\"NACA\")",
    "state": "GA",
    "zipcode": "301XX",
    "tags": "None",
    "consumer_consent_provided": "Consent provided",
    "submitted_via": "Web",
    "date_sent_to_company": "12/10/18",
    "company_response_to_consumer": "Closed with explanation",
    "timely_response": "Yes",
    "consumer_disputed": "N/A",
    "complaint_id": 3096943
}