{
    "date": "2018-12-10T00:00:00",
    "product": "Credit card or prepaid card",
    "sub-product": "General-purpose credit card or charge card",
    "issue": "Problem when making payments",
    "sub-issue": "You never received your bill or did not know a payment was due",
    "text": "I was shocked when I reviewed my credit report and found late payment on the dates : 30 days late as of XX/XX/XXXX and 30 days late as of XX/XX/XXXX. I am not sure how this happened, I believe that I had made my payments to you when I received my statements. My only thought is that my monthly statement did not get to me.",
    "company_public_response": "None",
    "company": "CAPITAL ONE FINANCIAL CORPORATION",
    "state": "FL",
    "zipcode": "None",
    "tags": "None",
    "consumer_consent_provided": "Consent provided",
    "submitted_via": "Web",
    "date_sent_to_company": "12/11/18",
    "company_response_to_consumer": "Closed with explanation",
    "timely_response": "Yes",
    "consumer_disputed": "N/A",
    "complaint_id": 3097531
}