{
    "date": "2018-12-10T00:00:00",
    "product": "Mortgage",
    "sub-product": "FHA mortgage",
    "issue": "Trouble during payment process",
    "sub-issue": "None",
    "text": "in XX/XX/XXXX I became delinquent on my mortgage. I was offered a HUD loan and accepted as it was my only option. I have since asked to be provided documentation in regards to that loan ( ie. an itemized list of all charges to be included in that loan, documentations that I signed. ) I have not received that. \n\nThe mortgage became delinquent again and starting in XX/XX/XXXX I started paying additional on my mortgage each month this continued into XX/XX/XXXX. Although it was written as one check ; I fully expected that the additional would appropriated accordingly. Instead it was placed and held in a \" suspense account '' to the tune of almost {$10000.00} over the years, of which I knew nothing about. \n\nSome was credited to my escrow account ; Which created large surpluses that WERE NOT REFUNDED back to me, but again placed into a suspense account. examples below : XX/XX/XXXX - {$1200.00} Surplus Placed into a suspense account XX/XX/XXXX - {$1700.00} Surplus Placed into a suspense account XX/XX/XXXX - {$960.00} Surplus Placed into a suspense account XX/XX/XXXX - {$900.00} Surplus Placed into a suspense account In addition to the above I paid roughly {$5000.00} more that was credited to the suspense account. \n\nThe statements that I was given by PNC Mortgage after demanding an audit of my account show no disbursements from this mysterious \" suspense account '' that I knew nothing about, and never received so much as a statement for. \n\nI have in-fact contacted PNC on numerous occasions. Most recently I was referred to their executive client relations team. In the 5 months since I was put into contact with t Executive Client Relations they have offered nothing but excuses, and outright misinformation at all levels of their firm as to a solution to the problem. When faced with specific instances of violating consumer protections the conversation turns cold, or they inject other misinformation to further muddy the waters. \n\nIt is my understanding that PNC is in violation of the Prompt Crediting Under FRB Rule as well as Prompt Crediting under Dodd-Frank, TILA Amendments and CFPB Regulations. As well as numerous others. \n\nIf accepted the partial payments ( ie. payments less that the periodic amount ) should have been placed into a unapplied funds account/suspense account. The \" funds must be applied from the suspense account when the amount in suspense is equal to or greater than a periodic payment '' It is my hope that working together we can reach a solution, and prevent this from happening to consumers in the future, and help those that may have similar experiences.",
    "company_public_response": "Company has responded to the consumer and the CFPB and chooses not to provide a public response",
    "company": "PNC Bank N.A.",
    "state": "IL",
    "zipcode": "605XX",
    "tags": "None",
    "consumer_consent_provided": "Consent provided",
    "submitted_via": "Web",
    "date_sent_to_company": "12/10/18",
    "company_response_to_consumer": "Closed with explanation",
    "timely_response": "Yes",
    "consumer_disputed": "N/A",
    "complaint_id": 3096926
}