{
    "date": "2018-12-10T00:00:00",
    "product": "Mortgage",
    "sub-product": "Conventional home mortgage",
    "issue": "Struggling to pay mortgage",
    "sub-issue": "None",
    "text": "I've been a XXXX customer for over 30 years. \n\nI currently have a home mortgage that is in default because of my business hitting hard times, an income reduction of approximately 90 % at its worst point and illness which took me out of circulation for over a year. I requested a short sale from SPS and have submitted several offers to complete it. We have had one problem after another with the servicer of this loan ( SPS ), including poor communication, no communication and taking substantially longer than standard practices allow to evaluate and close a sale. As a servicer - SPS should have issued a disposition on our complete file within 30 days. They have violated this standard several times. They need to be held accountable. They have not assigned me a single point of contact. I have not received any notices of such or any acknowledgments of my short sale application/process. \n\nFor example, we submitted an offer to SPS a year-and-a-half ago ( XX/XX/XXXX ). It took SPS nearly a year to evaluate it. During that time the buyer was transferred by his employer to a different city and could not complete the sale. However had SPS moved in a timely manner the house would have been sold over a year ago for {$600000.00}. \n\nLast week we submitted another cash offer for the property and I was told on Monday XX/XX/XXXX, by SPS, that they would not consider the offer because the auction date is XX/XX/XXXX. \n\nI am writing to ask you to cancel the Foreclosure sale which is currently set at XX/XX/XXXX and allow the current offer, that we have submitted to SPS as the servicer of my loan, to close. There is no downside to anyone including myself, the buyer, SPS or XXXX of allowing this sale to complete. Please cancel the sale immediately and order an evaluation of this offer. I have done everything in my power to work with SPS not to lose this home to foreclosure. I do not want it to that route- I have supplied all the necessary documents they have requested in a timely manner. Please look into the violations they have committed as a servicer. If you dont, who will? If they had responded in a timely manner the last time we gave them an offer- this would have been a done deal. \n\nLoan # XXXX SPS",
    "company_public_response": "Company believes it acted appropriately as authorized by contract or law",
    "company": "SELECT PORTFOLIO SERVICING, INC.",
    "state": "WA",
    "zipcode": "986XX",
    "tags": "None",
    "consumer_consent_provided": "Consent provided",
    "submitted_via": "Web",
    "date_sent_to_company": "12/10/18",
    "company_response_to_consumer": "Closed with explanation",
    "timely_response": "Yes",
    "consumer_disputed": "N/A",
    "complaint_id": 3096984
}