{
    "date": "2018-12-10T00:00:00",
    "product": "Checking or savings account",
    "sub-product": "Checking account",
    "issue": "Managing an account",
    "sub-issue": "Problem accessing account",
    "text": "I added my son to my NFCU business account as an authorized user about 2 years ago or so. He was added with no problem. Today XX/XX/2018 my business assets are frozen because he owes them money and they blocked me out of my own business accounts. Apparently he owes them over {$5000.00} and they restricted my account because according ti them they can do that. My son went into a branch as was grossly discriminated against and treated like a criminal when I sent him to get a cashiers check. He has called in several times with me and they have been rude and We have been hung up on and when trying to speak to a supervisor I am advised that there is no one working that someone will return my call in 24 to 48 hours. According to what I know these accounts are from XX/XX/2010 and they are declining to forward information to validate the debt. On the recorded line the rep insisted he say that He acknowledge that he owes the money after repeated attempts by the rep in their recovery she hung up and became rude. By them restricting access to my buainess account it will cost me a total of about XXXX to XXXX in fees and other legal costs because of that. My business should not be responsible of them not verifying his information when I added him over 2 years ago. They should have said no of instead taking opportunity to try to collect on a business account that frankly he is only authorized to go when I am not available. I feel that these actions were initiated as a retaliation because they made me go through hoops about a code word on the account and because I stated that I would report them to the proper authorities.",
    "company_public_response": "Company believes it acted appropriately as authorized by contract or law",
    "company": "NAVY FEDERAL CREDIT UNION",
    "state": "AZ",
    "zipcode": "853XX",
    "tags": "None",
    "consumer_consent_provided": "Consent provided",
    "submitted_via": "Web",
    "date_sent_to_company": "12/10/18",
    "company_response_to_consumer": "Closed with explanation",
    "timely_response": "Yes",
    "consumer_disputed": "N/A",
    "complaint_id": 3096884
}