{
    "date": "2018-12-10T00:00:00",
    "product": "Checking or savings account",
    "sub-product": "Checking account",
    "issue": "Managing an account",
    "sub-issue": "Banking errors",
    "text": "I opened an account with Citi on XX/XX/XXXX and the requirements for a bonus were to deposit XXXX for 30 days. Promo code was XXXX. {$15000.00} deposit landed at Citi on XX/XX/XXXX. From that point they said I had to wait 120 days to see the {$400.00} credit. That would have been XX/XX/XXXX. I have all the chat logs that said i have completed all the requirements and they are currently \" Investigating '' my account. This has been the worst customer experience with a bank that I have ever experienced and should be criminal. I have given them everything that they have asked for and still no solution. \n\nInfo at XXXX, XX/XX/XXXX : Welcome A Citi representative will help you in approximately 58 minutes 0 seconds. \nInfo at XXXX, XX/XX/XXXX : Within this chat window, do not share such information as your security word or expiration date. To help safeguard your account, we may send you a secure, electronic form you can use for sensitive information.\n\nThis chat may be recorded or monitored. \n\nYou are now chatting with XXXX. \nXXXX at XXXX, XX/XX/XXXX : Welcome to Citi Live Chat. We appreciate the opportunity to serve you. I will be glad to check this for you. \nXXXX at XXXX, XX/XX/XXXX : May I ask you to confirm only the last 2 digits of the Citibank account number in question? \nYou at XXXX, XX/XX/XXXX : XXXX XXXX at XXXX, XX/XX/XXXX : Thank you. \nXXXX at XXXX, XX/XX/XXXX : Please allow me a few minutes while I review your account. \nYou at XXXX, XX/XX/XXXX : Thank you You at XXXX, XX/XX/XXXX : Anything? \nXXXX at XXXX, XX/XX/XXXX : Thank you for your patience. I have confirmed you have met the deposit requirement and have maintained it for 60 days which was completed yesterday. Please note per the offer terms : \" If you are an eligible client and enroll and fulfill required activities, you can earn a Cash Bonus. If you fulfill the required activities for this offer and meet all other conditions then the cash bonus will be credited to your new checking account within 90 calendar days from the date you complete all required activities. '' As such, please allow 90 days from XX/XX/XXXX, which would be XX/XX/XXXX for fulfillment. \nXXXX at XXXX, XX/XX/XXXX : Mr. XXXX, are you still there? Do you have any other questions for me today? \nYou at XXXX, XX/XX/XXXX : Yes You at XXXX, XX/XX/XXXX : Thank you very much for the assistance today You at XXXX, XX/XX/XXXX : That was all. \n\nAs you can see from this chat log they did not follow their own terms. It should have been XX/XX/XXXX as the last legal day that the bonus would have posted.",
    "company_public_response": "Company has responded to the consumer and the CFPB and chooses not to provide a public response",
    "company": "CITIBANK, N.A.",
    "state": "OR",
    "zipcode": "972XX",
    "tags": "None",
    "consumer_consent_provided": "Consent provided",
    "submitted_via": "Web",
    "date_sent_to_company": "12/11/18",
    "company_response_to_consumer": "Closed with explanation",
    "timely_response": "Yes",
    "consumer_disputed": "N/A",
    "complaint_id": 3096954
}