{
    "date": "2018-12-09T00:00:00",
    "product": "Credit card or prepaid card",
    "sub-product": "General-purpose credit card or charge card",
    "issue": "Problem with a purchase shown on your statement",
    "sub-issue": "Credit card company isn't resolving a dispute about a purchase on your statement",
    "text": "After honorably retiring from the military ( 20+years severed ) and another 16 years working as an XXXX in the corporate world. I as looking to find something I could do to earn money at home. After some research I received a email about an exciting and new way to earn money legitimately online at home. Initially for sign up and entry into the 21 step program a fee was required. It was advertised to bring big back end commission payouts with out handling any packages, talking to people or directly selling to the customer. Also once the customer signed up a phone sale team was present to handle all of your leads through process. The process was to guide the buyers through a funnel to arrive at the back end for the big payout earned, but first in order to sell the XXXX products a fee was required to buy the license rights to sell. The compensation for the largest payouts and your hard earned lead potential commissions to be pass by and above you, constantly up sold at every turn to position your self to get the back end payout you earned. The best and highest position at the time was to become a XXXX XXXX. A fee for each step XXXX, XXXX  and then XXXX, highest was required for best possible position for earning big commissions. The opening of the CiTi-credit card- XXXX in the amount of {$10000.00} was opened for this reason. To fund the amount of money needed for XXXX membership. Primarily we were guaranteed that this proven system would pay for the money invested with in the first six to eight months. The continued earnings of money ( income ) would then be used to reinvest and grow the company. However the proven system failed to produce what was advertised. Sales did not occur thus the ability to pay the card became increasingly difficult. I was told I would be making more at a rate enough to payoff my investment with in a year and continue to live a comfortable lifestyle. XXXX XXXX as we were advised to use was not cheap. I discovered FTC caught on to this companies operations and shut the whole company down ( see FTC attachments ) thousands of others effected. Close to an overall of {$110000.00} invested and a return of only {$4000.00} even with all the additional work I was doing like XXXX XXXX Ads, webinars and XXXX ads in addition to solo ads did not help. I need help! After shut down of XXXX, no service, no products I bought, licensing rights to sell those products, the phone sale team, coaching assistance, member network, website and it services non existent. I have used my savings and about to loose my home and its belonging, this has cause grave hardship and I am lost as to what to do. I need help asap.",
    "company_public_response": "Company has responded to the consumer and the CFPB and chooses not to provide a public response",
    "company": "CITIBANK, N.A.",
    "state": "CA",
    "zipcode": "None",
    "tags": "Servicemember",
    "consumer_consent_provided": "Consent provided",
    "submitted_via": "Web",
    "date_sent_to_company": "12/18/18",
    "company_response_to_consumer": "Closed with explanation",
    "timely_response": "Yes",
    "consumer_disputed": "N/A",
    "complaint_id": 3095430
}