{
    "date": "2018-12-09T00:00:00",
    "product": "Student loan",
    "sub-product": "Federal student loan servicing",
    "issue": "Struggling to repay your loan",
    "sub-issue": "Can't get other flexible options for repaying your loan",
    "text": "I have sent Navient my very personal private information three times already and they still are charging me late fees and put me in forbearance instead of IBR Plan! The last ( fourth time ) I sent the requested personal info including pay stubs ; it was returned by the post office. Im getting nowhere with them, and Id also like to be included in the ILLINOIS CLASS ACTION SUIT AGAINST NAVIENT because I fit exactly into the reason of the lawsuit. Please help me ( XXXX )",
    "company_public_response": "None",
    "company": "Navient Solutions, LLC.",
    "state": "IL",
    "zipcode": "600XX",
    "tags": "None",
    "consumer_consent_provided": "Consent provided",
    "submitted_via": "Web",
    "date_sent_to_company": "12/09/18",
    "company_response_to_consumer": "Closed with explanation",
    "timely_response": "Yes",
    "consumer_disputed": "N/A",
    "complaint_id": 3095376
}