{
    "date": "2018-12-13T00:00:00",
    "product": "Checking or savings account",
    "sub-product": "Checking account",
    "issue": "Managing an account",
    "sub-issue": "Problem using a debit or ATM card",
    "text": "This Monday ( XXXX ), we used ATM to deposit money at U.S. Bank on XXXX XXXX. \nI had my brother run an errand because I was working. \nBut machine malfunction did not deposit money, and I did not get the money back. \nMy brother went into the bank and asked the clerk while showing him the receipt. \nThe bank clerk told my brother that there were several problems like this today. \nIt will be deposited in a day. I came home believing that. \n\nHowever, there was no change in the bank account the next day ( Tuesday ) morning. \nI called the call center on the receipt, but I couldn't speak to the manager and the call center employee said the money to go in ten days. \n\n\nI asked you to deposit the money today because I needed it, but the clerk said no and told me to wait 10 days. \n\nWhen I asked a call center clerk if I could speed up the process, I was told that I couldn't guarantee it. \nI was so frustrated that I asked my brother to do me a favor.I asked him to go to the bank for me. \n( Because it was time for me to go. ) But equally from my brother who went to the bank, I couldn't get the answer I wanted. \nThe bank employees said they would not be fined if they visit where they should pay ( here and there ) and explain the situation. \n\nI think it is wrong for them to make a mistake and pass on the damage to customers. \nThis problem is worrying and discredited, time-consuming and they have to compensate in any way. \n\nI waited one day. Believed them, I visited the bank yesterday ( XXXX ) and I trusted them again waiting for another day again. \nNow I can't wait and not just follow them. \nThey have to compensate enough and I'll get it about this problem.",
    "company_public_response": "Company has responded to the consumer and the CFPB and chooses not to provide a public response",
    "company": "U.S. BANCORP",
    "state": "WA",
    "zipcode": "984XX",
    "tags": "None",
    "consumer_consent_provided": "Consent provided",
    "submitted_via": "Web",
    "date_sent_to_company": "12/18/18",
    "company_response_to_consumer": "Closed with explanation",
    "timely_response": "Yes",
    "consumer_disputed": "N/A",
    "complaint_id": 3099033
}