{
    "date": "2018-12-09T00:00:00",
    "product": "Checking or savings account",
    "sub-product": "Checking account",
    "issue": "Opening an account",
    "sub-issue": "Account opened as a result of fraud",
    "text": "On or about XXXX I received from Wells Fargo 3 seperate mailings indicating the following new accounts had been opened : XXXX XXXX Account with Checking XXXX Overdraft Protection and Savings XXXX {$5000.00} Visa XXXX XXXX XXXX XXXX I have never applied to Wells Fargo for any type of account. On XXXX I contacted their fraud department. Wells Fargo claims I made an online application for these accounts on XXXX. I have never had an online profile with them. I asked : Who's online profile was used? \nWhat IP address was used? \nHow could these accounts be opened online with NO funding? \nHow was a credit pull made since I have a credit freeze since XXXX? \nWhich bureau was pulled? \nThey would not answer any of my questions and referred me to the credit bureaus. \nAll 3 confirmed to me credit freeze still in effect with these messages : SECURITY FREEZE :  This file has been frozen or locked at the consumer 's request. \nSECURITY ALERT : Extended Fraud Alert : Action may be required under FCRA before opening or modifying an account. Contact consumer at ( XXXX ) XXXX or ( XXXX ) XXXX. ( Note : This alert is set to expire in XX/XX/XXXX. ) PROMOTIONAL OPT-OUT : This file has been opted out of promotional lists. \n( Note : This opt-out has no expiration date. ) Identity theft victims and XXXX XXXX military personnel have additional rights.",
    "company_public_response": "Company has responded to the consumer and the CFPB and chooses not to provide a public response",
    "company": "WELLS FARGO & COMPANY",
    "state": "AZ",
    "zipcode": "852XX",
    "tags": "Older American, Servicemember",
    "consumer_consent_provided": "Consent provided",
    "submitted_via": "Web",
    "date_sent_to_company": "12/09/18",
    "company_response_to_consumer": "Closed with non-monetary relief",
    "timely_response": "Yes",
    "consumer_disputed": "N/A",
    "complaint_id": 3095464
}