{
    "date": "2018-12-09T00:00:00",
    "product": "Vehicle loan or lease",
    "sub-product": "Loan",
    "issue": "Getting a loan or lease",
    "sub-issue": "High-pressure sales tactics",
    "text": "First of all I am very glad to have your office which investigates the violations caused by big companies such as Toyota motor corporation which deceives millions of customers by selling defected cars as the results millions have been affected by the fraudulent tactic of dealers at care sales. \nI have purchased XXXX XXXX XXXX in one of the XXXX dealership XXXX XXXX Minnesota in XX/XX/2018. six days after I purchased the vehicle, I have found out that the van I bought has a big mechanical problems. it does not accelerate as it should, noisy engine, consume gas more than it should. I reached out to the dealers and addressed the safety issues the car had. they advised me to bring the car for inspection. They checked and told me that the car did not have any problems and you should drive it. I then picked up my car and immediately after two days the same problems happened with the vehicle, it does not accelerate in a busy highway which is very concerning. the drives from the back can hit me or able to involve in the accident due to the fact that the car does not accelerate faster even if given gas. I have addressed the issue for the second time and request the dealers to change this car for me with out trading options because it is only less than a week ( 6 days ) after purchase for {$27000.00}. they said we can not exchange the car with out trade and you have to trade. I informed them that I could may not get approved from the bank and please help me to exchange this vehicle as it was not operating well and is dangerous to drive on the road. I then called Toyota financial services who loans the car and talked about the dealership experience. They also told me to contact dealership for resolutions as I purchased car from them. I contacted again if they able to help me with car exchange not putting trade on the table because this is strange to have a car which has only XXXX miles and inspected by dealer and I should return this vehicle back. XXXX XXXX XXXX used car manger who could able to solve the issue said to me that we can not help you with exchange even though the car is defected and said to me that you are responsible for the car payment. I gave up and left the dealership and have been divining the defected vehicle which is a safety threat to me and my family as of today. Toyota financial services and car dears has denied my request ignored me when they realize that the care is not safely operable in the high way and they still insist that the car is safe which I do know is not safe to drive. I have therefore, paid {$27000.00} and not been happy with my car and have been very frustrated and concerned so much about safety of me and my family.",
    "company_public_response": "None",
    "company": "TOYOTA MOTOR CREDIT CORPORATION",
    "state": "MN",
    "zipcode": "551XX",
    "tags": "None",
    "consumer_consent_provided": "Consent provided",
    "submitted_via": "Web",
    "date_sent_to_company": "12/09/18",
    "company_response_to_consumer": "Closed with explanation",
    "timely_response": "Yes",
    "consumer_disputed": "N/A",
    "complaint_id": 3094964
}