{
    "date": "2018-12-09T00:00:00",
    "product": "Checking or savings account",
    "sub-product": "Checking account",
    "issue": "Managing an account",
    "sub-issue": "Problem using a debit or ATM card",
    "text": "On XX/XX/18 Capital One 360 allowed an online unauthorized debit card payment to XXXX in the amount of {$2400.00}, overdrafting a checking account that was not opted in for any overdraft agreement between myself and CapitalOne360. I disputed the item as fraudulent and was given the disputed amount back on XX/XX/18. On XX/XX/18 CapitalOne360 reversed the credit again unlawfully overdrawing the checking account to {$2400.00}. On XX/XX/18 I disputed the unauthorized amount again as fraudulent and was told I may or may not be allowed to dispute a second time. I inquired about my having never opted in to overdrafts on the account in the first place and the representative would not appropriately answer my questions and only preferred to confuse the situation by not looking back to the original overdraft date of XX/XX/18. This overdraft was not only fraudulent but was unlawfully taken on an account not secured by overdraft protection agreement and also surpassed the daily threshold amount on ACH payments regarding online debit payments for a simple checking account without any regard for contract or statutory legal limitations.",
    "company_public_response": "None",
    "company": "CAPITAL ONE FINANCIAL CORPORATION",
    "state": "MD",
    "zipcode": "214XX",
    "tags": "None",
    "consumer_consent_provided": "Consent provided",
    "submitted_via": "Web",
    "date_sent_to_company": "12/09/18",
    "company_response_to_consumer": "Closed with explanation",
    "timely_response": "Yes",
    "consumer_disputed": "N/A",
    "complaint_id": 3095384
}