{
    "date": "2018-12-09T00:00:00",
    "product": "Checking or savings account",
    "sub-product": "Checking account",
    "issue": "Problem caused by your funds being low",
    "sub-issue": "Non-sufficient funds and associated fees",
    "text": "On XX/XX/2018 I made a deposit of {$120000.00} from my attorney with an attorney trust account check. On XX/XX/2018 I was charged ( 3 ) {$36.00} NSF fees even though my account was not overdrawn. I believe that since PNC held funds availability on this deposit, it caused items to be uncollectible. The funds were ultimately released and the deposit cleared with no issue. No sure why I was charged three fees when I did not overdraw my account NSF or uncollectible.",
    "company_public_response": "None",
    "company": "PNC Bank N.A.",
    "state": "FL",
    "zipcode": "334XX",
    "tags": "None",
    "consumer_consent_provided": "Consent provided",
    "submitted_via": "Web",
    "date_sent_to_company": "12/09/18",
    "company_response_to_consumer": "Closed with explanation",
    "timely_response": "Yes",
    "consumer_disputed": "N/A",
    "complaint_id": 3095296
}