{
    "date": "2018-12-09T00:00:00",
    "product": "Checking or savings account",
    "sub-product": "Checking account",
    "issue": "Managing an account",
    "sub-issue": "Fee problem",
    "text": "On XX/XX/2018 I called my Bank CHASE to ask regarding the impact my pending transactions would have on my available balance displayed on the Bank App. I was told my pending transactions were already deducted from my account and even though the transactions show as pending they had already been debited from my balance. On XX/XX/2018 I checked my account balance on the App, to which my surprise was overdrawn. I proceeded to call the bank as I spoke to 2 different representatives and one supervisor I was given a different answer regarding pending transactions. Once you pay for services the bank takes the money out for the merchant to charge and even though the transactions show as pending If the merchant does not take the money out within 3 days the bank will put the money back into the account and the merchant is free to charge any time is convenient to them. Every time I have called including today XX/XX/2018, I have been giving different information and I was that even when is not technically my fault the bank will still charge a total of {$35.00} per transaction and the bank has only accepted to reverse one fee and will not reverse 2 more fees of {$35.00} each. The bank has charged multiple times for transactions that were charged by the merchants on the same dates XX/XX/2018. The bank representatives and supervisors I have spoken todo accept I am not at fault for these misinformation that has caused my account to be overdrawn but as I was told by the last supervisor \" She couldn't do anything for me, that I should manually calculate my transaction. And that she was limited to do find a solution for this issue ''. The last supervisor I spoke to sent an email and my phone number to the previous supervisor I spoke to but she did not receive a response. I have been a customer of the bank for years and this has become a recent issue with my account which I have always kept with a good standing balance, not long ago I was also an employee at this financial institution and several customers would visit the branch to complaint about this very same situation. A lot of information is not being disclosed to the customers and money is being taken from accounts without previous warnings. \nI have also experienced not receiving cellphone alerts, delayed or no alerts whatsoever even though I have signed up for those alerts. Please help me resolve this situation. \nBest Regards, XXXX XXXX XXXX.",
    "company_public_response": "None",
    "company": "JPMORGAN CHASE & CO.",
    "state": "CA",
    "zipcode": "913XX",
    "tags": "None",
    "consumer_consent_provided": "Consent provided",
    "submitted_via": "Web",
    "date_sent_to_company": "12/09/18",
    "company_response_to_consumer": "Closed with monetary relief",
    "timely_response": "Yes",
    "consumer_disputed": "N/A",
    "complaint_id": 3095262
}