{
    "date": "2018-12-08T00:00:00",
    "product": "Checking or savings account",
    "sub-product": "Checking account",
    "issue": "Problem with a lender or other company charging your account",
    "sub-issue": "Transaction was not authorized",
    "text": "I was scammed by a company that was posing as a financial Institution. This company in which I found later that they was not actually XXXX XXXX. This company was able to get into Chase 's system and I was not notified as data breach ( 1 ) the so called financial institution was able to go into my account and make it seems like there was reversals to make a credit a couple of times on XX/XX/2018. I walked into Chase Bank in XXXX XXXX on XXXX and XXXX and told them what was happening and sat down with a banker and as I was sitting with him the scammers called and I put it on loud speaker so the banker can here. The Banker did nothing nor did he called the fraud department or the authorities ( 2 ) leaving my account vulnerable. Went to Nevada and spoke with another banker at Chase on XXXX  and XXXX, she went through my account and said it will be a lot of work and told me that I will have to make a appointment ( 3 ) Went to another bank where the banker opened me another account but did not close the other. Chase finally restricted my account and will close both in 10 days leaving me still vulnerable. As a consumer I was not protected by this financial Institution ( Chase ) They had a data breach and did not let there consumers know ( against law ) and I am being punished by their mishap They left me out there to be hacked, my account and personal information. After receiving threatening text and phone calls",
    "company_public_response": "None",
    "company": "JPMORGAN CHASE & CO.",
    "state": "CA",
    "zipcode": "90222",
    "tags": "None",
    "consumer_consent_provided": "Consent provided",
    "submitted_via": "Web",
    "date_sent_to_company": "12/08/18",
    "company_response_to_consumer": "Closed with explanation",
    "timely_response": "Yes",
    "consumer_disputed": "N/A",
    "complaint_id": 3094828
}