{
    "date": "2018-12-08T00:00:00",
    "product": "Credit card or prepaid card",
    "sub-product": "Store credit card",
    "issue": "Closing your account",
    "sub-issue": "Company closed your account",
    "text": "Synchrony has unethical practices by lowering credit limits to good paying customers. I contacted Synchromy on XX/XX/XXXX to request an explanation as to why my account limit was lowered negatively affecting my credit score. Agent was outside of the US and couldn't understand me and transferred me to an agent in the US. Agent in the US offered to close my account which I did not agree to. A month later I received a card that my account had been closed.\n\nI contacted company on XX/XX/XXXX and XX/XX/XXXX to get a response as to why my account was closed. Both agents stated that I had requested to close.my account. However, I never agreed.to have my account closed. When I had previously called synchrony I discussed with agent option to close, but never agreed to close account because call.dropped. synchrony closed my account without reading the appropriate disclosures to me or getting my statement recorded. \n\nThis company has negatively affected my credit after I have been a good paying customer. Their practices as harassing and deceptive.",
    "company_public_response": "Company has responded to the consumer and the CFPB and chooses not to provide a public response",
    "company": "SYNCHRONY FINANCIAL",
    "state": "FL",
    "zipcode": "328XX",
    "tags": "None",
    "consumer_consent_provided": "Consent provided",
    "submitted_via": "Web",
    "date_sent_to_company": "12/08/18",
    "company_response_to_consumer": "Closed with explanation",
    "timely_response": "Yes",
    "consumer_disputed": "N/A",
    "complaint_id": 3095116
}