{
    "date": "2018-12-07T00:00:00",
    "product": "Credit card or prepaid card",
    "sub-product": "General-purpose credit card or charge card",
    "issue": "Problem when making payments",
    "sub-issue": "Problem during payment process",
    "text": "XX/XX/XXXX : XXXX $ XX/XX/XXXX : XXXX $ XX/XX/XXXX : XXXX $ USAA has an option on their application to pay your credit statement directly through the app. As I approached my limit, I decided to pay it, as I normally do. Only this time, the following morning, I was informed that the payment didn't go through. So naturally, I sent it through again. After checking the linked account I am paying the bill with, all of the charges displayed that they had been taken out. However, now I am out over 900 $ ( also included is an overdraft charge on the linked account used to pay the credit bill of XXXX $ ) Now USAA has over 900 $ of mine, hasn't returned my credit limit or my funds that they have TAKEN and has been cleared by my bank. I have no available credit, they will be charging me interest on the remaining balance and no access to funds because they overdrew my checking account at my other bank. Meanwhile, they said they have to hold MY money for 10 days. Whatever the reason, their system triggered this. They have stated there is nothing they can do, which I know is false. The credit limit I have is XXXX . And I have no explanation as to why this is even remotely acceptable. This is theft from a major corporation and there has been no attempt at resolving this. Seeking legal representation to make sure this doesn't happen again to anyone else and seeking all compensatory charges.",
    "company_public_response": "Company believes it acted appropriately as authorized by contract or law",
    "company": "UNITED SERVICES AUTOMOBILE ASSOCIATION",
    "state": "NC",
    "zipcode": "None",
    "tags": "Servicemember",
    "consumer_consent_provided": "Consent provided",
    "submitted_via": "Web",
    "date_sent_to_company": "12/07/18",
    "company_response_to_consumer": "Closed with explanation",
    "timely_response": "Yes",
    "consumer_disputed": "N/A",
    "complaint_id": 3094143
}