{
    "date": "2018-12-07T00:00:00",
    "product": "Checking or savings account",
    "sub-product": "Checking account",
    "issue": "Opening an account",
    "sub-issue": "Didn't receive terms that were advertised",
    "text": "I saw the advertisement online for a {$350.00} bonus after opening an HSBC Advance checking account and following several requirements : XXXX XXXX XXXX I opened the account on XX/XX/2018, deposited {$10000.00}, and left the money in the account for several months. After the 90-day window after which the bonus should have been given passed, I called HSBC several times. At first, they confirmed that I qualified for the bonus and told me the bonus would be given after 6-8 weeks of processing. After waiting 8 weeks and not receiving the bonus, I called several times again and was eventually told that I actually did not qualify for the bonus as they claimed I had not clicked the correct link when opening the account. However after several phone calls they can not tell me where I had signed up that was apparently the wrong place. \n\nIn summary, I opened a checking account that fulfills all the advertised requirements for a {$350.00} bonus, but HSBC will not give the bonus because they claim I clicked the wrong link.",
    "company_public_response": "None",
    "company": "HSBC NORTH AMERICA HOLDINGS INC.",
    "state": "GA",
    "zipcode": "300XX",
    "tags": "None",
    "consumer_consent_provided": "Consent provided",
    "submitted_via": "Web",
    "date_sent_to_company": "12/07/18",
    "company_response_to_consumer": "Closed with explanation",
    "timely_response": "Yes",
    "consumer_disputed": "N/A",
    "complaint_id": 3094070
}