{
    "date": "2018-12-07T00:00:00",
    "product": "Mortgage",
    "sub-product": "Conventional home mortgage",
    "issue": "Struggling to pay mortgage",
    "sub-issue": "None",
    "text": "I have an upcoming foreclosure trial not set yet. Nationstar ( a/k/a Mr. Cooper ) is the  servicer of my mortgage loan. XXXX XXXX is the owner of my mortgage. My prior servicer was XXXX XXXX. XXXX transferred the servicing of my loan to Nationstar around the summer of 2009. Before the transfer, XXXX approved a loan modification and I completed the 3 trial mortgage payments. I found out about HAMP ( Home Affordable Mortgage Program ) and I applied with XXXX to try and get an even lower rate. While XXXX was working on my second modification and 2 months after I applied, XXXX transferred the servicing of my loan to Nationstar Mortgage Co. I called Nationstar, and I was told they see the HAMP application in process and that I should hear back regarding an answer on the results. About 2 to 3 months later, I called Nationstar again and I was told they knew nothing about a modification and they refused to provide an opportunity to apply as I was legally entitled to. A few months after that they sued me for non-payment of my mortgage. They lost that suit. Today I am about to lose my home on another suit by Nationstar and I've applied twice for a modification and they again refuse. I believe Nationstar broke federal law back then when they refused to follow-up with my HAMP application that was still in process mid-transfer of servicing. They ignored the law and I was denied my rights to a HAMP application and modification. I've enclosed some court documents that support my allegations here from past cases that demonstrate these happenings.",
    "company_public_response": "None",
    "company": "NATIONSTAR MORTGAGE",
    "state": "FL",
    "zipcode": "338XX",
    "tags": "None",
    "consumer_consent_provided": "Consent provided",
    "submitted_via": "Web",
    "date_sent_to_company": "12/07/18",
    "company_response_to_consumer": "Closed with explanation",
    "timely_response": "Yes",
    "consumer_disputed": "N/A",
    "complaint_id": 3093831
}