{
    "date": "2018-12-07T00:00:00",
    "product": "Mortgage",
    "sub-product": "FHA mortgage",
    "issue": "Trouble during payment process",
    "sub-issue": "None",
    "text": "I am having ongoing problems with getting Carrington Mortgage Services, who just purchased my load in XX/XX/XXXX, to post my XX/XX/XXXX payment correctly. I received my statement today, and it had a {$5.00} overdue payment charged. In XX/XX/XXXX, I paid my normal payment, plus an extra {$100.00} through my normal recurring autodeduct. This payment was deducted as scheduled on XX/XX/XXXX and was not late. I also made an additional payment of {$1000.00} via Carrington 's website. This payment also posted on XX/XX/XXXX. The  incorrect posting of the {$1000.00} is the subject of a different complaint, still unresolved. Carrington charges {$5.00} to make an extra payment on the website, and I accepted this fee. However, it is incorrect to record it as an \" overdue payment '' when the account is not overdue. I called customer \" service '' to discuss this issue, and I was told that Carrington knows the account is not overdue and all fees default to the \" overdue payment '' category on the website. \n\nThis is completely ridiculous. I am not comfortable having a shady company such as Carrington record a bunch of overdue account fees to my ten-years-ahead-of-schedule and never late account. A reputable mortgage servicer should have the ability to differentiate between a fee charged for making an extra payment versus a fee charged for having an overdue account. \n\nTo complicate things even further, the payment history screen on Carrington 's website is completely unintelligible ( printout attached ). I am receiving statements that are wrong, the website is wrong, and fees and payments are not being applied to the correct categories. They have only had my mortgage for three months, and I am already having a hard time keeping track of the mortgage balance.",
    "company_public_response": "None",
    "company": "CARRINGTON MORTGAGE SERVICES, LLC",
    "state": "AK",
    "zipcode": "99703",
    "tags": "None",
    "consumer_consent_provided": "Consent provided",
    "submitted_via": "Web",
    "date_sent_to_company": "12/07/18",
    "company_response_to_consumer": "Closed with explanation",
    "timely_response": "Yes",
    "consumer_disputed": "N/A",
    "complaint_id": 3094463
}