{
    "date": "2018-12-07T00:00:00",
    "product": "Mortgage",
    "sub-product": "FHA mortgage",
    "issue": "Struggling to pay mortgage",
    "sub-issue": "None",
    "text": "My home-based business slowed down in past year. \nI applied for Mortgage loan modification and assistance from my lender. I'm still processing this application with the lender.\n\nOne stranger has been pasting demand notices on my front door stating that he bought my house at foreclosure. He's threatening to evict me from my house.\n\nThis is my primary and only residence. I may become homeless.\n\nI'm interviewing for full time employment while reorganizing my business.\n\nI want to keep my house .... \n\nPlease help me .... \n\nXXXX XXXX XXXX XXXX XXXX XXXX Georgia XXXX",
    "company_public_response": "Company has responded to the consumer and the CFPB and chooses not to provide a public response",
    "company": "CITIBANK, N.A.",
    "state": "GA",
    "zipcode": "302XX",
    "tags": "None",
    "consumer_consent_provided": "Consent provided",
    "submitted_via": "Web",
    "date_sent_to_company": "12/07/18",
    "company_response_to_consumer": "Closed with explanation",
    "timely_response": "Yes",
    "consumer_disputed": "N/A",
    "complaint_id": 3093993
}