{
    "date": "2018-12-07T00:00:00",
    "product": "Credit card or prepaid card",
    "sub-product": "Store credit card",
    "issue": "Problem when making payments",
    "sub-issue": "Problem during payment process",
    "text": "I have a XXXX XXXX XXXX Credit Card through XXXX XXXX with a limit of {$200.00}. I haven't been able to make a purchase or payment for over two months because I don't have a checking account. I have received 3 Late Payment charges, for the simple fact that I don't have a bank account. When I receive statements, the only payment allowed through the mail is a check. When I attempt to call in a payment by phone, I'm only allowed to use a check. When I was late with my payment the first time, a male XXXX XXXX representative called me. I told him I didn't have a checking account. He said that since my payment was late, I could make that monthly payment plus a Late Payment Fee with an alternative method. I made that payment with my Mastercard Debit Card. I was never informed that I could make my payment every month with my Mastercard before my payment was due. I opened a checking account just to make my monthly payments to XXXX XXXX XXXX. Upon several attempts to transfer cash from my Mastercard Debit Card to that checking account, I was unable to successfully transfer funds. Then, I decided to close that checking account. I haven't attempted to open another checking account yet. I also loaded my XXXX XXXX XXXX, ( In which I have my own personal routing number ) to make a XXXX XXXX XXXX Credit Card payment that month. That payment was declined by XXXX XXXX. I missed my XXXX payment, not knowing the XXXX payment to XXXX XXXX XXXX XXXX was declined. I missed a payment XXXX, since I didn't open a bank account and I really don't want to open a bank account at this time. I received a call a couple weeks ago from XXXX XXXX male employee. He wanted a {$52.00} payment and said I could use my Mastercard. I told him about my checking account problem, the rejected XXXX payment, and how I can only use my Mastercard when my payment 's late. He told me I could use my Mastercard for my monthly XXXX XXXX XXXX Credit Card payment before the due date and that I only needed to talk to a live person to make a payment with that. I didn't know anything about that until 3 Late Payments accrued to that account. The lack of information has harmed my credit. The man I spoke to seemed to be amused and didn't offer me any credits to my account, so I didn't make any payments. Last week, I called to make a monthly payment and I described the previous incidents. I was told by a XXXX XXXX female employee that she would waive one Late Payment Charge, but first I had to pay the Late Payment Charges and my monthly payments. I didn't approve of that and didn't pay the Late Payment Charges or my monthly payments. I think the bank is deceptive for not informing me of having the option of paying by phone to a live agent until 3 Late Payment Charges later.",
    "company_public_response": "None",
    "company": "Alliance Data Card Services",
    "state": "IA",
    "zipcode": "525XX",
    "tags": "None",
    "consumer_consent_provided": "Consent provided",
    "submitted_via": "Web",
    "date_sent_to_company": "12/07/18",
    "company_response_to_consumer": "Closed with monetary relief",
    "timely_response": "Yes",
    "consumer_disputed": "N/A",
    "complaint_id": 3092625
}