{
    "date": "2018-12-07T00:00:00",
    "product": "Mortgage",
    "sub-product": "Conventional home mortgage",
    "issue": "Trouble during payment process",
    "sub-issue": "None",
    "text": "Ditech has held XXXX for 6 months and keeps telling me they mailed a check 30 to 45 days ago i call its a different story everyone i talk to, they mailed it has been lost, then they tell me they will wire transfer it then it got mailed, or lost in the mail .it was in there system till XX/XX/2018, i was told it was mailed on XX/XX/2018. i have called and called they do nothing but tell me it has been mailed or lost in the mail, they can send my statements for making payments but cant return my money they owe me, Account XXXX",
    "company_public_response": "Company believes it acted appropriately as authorized by contract or law",
    "company": "Ditech Financial LLC",
    "state": "OK",
    "zipcode": "740XX",
    "tags": "None",
    "consumer_consent_provided": "Consent provided",
    "submitted_via": "Web",
    "date_sent_to_company": "12/07/18",
    "company_response_to_consumer": "Closed with explanation",
    "timely_response": "Yes",
    "consumer_disputed": "N/A",
    "complaint_id": 3094570
}