{
    "date": "2018-12-07T00:00:00",
    "product": "Student loan",
    "sub-product": "Federal student loan servicing",
    "issue": "Dealing with your lender or servicer",
    "sub-issue": "Received bad information about your loan",
    "text": "When I recertified my Income Based Repayment plan, I selected that my income has significantly changed from the last year, but XXXX still forced me to upload tax returns. They ended up using my wife and my joint return to recalculate my payment. However, we just had a child and my wife is solely commission based and has not been working. As a result, or family size has increased and our income has drastically decreased. When I received the new monthly payment, which was four times higher than the previous year 's, I called to have the payment re-calculated. After explaining my situation on 11/19, that individual told me to upload my pay stub and to request a recalculation, which I did. She also told me to not pay the increased payment, because my XX/XX/XXXX invoice would be re-calculated. When I called today, XX/XX/XXXX, I was told my payment can not be recalculated and now because we can not afford the payment this month, my only option is a 30 day forbearance which adds approximately {$6000.00} in principal and interest to my total balance. The representative even apologized that the previous rep made a mistake in misleading me about the payment.",
    "company_public_response": "None",
    "company": "AES/PHEAA",
    "state": "SC",
    "zipcode": "294XX",
    "tags": "None",
    "consumer_consent_provided": "Consent provided",
    "submitted_via": "Web",
    "date_sent_to_company": "12/07/18",
    "company_response_to_consumer": "Closed with explanation",
    "timely_response": "Yes",
    "consumer_disputed": "N/A",
    "complaint_id": 3094430
}