{
    "date": "2018-12-07T00:00:00",
    "product": "Credit card or prepaid card",
    "sub-product": "General-purpose credit card or charge card",
    "issue": "Other features, terms, or problems",
    "sub-issue": "Other problem",
    "text": "I am requesting a written letter indicated the amount of my security deposit for a secured credit card from Capitol One. This information is not available in my customer profile on the website. \n\nXX/XX/2018 I called customer service on XX/XX/2018 around XXXX and spoke with XXXX ( XXXX ). She indicated that there is nothing available to allow her to send me a letter indicating the balance. She also indicated that there was no one further that I could speak. \n\nXX/XX/2018 I sent a letter to Mr. XXXX XXXX President of Retail & Direct Banking Capital One Financial Corporation XXXX Capital One XXXX, XXXX, Virginia XXXX requesting a written verification of my deposit. \n\nXX/XX/2018 - I got a call from XXXX. from the executive offices who said he would investigate XX/XX/2018 XXXX confirmed that I would receive a verification letter in the next 7 to 10 days. \n\nXX/XX/2018 - I talked with XXXX who said the letter would be emailed. But I got disconnected while on hold. I called back and got another rep who transferred me to XXXX. XXXX said that I would receive the verification letter in 7 to 10 business days. \n\nAs of XX/XX/2018 I have not received the verification of the amount of my security deposit.",
    "company_public_response": "None",
    "company": "CAPITAL ONE FINANCIAL CORPORATION",
    "state": "OH",
    "zipcode": "44118",
    "tags": "None",
    "consumer_consent_provided": "Consent provided",
    "submitted_via": "Web",
    "date_sent_to_company": "12/07/18",
    "company_response_to_consumer": "Closed with explanation",
    "timely_response": "Yes",
    "consumer_disputed": "N/A",
    "complaint_id": 3094390
}