{
    "date": "2018-12-06T00:00:00",
    "product": "Credit card or prepaid card",
    "sub-product": "General-purpose credit card or charge card",
    "issue": "Problem with a purchase shown on your statement",
    "sub-issue": "Overcharged for something you did purchase with the card",
    "text": "A ) '' On XX/XX/2018 I went to XXXX XXXX XXXX headquarters at XXXX XXXX XXXX XXXX XXXX in XXXX XXXX of XXXX. I spent {$1500.00} when converted into USD from {$200000.00} JMD. I was unable to receive my purchases and requested a cancelation and/or refund in XX/XX/2018 from merchant as well as my credit payment issuers whom were the store manager of XXXX XXXX XXXX XXXX XXXX as advised along with XXXX XXXX. However, XXXX XXXX   XXXX has been denying all of my claims including category B listed below. Others were unmentioned here ''. Images are attached. \n\n\nB ) '' On XX/XX/2018 ; I went to the XXXX XXXX check in kiosk and front desk to obtain my boarding pass for that day. I had five suitcases and the airline staff refused to allow any carry-on or free checked bags. I was uncertain that this was the right policy. \nI was uncertain that this was the right policy for this \" XXXX XXXX '' XXXX XXXX arrangement ticket # XXXX. Record Locator XXXX. However, they made no exceptions to my protests. '' \" I proceeded to check all bags at the kiosk. I was charged {$610.00} dollars. '' \" Upon weighing my bags on the weigh station ; I was again charged {$400.00} after that initial payment ''. \n\n\" I have submitted a claim to the XXXX XXXX online Customer Support Center with copies of passport, travel/payment itinerary and boarding pass which I had prepaid in the amount of $ XXXX+XXXX prefer seating as well as {$25.00} telephone ticketing service on XX/XX/2018. Noted oncrdit summary in amouns of {$330.00}, {$12.00}, and {$25.00}. '' \" I was overcharged for travel services by the XXXX XXXX Agents and Representative 's on day of travel and unreceived benefits during prepaid registration for my choice of ticketing and seating preference in business or first class. I was placed in a group 6 but was next to almost last for boarding. I did not get a first class or business type extra such as baggage fee rules ... XXXX $ {$25.00} for 1st bag  ;. {$35.00} for 2nd bag ; ... {$150.00} for 4th bag, ... ..etc. \n\nFor instance ; Allowances were for >100 pounds ( 51/23kgs to 70/32kgs ) ; >200 pounds ( 62in=157cm ).",
    "company_public_response": "None",
    "company": "Comerica",
    "state": "TX",
    "zipcode": "752XX",
    "tags": "Servicemember",
    "consumer_consent_provided": "Consent provided",
    "submitted_via": "Web",
    "date_sent_to_company": "12/06/18",
    "company_response_to_consumer": "Closed with explanation",
    "timely_response": "Yes",
    "consumer_disputed": "N/A",
    "complaint_id": 3091956
}