{
    "date": "2018-12-06T00:00:00",
    "product": "Credit card or prepaid card",
    "sub-product": "General-purpose credit card or charge card",
    "issue": "Trouble using your card",
    "sub-issue": "Credit card company won't increase or decrease your credit limit",
    "text": "XXXX XXXX XXXX XXXX XXXX XXXX XXXX XXXX, CA XXXX XX/XX/2018 Barclays Bank Delaware, Dear Barclays Bank, XXXX Credit Card XXXX I am member since XX/XX/2018 and I had a credit line {$3500.00} .I am maintain account good standing and I am paying bills on time.\n\nYour bank Credit line reduce up to new line of {$1000.00}. I am really disappointed and not happy done this.\n\nPlease reconsider my request and granted my credit line back to {$3500.00} Thank you XXXX XXXX XXXX",
    "company_public_response": "Company has responded to the consumer and the CFPB and chooses not to provide a public response",
    "company": "BARCLAYS BANK DELAWARE",
    "state": "CA",
    "zipcode": "900XX",
    "tags": "None",
    "consumer_consent_provided": "Consent provided",
    "submitted_via": "Web",
    "date_sent_to_company": "12/06/18",
    "company_response_to_consumer": "Closed with explanation",
    "timely_response": "Yes",
    "consumer_disputed": "N/A",
    "complaint_id": 3092789
}