{
    "date": "2018-12-06T00:00:00",
    "product": "Vehicle loan or lease",
    "sub-product": "Loan",
    "issue": "Managing the loan or lease",
    "sub-issue": "Billing problem",
    "text": "Westlake Financial has stopped my access to online bill pay, making the only way that I can pay them through the phone. There have been two incidents in which Westlake Financial has acted in bad faith through verbal communication, causing me to no longer be able to communicate with them through the phone. Additionally, any attempts to email them have not gone addressed with a personal response, only their automated response.",
    "company_public_response": "None",
    "company": "Westlake Services, LLC",
    "state": "CT",
    "zipcode": "064XX",
    "tags": "None",
    "consumer_consent_provided": "Consent provided",
    "submitted_via": "Web",
    "date_sent_to_company": "12/06/18",
    "company_response_to_consumer": "Closed with explanation",
    "timely_response": "Yes",
    "consumer_disputed": "N/A",
    "complaint_id": 3093496
}