{
    "date": "2018-12-06T00:00:00",
    "product": "Credit card or prepaid card",
    "sub-product": "General-purpose credit card or charge card",
    "issue": "Fees or interest",
    "sub-issue": "Problem with fees",
    "text": "In late XX/XX/XXXX, I received a letter from Bank of America alerting me that my Credit Limit had been decreased from {$4000.00} to {$2200.00} due to a delinquency in the account. I was extremely confused by this as the payments are automatically sent every month by XXXX XXXX XXXX. I called Bank of America and was informed that the account was considered delinquent because my last payment was late and I was hit with a {$27.00} late fee and they are unable to waive the fee. The agent I talked to stated that the due date was on the XXXX for that month. Normally the due date for Bank of America is on the XXXX. There was no holiday or any reason for the due date to have been moved that month. The agent was perplexed by this and could not offer a reason why the due date was moved up. \n\nBy having the due date moved up ( without consent ) my payment was considered late which triggered a late fee and made the account delinquent per Bank of America. This also caused the account 's credit limit to be sharply cut as well. BoA has offered very little to assist in this and I am submitting the complaint to the CFPB as the due date should never have been changed and was utterly unacceptable.",
    "company_public_response": "Company has responded to the consumer and the CFPB and chooses not to provide a public response",
    "company": "BANK OF AMERICA, NATIONAL ASSOCIATION",
    "state": "OH",
    "zipcode": "450XX",
    "tags": "None",
    "consumer_consent_provided": "Consent provided",
    "submitted_via": "Web",
    "date_sent_to_company": "12/06/18",
    "company_response_to_consumer": "Closed with monetary relief",
    "timely_response": "Yes",
    "consumer_disputed": "N/A",
    "complaint_id": 3093651
}