{
    "date": "2018-12-06T00:00:00",
    "product": "Credit card or prepaid card",
    "sub-product": "General-purpose credit card or charge card",
    "issue": "Closing your account",
    "sub-issue": "Can't close your account",
    "text": "On XX/XX/XXXX, I applied online for the Citi ThankYou Premier Card and was granted the account with a limit of {$6200.00}. I then received a social security verification from Citi saying my account was not actually approved, and they needed this paperwork back in the mail before approving and opening my account. However, Citi mailed me the card anyway. I called Citi and was confirmed by a representative that my account was not actually approved and there was a hold on my account until I returned this social security verification via mail ( they would not accept via email or fax ). I got frustrated with Citi 's communication and decided I did not want an account with their company. Therefore, I asked the representative what would happen if I did not mail back this form. I was then informed that this was a part of my application and if they did not receive this paperwork back, that my application would be canceled and would not be processed. I was assured that my account would not be opened and that after they do not receive this verification, that they would cancel my application. I received emails from Citi on XX/XX/XXXX and XX/XX/XXXX about online statements and activity on my account. I waited a few weeks to allow them time to realize I would not be sending it out and to cancel my account. I never used or spent this account. I called Citi on XX/XX/XXXX to understand why my account was showing open on my credit report as well as with Citi. I was then informed they still needed this social security verification anyway, and that my account was transferred to fraud department and investigations team. When asked to be transferred to them, they do not have a number. When I informed the rep the information the previous rep gave me about canceling my account, she confirmed that was not correct and to send in the paperwork so they could close my account. I told her I did not want my account closed, because I never opened one to begin with and I needed both Citi and the credit bureaus to show that I never had any account with Citi to begin with. She could not explain to me why I needed to confirm my SSN in order to cancel an application. She informed me that this paper was not part of my application, contrary to what I had been told by a previous rep. I was told that there was a freeze on my account for both me and Citi, and they can not make changes until they receive this paperwork in hard copy. I should not have to mail in a form with my SSN on it in order for Citi to cancel my account and application and remove it from my credit bureaus.",
    "company_public_response": "Company has responded to the consumer and the CFPB and chooses not to provide a public response",
    "company": "CITIBANK, N.A.",
    "state": "TX",
    "zipcode": "761XX",
    "tags": "None",
    "consumer_consent_provided": "Consent provided",
    "submitted_via": "Web",
    "date_sent_to_company": "12/06/18",
    "company_response_to_consumer": "Closed with non-monetary relief",
    "timely_response": "Yes",
    "consumer_disputed": "N/A",
    "complaint_id": 3093093
}