{
    "date": "2018-12-06T00:00:00",
    "product": "Student loan",
    "sub-product": "Federal student loan servicing",
    "issue": "Dealing with your lender or servicer",
    "sub-issue": "Trouble with how payments are being handled",
    "text": "I have been paying on my federal student loans that are serviced through Navient. I have been set up on automatic payments for at least the last 2 years. In XX/XX/2018 I enrolled in a 4 credit course through XXXX County XXXX XXXX as part of an employer requirement for a job promotion. During that time I pay for the course out of pocket and assumed I was paying my student loans as I always have. Months later I realized that my payments were not being withdrawn and was only notified when I received an email stating that my loans were in forebearance, of which I never agreed to. I am not schedule to begin making payments again and realized that I have accrued additional interest due to the loans being in forbearance that I had never authorized in the first place. I find the tactics used by the company to be misleading and unlawful.",
    "company_public_response": "None",
    "company": "Navient Solutions, LLC.",
    "state": "NY",
    "zipcode": "142XX",
    "tags": "None",
    "consumer_consent_provided": "Consent provided",
    "submitted_via": "Web",
    "date_sent_to_company": "12/06/18",
    "company_response_to_consumer": "Closed with explanation",
    "timely_response": "Yes",
    "consumer_disputed": "N/A",
    "complaint_id": 3093673
}