{
    "date": "2018-12-06T00:00:00",
    "product": "Mortgage",
    "sub-product": "Conventional home mortgage",
    "issue": "Trouble during payment process",
    "sub-issue": "None",
    "text": "My XX/XX/XXXX XXXX County property taxes have still not been paid. The bill was due XX/XX/XXXX, and now the past due date of XX/XX/2019 is coming soon. I have contacted Roundpoint several times to ask when my property taxes will be paid. They always refer me to the Taxes department, which never responds. \n\nThere is plenty of money in the escrow account to pay the property taxes.",
    "company_public_response": "None",
    "company": "RoundPoint Mortgage Servicing Corporation",
    "state": "NC",
    "zipcode": "None",
    "tags": "None",
    "consumer_consent_provided": "Consent provided",
    "submitted_via": "Web",
    "date_sent_to_company": "12/06/18",
    "company_response_to_consumer": "Closed with explanation",
    "timely_response": "Yes",
    "consumer_disputed": "N/A",
    "complaint_id": 3093426
}