{
    "date": "2018-12-06T00:00:00",
    "product": "Credit card or prepaid card",
    "sub-product": "Store credit card",
    "issue": "Fees or interest",
    "sub-issue": "Problem with fees",
    "text": "XXXX Store Card - Pay double, sometimes triple the minimum amount every month, If I don't time it just right they charge a XXXX dollar late fee even If I paid well over the amount early enough to cover several months of payments. \n\nI have the chat log conversation with their rep. and was partially able to rectify the issue.",
    "company_public_response": "Company has responded to the consumer and the CFPB and chooses not to provide a public response",
    "company": "SYNCHRONY FINANCIAL",
    "state": "AZ",
    "zipcode": "860XX",
    "tags": "Servicemember",
    "consumer_consent_provided": "Consent provided",
    "submitted_via": "Web",
    "date_sent_to_company": "12/18/18",
    "company_response_to_consumer": "Closed with monetary relief",
    "timely_response": "Yes",
    "consumer_disputed": "N/A",
    "complaint_id": 3093101
}