{
    "date": "2018-12-06T00:00:00",
    "product": "Mortgage",
    "sub-product": "Conventional home mortgage",
    "issue": "Trouble during payment process",
    "sub-issue": "None",
    "text": "I took a mortgage on an investment home I own in XXXX XXXX, FL    from a local bank in Colorado  called Simmons Bank ( XX/XX/2018 ). Simmons Bank agreed verbally and in writing ( by email ) to issue the mortgage loan without hurricane insurance and has acknowledged this several times also by email ( see attachment ). \n\nHowever, Simmons subsequently ( within months ) sold the loan to XXXX. It appears in retrospect that Simmons was concurrently planning to sell the loan while originating it ( without disclosing this fact ). The mortgage broker was aware that an important reason for working with Simmons was my understanding that they would hold the loan in house ( as they had for my principal residence in CO  ). \n\nXXXX is now demanding that I pay for hurricane insurance, which is approximately {$20000.00} per year. Without hurricane insurance, pursuant to the closing disclosures provided by Simmons, the estimated taxes and insurance were listed as {$1400.00}. Therefore, hurricane insurance would more than double my total tax and insurance liability. The mortgage has a 30 year term, so the damages are substantial. It is also very important to note that I would not have qualified for the loan if the requirement for hurricane insurance had been included in the loan terms from the start. See attached email where the mortgage broker calculates I have a DTI of 44 % WITHOUT hurricane insurance. If this is not resolved, I will have to sell the property, which would be a significant loss for me.",
    "company_public_response": "Company has responded to the consumer and the CFPB and chooses not to provide a public response",
    "company": "SIMMONS FIRST NATIONAL CORPORATION",
    "state": "FL",
    "zipcode": "331XX",
    "tags": "None",
    "consumer_consent_provided": "Consent provided",
    "submitted_via": "Web",
    "date_sent_to_company": "12/06/18",
    "company_response_to_consumer": "Closed with explanation",
    "timely_response": "Yes",
    "consumer_disputed": "N/A",
    "complaint_id": 3093478
}