{
    "date": "2018-12-05T00:00:00",
    "product": "Checking or savings account",
    "sub-product": "Checking account",
    "issue": "Managing an account",
    "sub-issue": "Funds not handled or disbursed as instructed",
    "text": "I applied for a money market account with a {$500.00} bonus. The terms state : \" Heres the full scoop on how to earn your {$500.00} bonus : Open a XXXX XXXX XXXX account and deposit at least {$50000.00} between XXXX XXXX  ET on XX/XX/XXXX, and XXXX XXXX ET on XX/XX/XXXX. When you open your account, enter your promotional codeXXXX. ( Please do not share this code with others. ) Deposits must be from another bank ( transfers between Capital One accounts will not qualify ). If you have or had an open savings product with Capital One after XX/XX/XXXX, you're ineligible for the bonus. This offer can not be combined with any other Capital One Bank or Capital One 360 new account opening offer. Bonus is only valid for one account. '' Can be found here : https : //www.capitalone.com/savings500/ I deposited $ XXXX at three separate times. My individual deposits exceed the $ XXXX requirement for deposit. The bonus nowhere states that a certain balance must be held or maintained. It simply states the sum of deposits -- which I've met.",
    "company_public_response": "None",
    "company": "CAPITAL ONE FINANCIAL CORPORATION",
    "state": "GA",
    "zipcode": "300XX",
    "tags": "None",
    "consumer_consent_provided": "Consent provided",
    "submitted_via": "Web",
    "date_sent_to_company": "12/05/18",
    "company_response_to_consumer": "Closed with explanation",
    "timely_response": "Yes",
    "consumer_disputed": "N/A",
    "complaint_id": 3091650
}