{
    "date": "2018-12-05T00:00:00",
    "product": "Mortgage",
    "sub-product": "Conventional home mortgage",
    "issue": "Trouble during payment process",
    "sub-issue": "None",
    "text": "Ocwen is engaging in the prohibited practice of dual tracking while having received timely all the required documents and financial information from the borrower. \n\nPlease see attached letter dated XX/XX/2018. \n\nOcwen has failed to deliver required foreclosure protections. \n\nOcwen is using faulty information in the servicing of this mortgage loan.",
    "company_public_response": "None",
    "company": "OCWEN LOAN SERVICING LLC",
    "state": "NY",
    "zipcode": "115XX",
    "tags": "None",
    "consumer_consent_provided": "Consent provided",
    "submitted_via": "Web",
    "date_sent_to_company": "12/05/18",
    "company_response_to_consumer": "Closed with explanation",
    "timely_response": "Yes",
    "consumer_disputed": "N/A",
    "complaint_id": 3091797
}