{
    "date": "2018-12-05T00:00:00",
    "product": "Mortgage",
    "sub-product": "Conventional home mortgage",
    "issue": "Struggling to pay mortgage",
    "sub-issue": "None",
    "text": "Dear CFPB, On XX/XX/XXXX, I was approved by my Loan Servicer, Wells Fargo Home Mortgage, for a permanent loan modification. Unfortunately, my spouse, who is not on the loan, refused to sign the documents. I tried to save my home through XXXX XXXX Bankruptcy, but the combined payments were too much for me. My home was scheduled for Sheriff 's Sale on XX/XX/XXXX. When I reached out to Wells Fargo prior to the sale date, I was told that there were not any options available for a workout. A couple of days later, I was told that if I could stop the sale, XXXX would reevaluate my loan. I filed an emergency motion with county court and the judge granted the stay until XX/XX/XXXX. I am also working with the non-profit organization XXXX to assist me in these negotiations. Wells Fargo told XXXX that I have a lien on my home that was an issue with the modification last XX/XX/XXXX. The only issue at that time was not being able to obtain my spouse 's signature. Now it appears that XXXX is using the lien as an excuse not to assist me. I have the modification documents and the lien is not mentioned on there, nor is it from any correspondence from my Wells Fargo Home Preservationist. I simply want Wells Fargo to honor my modification, as I am in the process of divorce as well as negotiating the lien on my property. At the very least, give me a reasonable amount of time to clear up the lien.",
    "company_public_response": "Company has responded to the consumer and the CFPB and chooses not to provide a public response",
    "company": "WELLS FARGO & COMPANY",
    "state": "IL",
    "zipcode": "605XX",
    "tags": "Servicemember",
    "consumer_consent_provided": "Consent provided",
    "submitted_via": "Web",
    "date_sent_to_company": "12/05/18",
    "company_response_to_consumer": "Closed with explanation",
    "timely_response": "Yes",
    "consumer_disputed": "N/A",
    "complaint_id": 3092078
}