{
    "date": "2018-12-05T00:00:00",
    "product": "Checking or savings account",
    "sub-product": "Checking account",
    "issue": "Opening an account",
    "sub-issue": "Didn't receive terms that were advertised",
    "text": "On XX/XX/XXXX I signed up for a checking account promotional offer that I was targeted for via snail mail from Citibank. The offer consisted of the following requirements : XXXX AA miles bonus when you open a Citi Priority Account Package and make {$750.00} in debit card purchases and pay one or more bills for two consecutive months. On XX/XX/XXXX I had completed all requirements which were two consecutive monthly bill pays to XXXX plus a {$750.00} debit card purchase. \n\nBecause we're 3 months past the fulfillment of the requirements, I checked with Citibank via online chat what was the status of the bonus. I received the following from the chat rep in regards to my request to check on the status of my promotional offer being disbursed : \" You are correct. {$750.00} was made within 60 days upon opening which is XX/XX/XXXX. Two consecutive months bill payments made 1 in XX/XX/XXXX and the last one is XX/XX/XXXX. \nXXXX at XXXX, XX/XX/XXXX : And it states that : XXXX at XXXX, XX/XX/XXXX : The AAdvantage bonus miles will be credited by Citibank to the AAdvantage account within XXXX calendar days from the date when the client completed all offer requirements. Bonus miles credited will be based on the consumer account package at the time of qualification. \nXXXX at XXXX, XX/XX/XXXX : This should be posted automatically by XXXX Thursday. '' On XXXX I received an email notification that I did not meet the requirements. The following language was Thank you for choosing Citi for your banking needs, and for your enrollment in the Citibank {$600.00} Checking Offer ( \" Checking Offer '' ). Unfortunately, we have determined you have not fulfilled the Offer 's required activities for the following reason : The required deposit balances were not met during the offer period My mailer offer was NOT for {$600.00}. It was for XXXX AA miles. The requirements were {$750.00} in debit purchases and two consecutive monthly bill pays. Citi may have a {$600.00} checking account offer that is worth {$600.00} bonus but this was not the offer that I received. \n\nI am seeking a resolution to this issue that Citibank is notorious for, not fulfilling offer promotional terms and conditions.",
    "company_public_response": "Company has responded to the consumer and the CFPB and chooses not to provide a public response",
    "company": "CITIBANK, N.A.",
    "state": "FL",
    "zipcode": "333XX",
    "tags": "None",
    "consumer_consent_provided": "Consent provided",
    "submitted_via": "Web",
    "date_sent_to_company": "12/05/18",
    "company_response_to_consumer": "Closed with non-monetary relief",
    "timely_response": "Yes",
    "consumer_disputed": "N/A",
    "complaint_id": 3092071
}