{
    "date": "2018-12-04T00:00:00",
    "product": "Credit card or prepaid card",
    "sub-product": "General-purpose credit card or charge card",
    "issue": "Trouble using your card",
    "sub-issue": "Can't use card to make purchases",
    "text": "This complaint is regarding a 12 day freeze hold placed on my Wells Fargo Bank Business Platinum business card. \n\nI realized there was a freeze hold placed on my card yesterday XX/XX/18 after speaking with a Wells Fargo Customer service agent at XXXX pst. I explained that this card is the lifeline to my business and without the card, my business is completely paralyzed. If there was an emergency supply needed or equipment failure there is no way to remedy the problem. I also advised the representative that Wells Fargo never contacted me either verbally or by email indicating that they would be taking this action. The representative did not provide the name or contact information of the supervisor. \n\nAfter enduring almost 20 minutes of bank jargon, I repeatedly asked the customer service agent to speak to a supervisor and she refused to transfer the call. I was told that she would escalate the matter and that I would receive a callback within 1-4 hours. A supervisor from Wells Fargo bank never returned my call. \n\nAt XXXXpst, I contacted Wells Fargo Bank to find out what action had been taken to remedy this situation. I was transferred to a supervisor named XXXX XXXX and was told the freeze hold was removed from my card and I was able to utilize the card. She was also advised the funds are available for immediate payment. I was told \" Don't worry We've got your back. '' At XXXX XXXX I attempted to use the card for a small transaction only to discover that Ms. XXXX misrepresented the facts and the card was still unusable. I called back Wells Fargo Bank only to be told that the per Ms XXXX the that the card \" had the freeze hold removed then replaced. '' I was then transferred to a complaint division where the call was disconnected. I had provided contact information to WFB. Wells Fargo Bank Failed to return my Call. \n\nThis morning, I spoke to a consumer representative who transferred me to a case worker within Wells Fargo Bank named XXXX. Her contact number is XXXX. She advised me that she needed to contact a different department within the bank and could not guarantee that she could get the freeze hold removed from my account. I explained to her that this is an urgent matter and that the card is the lifeline to the business, I believe that Wells Fargo Bank will continue this deplorable, discriminatory conduct without your intervention.",
    "company_public_response": "Company has responded to the consumer and the CFPB and chooses not to provide a public response",
    "company": "WELLS FARGO & COMPANY",
    "state": "CA",
    "zipcode": "900XX",
    "tags": "None",
    "consumer_consent_provided": "Consent provided",
    "submitted_via": "Web",
    "date_sent_to_company": "12/04/18",
    "company_response_to_consumer": "Closed with non-monetary relief",
    "timely_response": "Yes",
    "consumer_disputed": "N/A",
    "complaint_id": 3091014
}