{
    "date": "2018-12-04T00:00:00",
    "product": "Vehicle loan or lease",
    "sub-product": "Loan",
    "issue": "Problems at the end of the loan or lease",
    "sub-issue": "Problem related to refinancing",
    "text": "I had my van loan financed with ALLY Financial with an ACH debit from my credit Union. My last van payment in the amount of {$360.00} ( after 7 years of financing it ) was made on XX/XX/2018 with a balance of {$14.00} left to pay, which I attempted to pay over the phone twice and online twice. ALLY rejected these payments. \nOn XX/XX/2018 ALLY drafted another van payment in the amount of {$360.00}. \nI called and emailed them from their website numerous times. After 3 weeks they reimbursed me the amount of {$350.00} and subtracted the amount of {$14.00} from the {$360.00} they drafted from my account on XX/XX/2018. I received the title to my van at the beginning of XX/XX/2018. \nI checked my bank account on line on XX/XX/XXXX and saw that ALLY took out another automatic ACH in the amount of {$360.00}. I called and emailed them from their website on XX/XX/XXXX. The representative stated that the payments made to them did not show up on their end or on my account.They requested that I fax them my bank statement proving they they took the money out. Friday XX/XX/XXXX I sent them an email from their website and attaching my bank statement and a email to them. On Saturday XX/XX/XXXX I went to my bank and they faxed the bank statement which showed tht they drafted {$360.00} from my account. I checked my account with ALLY on line and it does not show that they took the extra van payments out, but my bank statemnet and balance shows they did. The bank told me that since the ACH agreement was between me and ALLY they ha to close it out.Otherwise I can pay the bank XXXX to unauthorize the draft. But, why should I have to do that? Don't these people communicate with each other? Who else have they donre this to?",
    "company_public_response": "Company has responded to the consumer and the CFPB and chooses not to provide a public response",
    "company": "ALLY FINANCIAL INC.",
    "state": "CO",
    "zipcode": "None",
    "tags": "Older American",
    "consumer_consent_provided": "Consent provided",
    "submitted_via": "Web",
    "date_sent_to_company": "12/04/18",
    "company_response_to_consumer": "Closed with explanation",
    "timely_response": "Yes",
    "consumer_disputed": "N/A",
    "complaint_id": 3090383
}