{
    "date": "2018-12-04T00:00:00",
    "product": "Credit card or prepaid card",
    "sub-product": "General-purpose credit card or charge card",
    "issue": "Problem with a purchase shown on your statement",
    "sub-issue": "Overcharged for something you did purchase with the card",
    "text": "On XX/XX/2018 I purchased a XXXX XXXX side to side unit including half windshield, roof kit and winch for {$10000.00}. I used my credit card for a {$2000.00} down payment as seen on the invoice. However, the merchant XXXX XXXX, XXXX overcharged {$990.00} as they added the total cash price to {$12000.00} in error when it adds up to {$11000.00}. The agreement was to pay {$10000.00} for the unit with accessories listed above plus registration fees and sales taxes ( as listed on the invoice ) as follows : {$10000.00} + XXXX+XXXX+XXXX+XXXX ( sales tax ) equals {$11000.00}. I explained this to Chase representative XXXX at XXXX X XXXX and also supervisor XXXX XXXX. in Texas but they did not want to acknowledge what occurred but rather sided with the merchant who lied and claimed I purchased accessories separately when as the invoice shows the credit card was used as a downpayment and the accessories were included in the purchase price of {$10000.00}. The credit card receipt shows {$2000.00} with no mention of accessories proving that it was used as a downpayment.",
    "company_public_response": "None",
    "company": "JPMORGAN CHASE & CO.",
    "state": "TX",
    "zipcode": "780XX",
    "tags": "Servicemember",
    "consumer_consent_provided": "Consent provided",
    "submitted_via": "Web",
    "date_sent_to_company": "12/04/18",
    "company_response_to_consumer": "Closed with explanation",
    "timely_response": "Yes",
    "consumer_disputed": "N/A",
    "complaint_id": 3090977
}