{
    "date": "2018-12-12T00:00:00",
    "product": "Credit card or prepaid card",
    "sub-product": "General-purpose credit card or charge card",
    "issue": "Other features, terms, or problems",
    "sub-issue": "Problem with rewards from credit card",
    "text": "I booked 2 airline tickets on XXXX, paid in full at the time of the purchase. They showed up on my XXXX XXXX Visa credit card statement as XXXX separate transactions, both under the name \" XXXX '' ( this is the name of the airline carrier ). Both are dated XX/XX/2018 for {$720.00} each. \n\nI specifically increased the credit limit on my card and purchased through XXXX because of the rewards offer. Without the rewards, I would have gone through a different vendor and credit card. Using the XXXX XX/XX/XXXX visa cost me trip protection that would otherwise have been provided by a different credit card company and resulted in a higher dollar total for the transaction. \n\nBarclay 's XXXX XXXX Visa reward rules state : Earning Points - You earn points for purchases less credits, returns and adjustments ( Net Purchases ) made by you and/or any authorized user of the Account as follows : You earn 5 points for every {$1.00} spent on eligible Net Purchases made at XXXX. Eligible purchases include : cruises ( as defined by the merchant category code ), Name Your Own Price, Express Deals and Pay Now bookings, as well as purchases of Trip Protection products, made on XXXX. A Pay Now booking is any booking that requires payment at the time of booking. For more information on Name Your Own Price, Express Deals, and Trip Protection, please see XXXX. ( see https : //www.barclaycardus.comXX/XX/rewardsHub?earningRewards= ) My purchase met all of the requirements outlined by Barclay 's to be a qualifying purchase. I should get 5 points per dollar for these charges. However, Barclays has only provided me with 1 point per dollar. The missing points are worth over {$57.00}. \n\nBarclay 's claims that the transaction is not a qualifying purchase, however it clearly is. XXXX had mentioned something about the \" merchant of record ''. My receipt is from XXXX, so they should be considered the merchant of record. XXXX 's version of the rules would be misleading at best, since there is no apparent difference between purchasing hotel reservations ( which qualify for rewards ) and airline tickets ( which at the moment appear not to ). In any case, when I contacted XXXX about the situation, they denied any responsibility, claiming that my agreement is with Barclay 's and not with XXXX ( I would tend to agree ). \n\nBarclay 's, please give me the reward points I am due, or else the cash value.",
    "company_public_response": "Company has responded to the consumer and the CFPB and chooses not to provide a public response",
    "company": "BARCLAYS BANK DELAWARE",
    "state": "WI",
    "zipcode": "None",
    "tags": "None",
    "consumer_consent_provided": "Consent provided",
    "submitted_via": "Web",
    "date_sent_to_company": "12/12/18",
    "company_response_to_consumer": "Closed with non-monetary relief",
    "timely_response": "Yes",
    "consumer_disputed": "N/A",
    "complaint_id": 3098775
}