{
    "date": "2018-12-04T00:00:00",
    "product": "Checking or savings account",
    "sub-product": "Checking account",
    "issue": "Managing an account",
    "sub-issue": "Fee problem",
    "text": "US Bank is making unfair charges ( fees ) to my account. \nI am being charged an overdraft fee for a pending transaction. There was a deposit made to my account to bring it positive before the pending transaction was complete and posted to my account. The date of the transaction shown on my statement is the date it was initiated, however it usually takes two to four days for that pending transaction to be completed. The money does not leave my account or the bank until it is completed and posted. \nXXXX XXXX ; XXXX XXXX ; XXXX XXXX are dates when this has occurred. I have been charged {$36.00} for each date totalling {$100.00} for overdrafts that never happened. \nI should not be charged an overdraft fee for a pending transaction until the money is gone from my bank account, resulting in a negative balance ( not a pending negative balance ). \nI believe that they are processing debits to my account prior to the deposits causing the \" available balance '' to be negative. Their computer system then automatically generates an overdraft fee charge to the account even though the actual balance remains positive. \nPeople used to write checks before they had money in the account, relying on the delay it takes for that check to be processed. US Bank is applying overdraft fees for the time that the transaction is still being processed but has not been completed.",
    "company_public_response": "Company has responded to the consumer and the CFPB and chooses not to provide a public response",
    "company": "U.S. BANCORP",
    "state": "CA",
    "zipcode": "96049",
    "tags": "None",
    "consumer_consent_provided": "Consent provided",
    "submitted_via": "Web",
    "date_sent_to_company": "12/04/18",
    "company_response_to_consumer": "Closed with explanation",
    "timely_response": "Yes",
    "consumer_disputed": "N/A",
    "complaint_id": 3091340
}