{
    "date": "2018-12-04T00:00:00",
    "product": "Vehicle loan or lease",
    "sub-product": "Loan",
    "issue": "Struggling to pay your loan",
    "sub-issue": "Loan balance remaining after the vehicle is repossessed and sold",
    "text": "I financed a car through Chase Auto. I was making my payments on time every month for two years. I had a financial hardship in XX/XX/2018 due to a loss of employment. Chase would not work with me to lower my payments. They repossessed my vehicle. My last payment was in XX/XX/2018. However Chase is reporting it as open and a late payment every month after they have charged it off. Now Chase just added XXXX to the balance.",
    "company_public_response": "None",
    "company": "JPMORGAN CHASE & CO.",
    "state": "TX",
    "zipcode": "770XX",
    "tags": "None",
    "consumer_consent_provided": "Consent provided",
    "submitted_via": "Web",
    "date_sent_to_company": "12/04/18",
    "company_response_to_consumer": "Closed with explanation",
    "timely_response": "Yes",
    "consumer_disputed": "N/A",
    "complaint_id": 3091068
}