{
    "date": "2018-12-04T00:00:00",
    "product": "Credit card or prepaid card",
    "sub-product": "General-purpose credit card or charge card",
    "issue": "Other features, terms, or problems",
    "sub-issue": "Problem with rewards from credit card",
    "text": "I have spent countless hours on the phone, and emails, and tweets, and no one can seem to help me - I just get \" sorry, we don't know, we'll let you know if anything changes '' - I am out of ideas, so I am trying the CFPB. I pay $ XXXX/year fee for my Sapphire Reserve card. This allows me a 1.5x redeem multiplier on travel. I have nearly XXXX points I wished to use for travel in XX/XX/XXXX ( ~ {$3000.00} in travel rewards ). I try to be very cordial on the phone, but I am at my wits end. This is easily the worst customer support situation I have ever encountered in my life. I have attached a detailed summary of interactions with dates/times/events which I have been compiling in the zip file, it is titled events.txt",
    "company_public_response": "None",
    "company": "JPMORGAN CHASE & CO.",
    "state": "MN",
    "zipcode": "None",
    "tags": "Servicemember",
    "consumer_consent_provided": "Consent provided",
    "submitted_via": "Web",
    "date_sent_to_company": "12/04/18",
    "company_response_to_consumer": "Closed with explanation",
    "timely_response": "Yes",
    "consumer_disputed": "N/A",
    "complaint_id": 3091140
}