{
    "date": "2018-12-04T00:00:00",
    "product": "Student loan",
    "sub-product": "Federal student loan servicing",
    "issue": "Dealing with your lender or servicer",
    "sub-issue": "Trouble with how payments are being handled",
    "text": "I recently completed a direct consolidation with the Department of Education to enroll in the Public Service Loan Forgiveness Program. After consolidating and beginning payments under the income based payments with XXXX, my loan was transferred to XXXX  XXXX. I was notified that I needed to make a XXXX payment to XXXX, but had already made a XXXX payment to XXXX on XX/XX/XXXX. It's XX/XX/XXXX and XXXX is still hounding me about the payment I made on XX/XX/XXXX. Additionally, they have required me to reapply for income based loan repayment plan even though I had already completed that process. I have spoken with their customer service representatives about this issue, but they haven't done anything to stop me from being harassed about a payment that I've already made. I expect better service from someone who is profiting from servicing my loan.",
    "company_public_response": "None",
    "company": "AES/PHEAA",
    "state": "MS",
    "zipcode": "394XX",
    "tags": "None",
    "consumer_consent_provided": "Consent provided",
    "submitted_via": "Web",
    "date_sent_to_company": "12/04/18",
    "company_response_to_consumer": "Closed with non-monetary relief",
    "timely_response": "Yes",
    "consumer_disputed": "N/A",
    "complaint_id": 3090945
}