{
    "date": "2018-12-04T00:00:00",
    "product": "Checking or savings account",
    "sub-product": "Checking account",
    "issue": "Problem with a lender or other company charging your account",
    "sub-issue": "Transaction was not authorized",
    "text": "I was involved in a pretty bad scam with Capital One, Im a XXXX year old who works full time and I am living on a dream here. \nI was sent XXXX on XX/XX/XXXX from XXXX XXXX all went without fail and I was able to retrieve the money and everything went smoothly. Then on the XXXX  XXXX sent me a sum of XXXX and gave me proof and information which I could show and prove of the transaction being authorized by said person. \nHowever, Capital One froze all my accounts and wont let me access the money because of some type of UN-authorized transaction but when I spoke to them they could not and still cant tell me any information on why this might be when I have proof of the instructions givin to me and the prior instructions on the XXXX running smooth and according to plan.",
    "company_public_response": "None",
    "company": "CAPITAL ONE FINANCIAL CORPORATION",
    "state": "FL",
    "zipcode": "342XX",
    "tags": "None",
    "consumer_consent_provided": "Consent provided",
    "submitted_via": "Web",
    "date_sent_to_company": "12/04/18",
    "company_response_to_consumer": "Closed with explanation",
    "timely_response": "Yes",
    "consumer_disputed": "N/A",
    "complaint_id": 3091167
}