{
    "date": "2018-12-04T00:00:00",
    "product": "Credit card or prepaid card",
    "sub-product": "General-purpose credit card or charge card",
    "issue": "Getting a credit card",
    "sub-issue": "Sent card you never applied for",
    "text": "Im convinced my identity has been compromised because : I received a credit card from HSBC Bank USA, N.A. which I did not request. A scan of that card and letter are attached ( XXXX XXXX HSBC Card.pdf ). Note the Reference Number : XXXX. \n\nI contacted HSBC and they had a great deal of information about me including : correct name and address, Social Security Number, Credit Report and Date of Birth. Possibly more but that was enough to convince me I have a problem. \n\nA scan of the card and accompanying letter has been uploaded. The file name is \" XXXX XXXX - HSCBC Card.pdf ''.",
    "company_public_response": "None",
    "company": "HSBC NORTH AMERICA HOLDINGS INC.",
    "state": "TX",
    "zipcode": "770XX",
    "tags": "Older American",
    "consumer_consent_provided": "Consent provided",
    "submitted_via": "Web",
    "date_sent_to_company": "12/04/18",
    "company_response_to_consumer": "Closed with explanation",
    "timely_response": "Yes",
    "consumer_disputed": "N/A",
    "complaint_id": 3091312
}