{
    "date": "2018-12-04T00:00:00",
    "product": "Mortgage",
    "sub-product": "Conventional home mortgage",
    "issue": "Trouble during payment process",
    "sub-issue": "None",
    "text": "My mortgage servicer, SLS Servicing sold my mortgage to XXXX XXXX on XX/XX/18. I made my mortgage payment to my new provider. \n\nSLS Servicing had been withdrawing my mortgage payment from my checking account on the XXXX of each month. On XXXX XX/XX/18 they withdrew {$1400.00} ( mortgage payment ) from my checking account, which is after my account was closed with them. I have made numerous phones calls and have received a different story from each employee of this company that I spoke to. This withdraw has caused a negative balance in my account and I have accrued overdraft fees. To date, after 11 days has passed since they withdrew this money, I still do not have it back.",
    "company_public_response": "Company has responded to the consumer and the CFPB and chooses not to provide a public response",
    "company": "Specialized Loan Servicing LLC",
    "state": "DE",
    "zipcode": "198XX",
    "tags": "Older American",
    "consumer_consent_provided": "Consent provided",
    "submitted_via": "Web",
    "date_sent_to_company": "12/04/18",
    "company_response_to_consumer": "Closed with explanation",
    "timely_response": "Yes",
    "consumer_disputed": "N/A",
    "complaint_id": 3091253
}