{
    "date": "2018-12-03T00:00:00",
    "product": "Mortgage",
    "sub-product": "Conventional home mortgage",
    "issue": "Struggling to pay mortgage",
    "sub-issue": "None",
    "text": "Navy had is holding my insurance payment because they want to foreclose. My house eas destroy during Florence I have no rough on the back part of my house im forced to stay there because navy fed took the money fema gave me to pay my credit card when i told that was money from fema i wasbtold the would not reverse it I had a payment Rangement because im with one of those companies that pays upur bills for younst a lower cosst. I kep calling but they dont care that i am in a house with no roof because they ate holding my insurance check from the insurance company i did know they could do i pay to be covered and I dont understand they have not forclosed and the house is still mine so how could they hold my check i was told is one of thete rules that you never hear about until it happens to you like so many other things. I dont was told the {$1300.00} would be put back but I havent cheacked they should have nevet taken it they could see that money came from fema i could go to Jail for using that money for anything other than what it was given to me. If i had not looked at mt account i would not known it was gone they dont tell you when they take the money. I was going to a hotel last week and i would have dividing the price of the Hotel by the number of days I could stay. There would have been a problem when I checked out if there was no money.",
    "company_public_response": "Company believes it acted appropriately as authorized by contract or law",
    "company": "NAVY FEDERAL CREDIT UNION",
    "state": "NC",
    "zipcode": "285XX",
    "tags": "Servicemember",
    "consumer_consent_provided": "Consent provided",
    "submitted_via": "Web",
    "date_sent_to_company": "12/03/18",
    "company_response_to_consumer": "Closed with explanation",
    "timely_response": "Yes",
    "consumer_disputed": "N/A",
    "complaint_id": 3090311
}