{
    "date": "2018-12-12T00:00:00",
    "product": "Mortgage",
    "sub-product": "Conventional home mortgage",
    "issue": "Struggling to pay mortgage",
    "sub-issue": "None",
    "text": "we asked Wells Fargo Bank to see if they could work with us on a mortgage modification while we passed some hard times, after hurricane Harvey.  They agreed. We started to send all information, they called back and we send them more, and more.By then we were 2 months, and other Wells Fargo persons started calling. Meanwhile the other people still kept asking for mire info, I sat with one and we went over 2 months, explaining in detail how money was spend and were it came from. Still they keep asking to resend more paper work, but will not say will help or not. We believe that Wells Fargo is not acting in good faith. \n\n\n\n\n\n\n\n\n\n\n\n\n\n\n\n\n\n\n\n\n\n\n\n\n\n\n\n\n\n\n\n\n\n\n\n\n\n\n\n\n\n\n\n\n\n\n-",
    "company_public_response": "Company has responded to the consumer and the CFPB and chooses not to provide a public response",
    "company": "WELLS FARGO & COMPANY",
    "state": "TX",
    "zipcode": "None",
    "tags": "Older American",
    "consumer_consent_provided": "Consent provided",
    "submitted_via": "Web",
    "date_sent_to_company": "12/12/18",
    "company_response_to_consumer": "Closed with non-monetary relief",
    "timely_response": "Yes",
    "consumer_disputed": "N/A",
    "complaint_id": 3097841
}