{
    "date": "2018-12-03T00:00:00",
    "product": "Credit card or prepaid card",
    "sub-product": "General-purpose credit card or charge card",
    "issue": "Problem with a purchase shown on your statement",
    "sub-issue": "Credit card company isn't resolving a dispute about a purchase on your statement",
    "text": "I took out a loan of {$9700.00}. in XX/XX/XXXX, to fund a business I got involved in with XXXX ( XXXX XXXX XXXX XXXX ). In XX/XX/XXXX XXXX was proven to be a scam by the FTC. I contacted all the credit institutions I had borrowed from, and on the Bank of America website it directed me to contact an employee of BofA directly. I did this, and was informed by an agent here in XXXX that Bank of America would do nothing for me. I continued contacting the other banks, and have had success with most of them so far. Recently I spoke with an agent from BofA about a different matter, and the subject of this devastating scam came up. He encouraged me to contact the fraud department and re-open my claim. I was finally able to find the right link, and Bank of America sent me a very long, detailed page to fill out, which I did, and sent it to them. They have since denied my claim because I did not dispute the charge within the 3-month window that they insist on. However, I could not have done that, because XXXX had not been proven to be a scam before XX/XX/XXXX. I received none of the promised benefits from XXXX, and feel I have a valid claim to this dispute.",
    "company_public_response": "Company has responded to the consumer and the CFPB and chooses not to provide a public response",
    "company": "BANK OF AMERICA, NATIONAL ASSOCIATION",
    "state": "WA",
    "zipcode": "98902",
    "tags": "Older American, Servicemember",
    "consumer_consent_provided": "Consent provided",
    "submitted_via": "Web",
    "date_sent_to_company": "12/04/18",
    "company_response_to_consumer": "Closed with explanation",
    "timely_response": "Yes",
    "consumer_disputed": "N/A",
    "complaint_id": 3090328
}