{
    "date": "2018-12-03T00:00:00",
    "product": "Mortgage",
    "sub-product": "Conventional home mortgage",
    "issue": "Trouble during payment process",
    "sub-issue": "None",
    "text": "XXXX sold my loan as of XX/XX/2018 i received a letter middle XXXX stating such, They sold my loan to Specialized Loan Service LLC XXXX this company has not only never sent me any info, ,After many calls to XXXX XXXX i got the new loan number and just mail certified mail, Ive called for 5 days never to chat went on line like XXXX XXXX told to do to XXXX  sight says i dont have a account,, The rules state they suppose to contact me within 15 days of date new service. They did not. The complaints on ; line scare me, and 364.., They should be check out,, When i phone got code and said i have not paid XXXX payment ... I paid XXXX  this payment and have print out to prove this,,, ,XXXX XXXX got my loan XX/XX/2018 But wouild not even take a payment stating my account was not active///// ... Please help me i dont want the company to mess up my go credit,, XXXX XXXX XXXX XXXX XXXX",
    "company_public_response": "Company has responded to the consumer and the CFPB and chooses not to provide a public response",
    "company": "Specialized Loan Servicing LLC",
    "state": "NC",
    "zipcode": "None",
    "tags": "None",
    "consumer_consent_provided": "Consent provided",
    "submitted_via": "Web",
    "date_sent_to_company": "12/03/18",
    "company_response_to_consumer": "Closed with explanation",
    "timely_response": "Yes",
    "consumer_disputed": "N/A",
    "complaint_id": 3090296
}