{
    "date": "2018-12-03T00:00:00",
    "product": "Student loan",
    "sub-product": "Federal student loan servicing",
    "issue": "Dealing with your lender or servicer",
    "sub-issue": "Need information about your loan balance or loan terms",
    "text": "XX/XX/2018 - called XXXX XXXX to check on status of my income-driven repayment plan application. I was telling the man from the department of IBR that I submitted my application on a date different than what he told me and he became rude and short. I told him I understood the system said one date but I knew I had submitted it prior to that. He kept reiterating to me that he was correct and I was wrong. While it seems insignificant, and it largely is, this is not the first time I have had issues with customer service. On a date that I cant recall, I called and the man I spoke with was very demeaning about the questions I had regarding the process of finding out when my loans were due and IBR. \n\nI have currently been waiting since XXXX for all my loans to be placed on one IBR plan. I submitted my first application in XXXX and was told all my loans were on the same IBR plan. Somehow, they were all removed from that plan and I had to resubmit my application. This time, only part of my loans were placed on the IBR plan and most are not to my understanding today. \n\nI have been trying to secure a loan for a house and need my billing statements. I have called numerous times and have gotten the same answer, that my bill is not due yet and I have to wait until my IBR plan is approved. My first payment was supposed to be due XX/XX/XXXX, but because of XXXX XXXX delay, my first payment is XX/XX/XXXX, and that is only for part of my loans. While this seems nice for some people, it is hindering my he-buying process and is causing a lot more trouble than good. \n\nThis company has been nothing but slow and unresponsive, not to mention has rude customer service",
    "company_public_response": "None",
    "company": "AES/PHEAA",
    "state": "OH",
    "zipcode": "None",
    "tags": "None",
    "consumer_consent_provided": "Consent provided",
    "submitted_via": "Web",
    "date_sent_to_company": "12/03/18",
    "company_response_to_consumer": "Closed with non-monetary relief",
    "timely_response": "Yes",
    "consumer_disputed": "N/A",
    "complaint_id": 3090175
}