{
    "date": "2018-12-03T00:00:00",
    "product": "Credit card or prepaid card",
    "sub-product": "General-purpose credit card or charge card",
    "issue": "Other features, terms, or problems",
    "sub-issue": "Other problem",
    "text": "I have a Paypal Smart Connect account and also had a PayPal credit card which I was told were two different things. My credit card account was closed over a year ago because I never used it. However, I do have a balance on my Smart Connect account which I pay on time every month. Recently I noticed that the bank was consistently taking out a fee for {$47.00} on the credit card even though the card had been closed. I was told that I signed up for this security fee in 2013 when the card was obtained ; however, I have no recollection or knowledge of agreeing to pay {$47.00} a month. When I called about it I was told that I would be issued a check within 30 days for XXXX. That check was never issued to me. Instead my Paypal Smart Connect credit limit was dropped from XXXX to XXXX. A third party company named XXXX XXXX ( Synchrony Bank ) apparently took the money that they owed me and put it on my Smart Connect account, although my account has never been behind. Then I conveniently received a letter stating that my credit limit was dropped again conveniently by XXXX. They gave the reason as being I have a high debt to ratio even though I have not been late with any payments. Also, they do not know what has occurred in my life in the past year, and it is extremely insensitive that banks can bully and treat good customers in this manner. I feel as though the way the bank did this was underhanded and unethical. They took money from me every month to pay fees on a card that no longer existed. They never paid me back the money, but lowered my credit limit and took the money, claiming to have put it on my Smart Connect account which I did not authorize. In addition, my credit report does not show that XXXX came off of my debt. It shows that my credit limit is XXXX. Also, there is no record on my Paypal account that this payment was made. Even though this payment was made, the bank still required me to make another payment on my account of {$70.00} a few days after they received XXXX.",
    "company_public_response": "Company has responded to the consumer and the CFPB and chooses not to provide a public response",
    "company": "SYNCHRONY FINANCIAL",
    "state": "GA",
    "zipcode": "30047",
    "tags": "None",
    "consumer_consent_provided": "Consent provided",
    "submitted_via": "Web",
    "date_sent_to_company": "12/03/18",
    "company_response_to_consumer": "Closed with monetary relief",
    "timely_response": "Yes",
    "consumer_disputed": "N/A",
    "complaint_id": 3090107
}