{
    "date": "2018-12-02T00:00:00",
    "product": "Student loan",
    "sub-product": "Federal student loan servicing",
    "issue": "Struggling to repay your loan",
    "sub-issue": "Problem lowering your monthly payments",
    "text": "I have two student loans that have been on forbearance for nearly twenty years. In the past ten years that the loan has been with Navient, they steered me toward forbearances instead of income-based repayments. I was in various states of unemployment and underemployment up until the past year. I want to pay the loan off, but the interest has ballooned the balance to three times it's original amount. \n\nThe original amounts for the two loans where {$6100.00} and {$16000.00}, which have increased with interest to {$24000.00} and {$35000.00} respectively at 8.25 %. \n\nI'm currently in the process of consolidating the loans in order to avoid default. Navient offered income based repayment somewhere around {$600.00} a month, which I can not afford.",
    "company_public_response": "None",
    "company": "Navient Solutions, LLC.",
    "state": "CA",
    "zipcode": "900XX",
    "tags": "None",
    "consumer_consent_provided": "Consent provided",
    "submitted_via": "Web",
    "date_sent_to_company": "12/02/18",
    "company_response_to_consumer": "Closed with explanation",
    "timely_response": "Yes",
    "consumer_disputed": "N/A",
    "complaint_id": 3089376
}