{
    "date": "2018-12-02T00:00:00",
    "product": "Student loan",
    "sub-product": "Federal student loan servicing",
    "issue": "Dealing with your lender or servicer",
    "sub-issue": "Received bad information about your loan",
    "text": "Been on income contingent plan for years. Recertified my income contingent plans this summer and in XXXX of this year. \n\nNavient did not apply income contingent plan to my federal loans instead it was applied again to my private loan that has small balance. I received notification stating my monthly loan amount will go up to almost 2k and to recertify. I was confused because I already did this but I went to certify through my studentloans account again and was unable to recertify b/c it said i already recertified. \n\nI faxed Navient and email them through my Navient account on XX/XX/25 and i received an automated email notification stating will follow up within 24 to 48 hours and company never did.",
    "company_public_response": "None",
    "company": "Navient Solutions, LLC.",
    "state": "MI",
    "zipcode": "495XX",
    "tags": "None",
    "consumer_consent_provided": "Consent provided",
    "submitted_via": "Web",
    "date_sent_to_company": "12/02/18",
    "company_response_to_consumer": "Closed with explanation",
    "timely_response": "Yes",
    "consumer_disputed": "N/A",
    "complaint_id": 3088747
}