{
    "date": "2018-12-02T00:00:00",
    "product": "Checking or savings account",
    "sub-product": "Checking account",
    "issue": "Managing an account",
    "sub-issue": "Problem using a debit or ATM card",
    "text": "On XXXX XXXX, my checking account was a victim of fraud. It was debited {$1400.00} causing an overdraft to that account. I noticed it on XXXX when Overdraft protection kicked in for {$200.00} and I received an email notice of same. \nI immediately went into my account and noticed that there was an entry from XXXX that said Banking Center withdrawal at XXXX XXXX , XXXX . I live in XXXX XXXX, XXXX and was not in XXXX XXXX at XXXX XXXX withdrawing {$1400.00}. As a matter of fact, there was only {$1200.00} in my account when the {$1400.00} was given by a teller to an unknown individual. The teller gave this person more than was even in my account! \nI called XXXX  XXXX XXXX Fraud division on XX/XX/XXXX at XXXX and reported same.They asked if I had my debit card and I replied yes. I was given the following confirmation id : XXXX. I was told it could take 60 business days for them to investigate. After XXXX days ( which was on Friday, XXXX, I received a notice in my email from the Fraud Department. They stated that they had determined that the claim would not be honored because the Debit card and pin were used as ID during the transaction. This is an outrageous result! Given that this was a teller transaction, did they view the camera footage?? What investigative methods did they use? My assumption is that at one of their banking centers someone must have had a way to copy my debit card and pin. I have been a B of A banking customer for almost 16 years and this is how they treat me? Not only did they fail to protect the security of my debit card but they released more money than was even in my account to a criminal. PLEASE HELP!",
    "company_public_response": "Company has responded to the consumer and the CFPB and chooses not to provide a public response",
    "company": "BANK OF AMERICA, NATIONAL ASSOCIATION",
    "state": "NJ",
    "zipcode": "None",
    "tags": "Older American",
    "consumer_consent_provided": "Consent provided",
    "submitted_via": "Web",
    "date_sent_to_company": "12/02/18",
    "company_response_to_consumer": "Closed with monetary relief",
    "timely_response": "Yes",
    "consumer_disputed": "N/A",
    "complaint_id": 3089301
}