{
    "date": "2018-12-02T00:00:00",
    "product": "Student loan",
    "sub-product": "Federal student loan servicing",
    "issue": "Dealing with your lender or servicer",
    "sub-issue": "Received bad information about your loan",
    "text": "I completed my XXXX in XX/XX/XXXX at New York University, with an outstanding loan of {$97000.00} ( approximately form what I can tell form my navient records ). As of XX/XX/XXXX, I began working for a XXXX XXXX until XX/XX/XXXX. From there I started work for yet another XXXX until today. When the PSLF program was announced, I was hopeful that after XXXX payments my loans would be forgiven. My loan service provider at the time was Sallie Mae ( now Navient ) told me I would be eligible and my previous years of non-profit work would retroactively count towards service as I had been in the Income Based repayment ( IBR ) program before. They informed me that I must submit an \" Employment Certification for PSLF '' form from both XXXX which would help to retroactively count my years of public service and go towards my XXXX payments. Both XXXX complied and submitted forms to Sallie Mae ( hereby referred to as SM ) as of XX/XX/XXXX and XX/XX/XXXX respectively ( I have attached in this complaint ). SM also informed me that I would need to enter into a different consolidation program to have my loans qualify, which as of XX/XX/XXXX I thought they had helped me to enter into. It was not until XX/XX/XXXX that I received information that I was actually NOT in the PSLF program that I then spoke to DoE. I was informed that I never was entered into any program and that nothing counts retroactively. Additionally, I was informed that I had entered into the wrong consolidation program. Essentially, all payments made from XX/XX/XXXX - 'XX/XX/XXXX I was paying on interest and the loan amount continued to grow as I was in the IBR plan. I am ( I think ) now in the PSLF program ( for now ) but only since XX/XX/XXXX and have only started paying down the principal as of XX/XX/XXXX. I filed a complaint with my senator 's office in Rhode Island in XX/XX/XXXX, who conducted an investigation and found that while I may be upset with Navient for providing inaccurate & false info, the fact is, I should have filed with DoE, which I was not informed of by Navient and was told that I was following the appropriate course of action. I have dedicated my career and education to economic development in the developing world and thus have worked only for XXXX XXXX XXXX that do indeed comply with the criteria set forth by the PSLF program, but have been given years of misinformation by my loan providers which have likely cost me thousands in additional payments.",
    "company_public_response": "None",
    "company": "Navient Solutions, LLC.",
    "state": "VA",
    "zipcode": "None",
    "tags": "None",
    "consumer_consent_provided": "Consent provided",
    "submitted_via": "Web",
    "date_sent_to_company": "12/02/18",
    "company_response_to_consumer": "Closed with explanation",
    "timely_response": "Yes",
    "consumer_disputed": "N/A",
    "complaint_id": 3089377
}