{
    "date": "2018-12-02T00:00:00",
    "product": "Credit card or prepaid card",
    "sub-product": "General-purpose credit card or charge card",
    "issue": "Getting a credit card",
    "sub-issue": "Application denied",
    "text": "I filled out an online application for a Wells Fargo credit card on XX/XX/2018 and received a letter dated XX/XX/2018 denying my credit approval on the basis of Not a permanent United States resident. I've been in the United States for approximately 15 years, I have a SSN and have had several credit cards in the past, I even have a current bank account with Wells Fargo. I'm originally from XXXX, but I am a permanent resident of the United States and have gone through the proper channels to obtain my permanent resident card. I believe the reason they denied my application is discriminatory and violates the National Origin category of the ECOA.",
    "company_public_response": "Company has responded to the consumer and the CFPB and chooses not to provide a public response",
    "company": "WELLS FARGO & COMPANY",
    "state": "NV",
    "zipcode": "None",
    "tags": "None",
    "consumer_consent_provided": "Consent provided",
    "submitted_via": "Web",
    "date_sent_to_company": "12/02/18",
    "company_response_to_consumer": "Closed with explanation",
    "timely_response": "Yes",
    "consumer_disputed": "N/A",
    "complaint_id": 3089019
}