{
    "date": "2018-12-02T00:00:00",
    "product": "Credit card or prepaid card",
    "sub-product": "Store credit card",
    "issue": "Other features, terms, or problems",
    "sub-issue": "Other problem",
    "text": "XXXX store credit card. I'm being contacted by XXXX XXXX direct instead of XXXX themselves. They never charged my credit card for my membership so I'm not a member. I applied for a direct XXXX XXXX credit card but was denied. They're threatening to close my card because I don't have a XXXX membership. My minimum keeps changing. As of today I haven't received my bill statement.",
    "company_public_response": "Company has responded to the consumer and the CFPB and chooses not to provide a public response",
    "company": "CITIBANK, N.A.",
    "state": "MI",
    "zipcode": "481XX",
    "tags": "None",
    "consumer_consent_provided": "Consent provided",
    "submitted_via": "Web",
    "date_sent_to_company": "12/02/18",
    "company_response_to_consumer": "Closed with explanation",
    "timely_response": "Yes",
    "consumer_disputed": "N/A",
    "complaint_id": 3089015
}