{
    "date": "2018-12-02T00:00:00",
    "product": "Checking or savings account",
    "sub-product": "Checking account",
    "issue": "Managing an account",
    "sub-issue": "Funds not handled or disbursed as instructed",
    "text": "My payment account for paying a bill was changed without my approval. This has happened twice. Yesterday I got the bank to deactivate the my second account from the bill pay service ( I never activated it and do not have the ability to activate or deactivate the account myself ). But this was just a work around to try to prevent the issue from happening again. Their system is still broken and they are suggesting I am making the change using their website. \n\nToday I noticed a bill was paid twice from their system. From the bill pay system, it only showed 1 time in the history even through it had already cleared the bank. They completed the transaction electronically and not using checks. So it was not because the receiver processed the check twice. The representative acknowledged they are aware of their system sending transactions on the incorrect day, but did not acknowledge the lack of recording transactions. \n\nBoth these situations mean this bank is changing banking transactions as well as not recording them correctly.",
    "company_public_response": "Company believes it acted appropriately as authorized by contract or law",
    "company": "UNITED SERVICES AUTOMOBILE ASSOCIATION",
    "state": "GA",
    "zipcode": "301XX",
    "tags": "Servicemember",
    "consumer_consent_provided": "Consent provided",
    "submitted_via": "Web",
    "date_sent_to_company": "12/02/18",
    "company_response_to_consumer": "Closed with monetary relief",
    "timely_response": "Yes",
    "consumer_disputed": "N/A",
    "complaint_id": 3089173
}