{
    "date": "2018-12-01T00:00:00",
    "product": "Credit card or prepaid card",
    "sub-product": "General-purpose credit card or charge card",
    "issue": "Advertising and marketing, including promotional offers",
    "sub-issue": "Confusing or misleading advertising about the credit card",
    "text": "I signed up for the XXXX XXXX XXXX card ( with XXXX XXXX ) from Chase Bank. I signed up under an offer where I would receive 50,000 bonus miles after spending {$3000.00} in the first 3 months after opening my account. However, when I went to purchase a plane ticket with XXXX, less than an hour after I applied for this credit card, I discovered another offer where I would receive those bonus miles, and also a {$100.00} statement credit after my first purchase. I contacted Chase to see if I can receive that promotion, both through phone and XXXX Messenger, and was told that I could not change my application to receive that offer. It did not seem that I would be able to change or cancel my application without affecting my credit score. It appears that Chase is using this mere technicality as an excuse, and do not care about me as a customer. I have attached a screenshot of the offer I have mentioned here, and would like Chase to honor.",
    "company_public_response": "None",
    "company": "JPMORGAN CHASE & CO.",
    "state": "CO",
    "zipcode": "803XX",
    "tags": "None",
    "consumer_consent_provided": "Consent provided",
    "submitted_via": "Web",
    "date_sent_to_company": "12/01/18",
    "company_response_to_consumer": "Closed with explanation",
    "timely_response": "Yes",
    "consumer_disputed": "N/A",
    "complaint_id": 3088236
}