{
    "date": "2018-12-01T00:00:00",
    "product": "Mortgage",
    "sub-product": "Conventional home mortgage",
    "issue": "Trouble during payment process",
    "sub-issue": "None",
    "text": "I recently refinanced my home through Rocket Mortgage ( Quicken Loans ). I was told my loan was due on the first but I had until the XXXX to pay before my loan will be considered past due. \n\nIt was going fine with auto pay until Rocket Mortgage ( Quicken Loans ) decided to change the date for their billing statement to the XXXX of the month. No advanced notice was given that if I did not change the date of my auto pay that I would be considered past due. \n\nIt was not until I received my last billing statement in the mail that my loan showed that I was past due by one payment. \n\nI consider this a deceptive practice by Rocket Mortgage ( Quicken Loans ). If I now had to show my billing statement to someone in order to obtain a new loan it would show that I'm late by a payment. \n\nI contacted Rocket Mortgage ( Quicken Loans ) and they advised I'm not really late and it just shows that I am on the statements. This makes absolutely no sense. If I'm not really late why are my statements showing that I am. Since I am very concerned about what is on paper along with what my credit report shows this has forced me to move my auto pay date to the beginning of the month. Moving the auto pay to the beginning of the month also forces me to move up my payment by one pay check which impacts my overall budget. \n\nRocket Mortgage ( Quicken Loans ) should be ashamed of themselves for such an underhanded and deceptive practice. They advertise a mortgage experience engineered to amaze and this definitely does not fall into that category. I'm completely disgusted by this billing experience. \n\nI would like my mortgage statement fixed to show that I was never past due since according to them I'm not and it just shows that I am. \n\nIt makes me wonder it they think they move the statement date up that they can have more funds on hand sooner to originate more loans. If this is not the case I would like them to explain why they would do this.",
    "company_public_response": "None",
    "company": "QUICKEN LOANS, INC.",
    "state": "UT",
    "zipcode": "840XX",
    "tags": "None",
    "consumer_consent_provided": "Consent provided",
    "submitted_via": "Web",
    "date_sent_to_company": "12/01/18",
    "company_response_to_consumer": "Closed with explanation",
    "timely_response": "Yes",
    "consumer_disputed": "N/A",
    "complaint_id": 3088835
}