{
    "date": "2018-12-12T00:00:00",
    "product": "Mortgage",
    "sub-product": "Conventional home mortgage",
    "issue": "Struggling to pay mortgage",
    "sub-issue": "None",
    "text": "I was on a disaster forbearance through the end of XX/XX/2018, for the Thomas Fires in XX/XX/2018. The servicer had a scheduled sale date of XX/XX/18, I called & reminded them I was under disaster forbearance protection & they moved the sale date to XX/XX/18. On XX/XX/18 the president declared my area a disaster area once again, for the Woosley Fires. I immediately contacted Seterus &  advised them that I needed to apply for another disaster forbearance for the current fire disaster. I was told that the request was submitted & that the sale date would be postponed. I was following up w seterus on XX/XX/18, when I found out that the sale date was not pushed & there was no record of my disaster forbearance request. I was told that I would need to submit a Mortgage Assistance Application to be reviewed for the disaster forbearance. I was previously told that under in a disaster situation, the request could be submitted over the phone in order to expedite-however, now I needed to submit the application. I did so on the same day. I am worried that there will not be enough time to postpone the sale & review for disaster forbearance.",
    "company_public_response": "Company has responded to the consumer and the CFPB and chooses not to provide a public response",
    "company": "Seterus, Inc.",
    "state": "CA",
    "zipcode": "None",
    "tags": "None",
    "consumer_consent_provided": "Consent provided",
    "submitted_via": "Web",
    "date_sent_to_company": "12/12/18",
    "company_response_to_consumer": "Closed with explanation",
    "timely_response": "Yes",
    "consumer_disputed": "N/A",
    "complaint_id": 3098169
}