{
    "date": "2018-12-01T00:00:00",
    "product": "Mortgage",
    "sub-product": "FHA mortgage",
    "issue": "Trouble during payment process",
    "sub-issue": "None",
    "text": "I purchased my FHA home loan in XXXX. \nI lost my federal government job in XXXX. \nXXXX XXXX XXXX sold the loan in XXXX ; to XXXX XXXX ; due to delinquent payments. \nXXXX, XXXX sold the loan to an XXXX ; due to delinquent payments. \nThe alonge note is not the original ; as I purchased the loan in XXXX. \nThe Lender has converted my FHA loan to a conventional loan. \nThe lender is expeditiously trying to sell the property without honoring a loan modification ; as required by law. \nI was never notified that I no longer had a FHA loan",
    "company_public_response": "Company has responded to the consumer and the CFPB and chooses not to provide a public response",
    "company": "FCI Lender Services Inc.",
    "state": "MD",
    "zipcode": "207XX",
    "tags": "None",
    "consumer_consent_provided": "Consent provided",
    "submitted_via": "Web",
    "date_sent_to_company": "12/01/18",
    "company_response_to_consumer": "Closed with explanation",
    "timely_response": "Yes",
    "consumer_disputed": "N/A",
    "complaint_id": 3088787
}