{
    "date": "2018-12-01T00:00:00",
    "product": "Mortgage",
    "sub-product": "Conventional home mortgage",
    "issue": "Trouble during payment process",
    "sub-issue": "None",
    "text": "I called Ditech about 1 month ago. \n\nI told them that I wanted to drop my Private Mortgage Insurance ( PMI ). \n\nThey wanted me to Write Them A Letter. \n\nThey will not talk to me about this on the Phone. \n\nThey finally gave me an email address that I could send them an email. \n\nI emailed them my information and told them I wanted to drop the PMI. ( you can do this after you have had the loan for 2 years ). I have had the loan for 3 years. \n\nThey denied my cancellation due to the fact that I did not send them a Authorization For Appraisal. \n\nIt has taken 2 weeks for me to be denied be cause I did not send them a Aurthorization For Appraisal. ( I had no idea that I needed a Authorization For Appraisal Form and no idea of where to get one ). \n\nMy complaint is this : We live in the 21st century. Every other department that Ditech XXXX has, you can talk to a representative. \nHowever, to drop your PMI, you have to use Stone Age communication. They do not freely give out an email address to the PMI department. You have to threaten to contact the Insurance commision or the Federal Trade Commission to get an Email Address. They should be made to have a phone number for the PMI department and personnel experience with PMI answering that Phone Number. \n\nI have sent the Authorization For Appraisal Form to them by Fax and mailed a letter to an address in South Dakota that they gave me and I did get an email address from a lady at Ditech, but I am not sure if the email address is actually to the PMI department. \n\nThis is unfair to the consumer : If you want to pay them money, they will gladly give you a hotline to call, but, when they legally have to allow you to drop PMI after 2 years if you owe less than 80 percent of the loan. They will Not talk to you on the phone. They make it very difficult to communicate with them about removing PMI from your Loan.",
    "company_public_response": "Company believes it acted appropriately as authorized by contract or law",
    "company": "Ditech Financial LLC",
    "state": "LA",
    "zipcode": "None",
    "tags": "None",
    "consumer_consent_provided": "Consent provided",
    "submitted_via": "Web",
    "date_sent_to_company": "12/01/18",
    "company_response_to_consumer": "Closed with explanation",
    "timely_response": "Yes",
    "consumer_disputed": "N/A",
    "complaint_id": 3088808
}