{
    "date": "2018-12-01T00:00:00",
    "product": "Student loan",
    "sub-product": "Federal student loan servicing",
    "issue": "Struggling to repay your loan",
    "sub-issue": "Problem lowering your monthly payments",
    "text": "Navient systematically misdirected me into an income-driven repayment option without making it clear that I would not student qualify for Public Service Loan Forgiveness even though I am working in XXXX XXXX.",
    "company_public_response": "None",
    "company": "Navient Solutions, LLC.",
    "state": "MI",
    "zipcode": "490XX",
    "tags": "None",
    "consumer_consent_provided": "Consent provided",
    "submitted_via": "Web",
    "date_sent_to_company": "12/01/18",
    "company_response_to_consumer": "Closed with explanation",
    "timely_response": "Yes",
    "consumer_disputed": "N/A",
    "complaint_id": 3088820
}