{
    "date": "2018-12-01T00:00:00",
    "product": "Mortgage",
    "sub-product": "Conventional home mortgage",
    "issue": "Trouble during payment process",
    "sub-issue": "None",
    "text": "My mortgage was transferred to Caliber Home Loans. I have everything set up for auto-pay, so I had no complaints for years. \n\nI sentan extra principal with my normal payment with a payment stub in XX/XX/2018. The stub indiciated that {$10000.00} was for pricinpal, and {$1300.00} was for the regular monthly payment. The lender applied the entire amount to principal on XX/XX/2018. I received a letter XXXX week saying that I did not send my monthly payment in. \n\nI called the lender the week I received the letter to inquire about the issue. The representative explained that they did not receive a payment stub and that the payment was applied to principal. I do not send checks by themselves in envelopes. I asked the representative to resolve the issue by applying XXXX to principal and XXXX to the regular payment on the original date. The representative put in a request to fix the issue. \n\nI checked the mortgage account on XX/XX/18 and noticed adjustments were made on XX/XX/18 and not backdated ( XX/XX/2018 ). Instead of resolving the issue, they took the same amount ( XXXX + XXXX ) plus the next monthly payment ( XXXX ) and applied it all to principal. So they made the situation worse. My account is now 2 months behind on payments even though they received addiitonal money. I called customer service and the representative has put in a second request to try to resolve the issue. I was told the turnaround is XX/XX/18 and it is possible the information will be reported to the credit agencies before they can resolve it. In addition, they applied a {$15.00} charge to my account on XX/XX/18 for no reason ( which was later reversed, but they did not communicate any information about this mysterious mistake charge ). \n\nI pay my mortgage on time and have never been late. This lender 's mistakes are at risk of damaging my credit.",
    "company_public_response": "None",
    "company": "Caliber Home Loans, Inc.",
    "state": "CA",
    "zipcode": "921XX",
    "tags": "None",
    "consumer_consent_provided": "Consent provided",
    "submitted_via": "Web",
    "date_sent_to_company": "12/10/18",
    "company_response_to_consumer": "Closed with explanation",
    "timely_response": "Yes",
    "consumer_disputed": "N/A",
    "complaint_id": 3088884
}