{
    "date": "2018-12-31T00:00:00",
    "product": "Credit card or prepaid card",
    "sub-product": "General-purpose credit card or charge card",
    "issue": "Problem with a purchase shown on your statement",
    "sub-issue": "Card was charged for something you did not purchase with the card",
    "text": "Someone hacked my account and was able to clone my debit card. My pin number was also compromised. In doing so, the hacker was able to go to an ATM and pull out {$220.00} and {$80.00} on XX/XX/XXXX & XX/XX/XXXX. They also were able to withdrawal {$320.00} & {$80.00} on XX/XX/XXXX & XX/XX/XXXX. I reported it on XXXX I believe. The bank mailed me paperwork to turn in so that I would get my money back. However the banks fraud team denied me my money. I was under the impression that the victim has zero liability if the victim reports the claims immediately. \n\nP.s. \nI bank with US Bank.",
    "company_public_response": "Company has responded to the consumer and the CFPB and chooses not to provide a public response",
    "company": "U.S. BANCORP",
    "state": "CA",
    "zipcode": "958XX",
    "tags": "None",
    "consumer_consent_provided": "Consent provided",
    "submitted_via": "Web",
    "date_sent_to_company": "12/31/18",
    "company_response_to_consumer": "Closed with non-monetary relief",
    "timely_response": "Yes",
    "consumer_disputed": "N/A",
    "complaint_id": 3113667
}