{
    "date": "2018-12-12T00:00:00",
    "product": "Checking or savings account",
    "sub-product": "Savings account",
    "issue": "Closing an account",
    "sub-issue": "Fees charged for closing account",
    "text": "I tried multiple times both on online chat and telephone calls with customer service, they still keep the account open and send me statement of fees. \n\nAccount number is : XXXX",
    "company_public_response": "Company has responded to the consumer and the CFPB and chooses not to provide a public response",
    "company": "CITIBANK, N.A.",
    "state": "CA",
    "zipcode": "950XX",
    "tags": "None",
    "consumer_consent_provided": "Consent provided",
    "submitted_via": "Web",
    "date_sent_to_company": "12/12/18",
    "company_response_to_consumer": "Closed with monetary relief",
    "timely_response": "Yes",
    "consumer_disputed": "N/A",
    "complaint_id": 3098848
}