{
    "date": "2018-12-29T00:00:00",
    "product": "Checking or savings account",
    "sub-product": "Checking account",
    "issue": "Managing an account",
    "sub-issue": "Deposits and withdrawals",
    "text": "Hello, I had a terrible experience with Citi Bank. \n\nI opened a checking and savings account based on a promotion about 6 months ago. The promotion involved depositing {$15000.00} into the accounts, keeping the funds for 60 days, and receiving {$400.00} 90 days after those 60 days. Within the past 6 months, I have been calling Citi several times to make sure that I qualify for the promotion. Every time, Citi has confirmed that I qualify. I called in XX/XX/XXXX to make sure I completed the needed activities ; I called in XX/XX/XXXX to make sure I will receive the bonus in XX/XX/XXXX ; and, after not receiving the bonus in XX/XX/XXXX, I called XX/XX/XXXX - during all of the calls, the Citi representative on the line confirmed that I qualify for the bonus. However, during the last call, on which I spent over 50 minutes on the phone, Citi refused to transfer the bonus and informed that I do not qualify for the bonus as the {$15000.00} was not transferred in time. Citi also told me they emailed me on XX/XX/XXXX to explain that lack of qualification, but I do not have any emails from Citi from that date. \n\nI was lied to by Citi for the past 7 months, as a result keeping my money with them instead of investing it elsewhere. If I had invested in a high yield savings account, I would have accrued at least {$150.00} off that money. I also could have invested in other checking accounts with similar promotions, which would have resulted in more than {$150.00} returns. Instead, I am left with wasted time, frustration, and lost financial opportunity. I have spent over 3 hours collectively on the phone with Citi trying to resolve this. Citi representatives have been less than concerned with the problem and the potential loss of a customer. \n\nThis kind of behavior and low ethical standard are not acceptable for a leading financial institution. \n\nThank you.",
    "company_public_response": "Company has responded to the consumer and the CFPB and chooses not to provide a public response",
    "company": "CITIBANK, N.A.",
    "state": "CA",
    "zipcode": "900XX",
    "tags": "None",
    "consumer_consent_provided": "Consent provided",
    "submitted_via": "Web",
    "date_sent_to_company": "12/29/18",
    "company_response_to_consumer": "Closed with monetary relief",
    "timely_response": "Yes",
    "consumer_disputed": "N/A",
    "complaint_id": 3112604
}