{
    "date": "2018-12-29T00:00:00",
    "product": "Mortgage",
    "sub-product": "FHA mortgage",
    "issue": "Struggling to pay mortgage",
    "sub-issue": "None",
    "text": "This is an amendment to compliant # XXXX. Additional information attached and documents I've provided to Wells Fargo as they requested.",
    "company_public_response": "Company has responded to the consumer and the CFPB and chooses not to provide a public response",
    "company": "WELLS FARGO & COMPANY",
    "state": "MD",
    "zipcode": "206XX",
    "tags": "None",
    "consumer_consent_provided": "Consent provided",
    "submitted_via": "Web",
    "date_sent_to_company": "12/29/18",
    "company_response_to_consumer": "Closed with explanation",
    "timely_response": "Yes",
    "consumer_disputed": "N/A",
    "complaint_id": 3112353
}