{
    "date": "2018-12-29T00:00:00",
    "product": "Credit card or prepaid card",
    "sub-product": "General-purpose credit card or charge card",
    "issue": "Getting a credit card",
    "sub-issue": "Card opened as result of identity theft or fraud",
    "text": "XXXX/CBNA Account Type : Charge Account Account Verfied : XX/XX/XXXX Date opened : XX/XX/XXXX High Balance {$1700.00} Debe was result of identity theft!! \n\nContact with banks has not been resolved",
    "company_public_response": "Company has responded to the consumer and the CFPB and chooses not to provide a public response",
    "company": "CITIBANK, N.A.",
    "state": "CA",
    "zipcode": "917XX",
    "tags": "Servicemember",
    "consumer_consent_provided": "Consent provided",
    "submitted_via": "Web",
    "date_sent_to_company": "12/29/18",
    "company_response_to_consumer": "Closed with explanation",
    "timely_response": "Yes",
    "consumer_disputed": "N/A",
    "complaint_id": 3112706
}