{
    "date": "2018-12-28T00:00:00",
    "product": "Mortgage",
    "sub-product": "Conventional home mortgage",
    "issue": "Struggling to pay mortgage",
    "sub-issue": "None",
    "text": "In XX/XX/2018, I became unemployed. I immediately began looking for a new job, but by XX/XX/XXXX I realized it would take longer than I hoped. I filed for a forbearance program with my mortgage lender in XX/XX/XXXX, and was approved for XX/XX/XXXX and XX/XX/XXXX - although no one is sure why it wasn't 90 days instead of 60. Immediately there began to be problems, as one arm of the company was calling me and sending letters even in XX/XX/XXXX, saying that I was behind in my payments.\n\nIn XX/XX/XXXX, I spoke with the loan point person who said it was time to reapply for the forbearance, since the 60 days was nearing its end and I was still looking for work. I submitted my paperwork, and it was received by XX/XX/XXXX. However, no one at SunTrust actually looked at the paperwork, as I was told later that since the program was not \" officially over '' meaning the program ended at the end of XX/XX/XXXX, I was supposed to have submitted my paperwork on XX/XX/XXXX. So the XX/XX/XXXX application was never looked at, even though they received it.\n\nBy the XX/XX/XXXX I was again receiving calls now saying that I was overdue for XX/XX/XXXX and XX/XX/XXXX and XX/XX/XXXX, and this was also reported to my credit. I resubmitted the packet and it was approved again, and I have had a forbearance that ran through XX/XX/XXXX. \n\nBy then I had found a new job, but it was in XXXX, Arizona, so I was looking to sell the house and move my family. But SunTrust had not only reported the month of XX/XX/XXXX as late, and then as a 60 and 90 day late, ( which they did finally admit was their mistake ) but now has reported the entire XX/XX/XXXX-XX/XX/XXXX as delinquent. I was working on a new 90-day trial loan modification, and am more than happy to fold those payments into a new loan, but I would rather sell the house, and move my family to where my new job is. But this whole thing has so decimated my credit score, that SunTrust is holding me captive, since I can not qualify for a new loan. \n\nAnd anytime you try and talk to them, they point to a different department and say \" You need to call them. '' And every time you try you speak to someone else who has different information.",
    "company_public_response": "Company has responded to the consumer and the CFPB and chooses not to provide a public response",
    "company": "SUNTRUST BANKS, INC.",
    "state": "OR",
    "zipcode": "970XX",
    "tags": "None",
    "consumer_consent_provided": "Consent provided",
    "submitted_via": "Web",
    "date_sent_to_company": "12/28/18",
    "company_response_to_consumer": "Closed with non-monetary relief",
    "timely_response": "Yes",
    "consumer_disputed": "N/A",
    "complaint_id": 3112000
}