{
    "date": "2018-12-11T00:00:00",
    "product": "Mortgage",
    "sub-product": "Conventional home mortgage",
    "issue": "Trouble during payment process",
    "sub-issue": "None",
    "text": "XXXX XXXX AND XXXX XXXX I AM HAVING PROBLEMS WITH MY MORTGAGE COMPANY. I MAIL MY PAYMENT EACH MONTH AROUND THE XXXX OF THE MONTH. THE COMPANY ALSO HOLDS MY PAYMENT LESS TWICE A MONTH OUT OF A YEAR TO KEEP ME FROM DOING A REFINANCE. ALSO, I HAVE BEEN IN THIS MORGAGE FOR OVER 14 YEARS AND NOTHING IS GOING TOWARD PRINCIPAL. I WAS NOT AWARE THAT THE LOAN MODIFICATION HAS BEEN DONE 4 TIMES. I DID DO A MOD. ONCE, WHEN I HAD TO TAKE XXXX   BUT NOT 4 TIMES. I HAVE BEEN IN THIS NOTE FOR OVER 14 YEARS AND SOMETHING SHOULD BE GOING TOWARD PRINCIPAL. I SHOULD BE HALF WAY THROUGH. BUT THEY SAYING I WANT BE THROUGH UNTIL XXXX. THAT IS NOT RIGHT. I HAVE CALLED MY MORTGAGE COMPANY SERVERAL TIMES COMPLAIN ABOUT THIS PROBLEM, NOTHING IS DONE. I NEED HELP WITH THIS PROBLEM. PLEASE ADVISE ON HOW TO RESOLVE THE PROBLEM.",
    "company_public_response": "None",
    "company": "OCWEN LOAN SERVICING LLC",
    "state": "TN",
    "zipcode": "None",
    "tags": "None",
    "consumer_consent_provided": "Consent provided",
    "submitted_via": "Web",
    "date_sent_to_company": "12/11/18",
    "company_response_to_consumer": "Closed with explanation",
    "timely_response": "Yes",
    "consumer_disputed": "N/A",
    "complaint_id": 3097197
}