{
    "date": "2018-12-11T00:00:00",
    "product": "Credit card or prepaid card",
    "sub-product": "General-purpose credit card or charge card",
    "issue": "Other features, terms, or problems",
    "sub-issue": "Problem with balance transfer",
    "text": "I initiated a balance transfer on XXXX XXXX XXXX transferring {$440.00} from my Capital One credit card to XXXX credit card. Only XXXX XXXX XXXX the balance transfer was completed by XXXX and the {$440.00} was added to that account. Today XXXX XXXX XXXX I still see the balance on my Capital One statement as well, I called customer service and they claim they don't see any transfer to XXXX. As of right now the {$46.00} balance is on two credit cards and needs to be corrected including the refund of any fees or interest. The transfer appears on XXXX 's end, the problem appears to be with Capital One",
    "company_public_response": "None",
    "company": "CAPITAL ONE FINANCIAL CORPORATION",
    "state": "PA",
    "zipcode": "171XX",
    "tags": "Older American",
    "consumer_consent_provided": "Consent provided",
    "submitted_via": "Web",
    "date_sent_to_company": "12/11/18",
    "company_response_to_consumer": "Closed with explanation",
    "timely_response": "Yes",
    "consumer_disputed": "N/A",
    "complaint_id": 3097303
}