{
    "date": "2018-12-11T00:00:00",
    "product": "Credit card or prepaid card",
    "sub-product": "General-purpose credit card or charge card",
    "issue": "Other features, terms, or problems",
    "sub-issue": "Problem with rewards from credit card",
    "text": "I applied for a Barclays Arrival Plus card earlier this year. I was not immediately approved. In fact, it took SO LONG for Barclays to approve me, that I was back from the vacation in which I'd planned to use the card before I even received it ( 10 day vacation -- not a weekend trip ). When I was approved for the card, the value of the welcome bonus was XXXX points more than it was when I applied. \n\nAgain, when I was actually approved, the welcome bonus was higher. \n\nI contacted Barclays and asked, as a ( very ) basic courtesy, if they could match the new bonus given how long it took them to actually approve me. \n\nCustomer service provided zero actual service ( zero service at all on the part of one manager, 'XXXX ' ). All I'm asking is for them to honor the bonus that was available when I was FINALLY approved -- and the reason approval took so long was entirely on their end, not mine. If they'd approved me immediately this wouldn't even be a question.",
    "company_public_response": "Company has responded to the consumer and the CFPB and chooses not to provide a public response",
    "company": "BARCLAYS BANK DELAWARE",
    "state": "CO",
    "zipcode": "805XX",
    "tags": "None",
    "consumer_consent_provided": "Consent provided",
    "submitted_via": "Web",
    "date_sent_to_company": "12/11/18",
    "company_response_to_consumer": "Closed with explanation",
    "timely_response": "Yes",
    "consumer_disputed": "N/A",
    "complaint_id": 3097320
}