{
    "date": "2018-12-11T00:00:00",
    "product": "Mortgage",
    "sub-product": "Conventional home mortgage",
    "issue": "Struggling to pay mortgage",
    "sub-issue": "None",
    "text": "SINCE XXXX I HAVE BEEN IN AN UPSIDE DOWN LOAN WITH AGGRESSIVENESS AND THREATS. \nI BEEN TRANSFERRED FROM XXXX XXXX. XXXX WHICH I HAD ON WHICH I HAD ONE PAYMENT LEFT OF {$640.00} IN XXXX OF XXXX. WITH XXXX. I ENTER INTO A LOAN OF {$67000.00} XXXX  PAID THE LAST PAYMT TO XXXX OUT OF THE {$67000.00} I BORROWED. IN XXXX XXXX XXXX  SENT ME PAPERS SAYING I OWED THEM {$240000.00}. I IMPLIED WITH THEM AS TO HOW THIS FIGURE CAME UP. MY ORIGINAL HOME BURNED TO THE GROUND ON THE NIGHT OF XX/XX/XXXX LASTING PAST 12 MIGHT FOR THE FIRE DEPT TO EXTHINGISH SO THE FIRE REPORT READ XX/XX/XXXX. MY FIRE INS CO. ( XXXX XXXX XXXX XXXX XXXX ) PAID ME ABOVE {$600000.00} TO REBUILD AND REPLACE A HOME ON MY PROPERTY LOCATED AT XXXX XXXX XXXX ( PREVIOUSLY XXXX XXXX XXXX ) I QUESTIONED XXXX AS TO HOW THEY ARRIVED AT THE {$240000.00} SUM. I DID NOT BORROW THAT AMOUNT OF MONEY. I USED THE MONEY FROM XXXX XXXX XXXX XXXX XXXX TO REBUILD AND REFURNISH THE NEW HOME. WHICH APPRAISED AT {$310000.00} SINCE I HAVE XXXX XXXX, XXXX XXXX. MY PAYMENTS JUMPED FROM {$780.00} TO {$1800.00} PER MONTH. THE HOUSE PASSED INTO THE HANDS OF XXXX XXXX AT {$1400.00}. THE LOAN THEN WENT INTO THE HANDS OF PRESENT FAY SERVICING LLC XXXX, XXXX, TX XXXX. I ASKED THEM FOR A MODIFICATION AND IT WENT TO {$1100.00}. THE I ASKED FOR A SECOND MODIFICATION UNDER XXXX XXXX XXXX XXXX XXXX XXXX XXXX, XXXX XXXX XXXX XXXX, CA XXXX. FAY SERVICING LLC DID NOT DO A MOD, BUT INSTEAD DID REPAYMENT PLAN TO PAY {$2500.00} /NOW {$1600.00}",
    "company_public_response": "None",
    "company": "Fay Servicing, LLC",
    "state": "FL",
    "zipcode": "338XX",
    "tags": "Older American, Servicemember",
    "consumer_consent_provided": "Consent provided",
    "submitted_via": "Web",
    "date_sent_to_company": "12/11/18",
    "company_response_to_consumer": "Closed with explanation",
    "timely_response": "Yes",
    "consumer_disputed": "N/A",
    "complaint_id": 3097447
}