{
    "date": "2018-12-11T00:00:00",
    "product": "Checking or savings account",
    "sub-product": "Checking account",
    "issue": "Incorrect information on your report",
    "sub-issue": "Account status incorrect",
    "text": "I spoke to Bank of America Regulatory Representative XXXX on XX/XX/2018 at XXXX XXXX. At that time I was advised that Bank of America would be removing the reported trade lines from the XXXX XXXX XXXX  and XXXX  XXXX I clearly asked how long this process would take and was informed that it would be removed within 48 hours but to wait at least a week. I was also informed that I would be receiving a letter to that effect as well. Pursuant to XXXX confirmation I attempted to open on an account on XX/XX/2018 with a local branch and was allowed a second chance checking account. However, the following day I was contacted by the bank and advised that my account would be closed by XX/XX/2018 due to information that was reported on the XXXX XXXX XXXX. When I asked this banking institution why my account was being closed when it was initially approved, I was told that they perform an additional search beyond 30 days for information reported to the XXXX XXXX XXXX. \nSo once again I have received incorrect information and now I have a direct deposit tied up with this banking institution because of this reporting. I simply want this information REMOVED from the XXXX XXXX XXXX as was agreed. I know I am only a small customer but Bank of Americas customer service is ridiculous and needs to be addressed by someone. I dont want to seek legal remedies but this maybe the only route as to let Bank of America stop taking advantage of people. \nPLEASE REMOVE ALL NEGATIVE INFORMATION FROM THE XXXX XXXX XXXX  AND XXXX AS YOU AGREED TO DO!!!",
    "company_public_response": "Company has responded to the consumer and the CFPB and chooses not to provide a public response",
    "company": "BANK OF AMERICA, NATIONAL ASSOCIATION",
    "state": "TX",
    "zipcode": "761XX",
    "tags": "None",
    "consumer_consent_provided": "Consent provided",
    "submitted_via": "Web",
    "date_sent_to_company": "12/11/18",
    "company_response_to_consumer": "Closed with non-monetary relief",
    "timely_response": "Yes",
    "consumer_disputed": "N/A",
    "complaint_id": 3097152
}