{
    "date": "2018-12-11T00:00:00",
    "product": "Mortgage",
    "sub-product": "FHA mortgage",
    "issue": "Struggling to pay mortgage",
    "sub-issue": "None",
    "text": "I applied for loss mitigation on or around XX/XX/2018. I had to have XXXX XXXX in XX/XX/2018. Loancare continued to tell me I had missing loss mitigation documents which wasn't true. I sent in via email the documents over and over again. Finally at the end of XXXX i received a payment plan to pay off past due and current. I contacted Loancare via phone and email numerous times to explain that my doctor wanted my XXXX to extend to XX/XX/2018 and if my payment could be modified. I never received a call back nor did I receive an email. Comes XXXX finally someone at loancare via phone says they would send me a request for an extension form. Still nothing! On XX/XX/2018 I receive a letter via mail stating my home is in pre foreclosure. Today XX/XX/2018 I sent in another loss mitigation this time along with a letter explaining all the above. I sent a certified letter as I was advised to do by a lawyer. The main thing is ... The lack of communication with customer service not responding correctly can now cost me to loose my house? So not fair!",
    "company_public_response": "Company has responded to the consumer and the CFPB and chooses not to provide a public response",
    "company": "LoanCare, LLC",
    "state": "CA",
    "zipcode": "925XX",
    "tags": "None",
    "consumer_consent_provided": "Consent provided",
    "submitted_via": "Web",
    "date_sent_to_company": "12/12/18",
    "company_response_to_consumer": "Closed with explanation",
    "timely_response": "Yes",
    "consumer_disputed": "N/A",
    "complaint_id": 3097006
}