{
    "listing_id": 11939561,
    "review_id": 355369890,
    "date": "2018-12-03T00:00:00",
    "reviewer_id": 4637292,
    "reviewer_name": "Meg And Jake",
    "text": "Tiffany's place is a great find -- perfectly situated in the Mission District! It's private, quiet, clean, with all the basics needed for enjoying the neighborhood & eating out (Wise Sons, Limon & a taqueria or two). The photos made us think it was a tad more spacious than we found, but it was everything we needed. Communication excellent, check-in & check-out very easy!"
}