{
    "listing_id": 20156650,
    "review_id": 355346041,
    "date": "2018-12-03T00:00:00",
    "reviewer_id": 48915397,
    "reviewer_name": "Xinyi",
    "text": "Overall was a good stay. Everything's provided, parking is a little bit tricky but it's doable in the neighborhood. The only thing that makes me uncomfortable was that Kenny didn't give us any heads-up on the checkout time, and wasn't very polite when asking us to leave as we were about to go. So if you are looking for a hotel room without room services at a lower price, it's yours. But if you are more into a welcoming home, I wouldn't recommend this:)"
}