{
    "listing_id": 20852099,
    "review_id": 355345857,
    "date": "2018-12-03T00:00:00",
    "reviewer_id": 43527692,
    "reviewer_name": "Laina",
    "text": "Jean\u2019s space is lovely! The neighborhood is quiet and close to the airport. We were able to relax after our long days in the busier downtown areas of SF. \n\nThe space is well-kept and very clean. Check-in feels secure. Jean was there right away when we had trouble figuring out the lock. She provided great communication during our stay!\n\nThere isn\u2019t a ton of extra bedding or linens provided, so I would bring a blanket if you get chilly like I do! Pullout couch works in a pinch but the bed is much more comfortable. :)"
}