{
    "listing_id": 21880287,
    "review_id": 355354950,
    "date": "2018-12-03T00:00:00",
    "reviewer_id": 8035285,
    "reviewer_name": "Libby",
    "text": "Michael is an Airbnb host professional.  He was extremely prompt in all our correspondence and very accommodating of our departure and arrival times.  In person, he was courteous and friendly.  His home is gorgeous and felt comfortable and safe.  I thought it was a great touch that the bedrooms had deadbolts to which we had a key, so we could lock our belongings in while out and about.  The bathrooms also had deadbolts with occupied/vacant switches - which was a very appreciated touch.  The location was bomb too.  We set out walking every day and really enjoyed seeing the neighborhood.\n\nOverall 10/10 - whenever we return to SF next we'll be sure to see if his place is available."
}