{
    "listing_id": 27056649,
    "review_id": 355359340,
    "date": "2018-12-03T00:00:00",
    "reviewer_id": 96285005,
    "reviewer_name": "Hengrui",
    "text": "James place is very well organized and of great location; I would strongly recommend if you are traveler like myself for a short stay visiting downtown san francisco. There are buses that lead to golden gate park, metros going directly to civic center, all just few steps from home. The place is quiet, spacious, clean; James is very kind and I enjoyed the conversations."
}