{
    "listing_id": 30062179,
    "review_id": 355346789,
    "date": "2018-12-03T00:00:00",
    "reviewer_id": 42054664,
    "reviewer_name": "Ravi",
    "text": "Gregory\u2019s place is great! Perfectly located in the mission within a couple blocks of Dolores park and a number of great restaurants and bars as well as BART it was really easy to explore the city. The room was really comfortable, and Gregory provided lots of snacks to keep me going throughout the weekend. As a host, Gregory was awesome, providing breakfast in morning and overall just making me feel welcome. Sampson and Tiny Man are also an added bonus if you are a fellow animal lover. Highly recommend staying here!"
}