{
    "listing_id": 980783,
    "review_id": 355056803,
    "date": "2018-12-02T00:00:00",
    "reviewer_id": 4947415,
    "reviewer_name": "Anita",
    "text": "Loved our stay from beginning to end! Katie and Eric were welcoming hosts,  it was a super-easy check-in, and the apartment was well-equipped and lovely. The hosts had thought of everything, and there were thoughtful touches like coffee, cake and beer on arrival (generously refreshed by Eric part-way through our stay!) Having approachable hosts with great local tips really enhanced our stay.  It's impossible to fault the apartment, which had everything we needed in the kitchen, great wi-fi and a really nice bathroom. It's also in a great location for anyone wanting a neighbourhood with its own vibe, slightly removed from the hubbub of downtown and with much easier parking! Thoroughly recommend this place,  and I'll be suggesting it to friends and family on their trips to SF."
}