{
    "listing_id": 4782281,
    "review_id": 355063222,
    "date": "2018-12-02T00:00:00",
    "reviewer_id": 209615578,
    "reviewer_name": "Alexandra",
    "text": "For what my friends and I needed this was perfect. It is true however that the upstairs neighbors are incredibly loud from 7 am - 10 am with crying kids and lots of stomping but it got us up and out early. I would recommend this for weekend travelers who need a place to leave their things and enjoy all that SF has to offer, especially the neighboring Dolores Park and Mission downtown area."
}