{
    "listing_id": 6344500,
    "review_id": 355065178,
    "date": "2018-12-02T00:00:00",
    "reviewer_id": 38359644,
    "reviewer_name": "George",
    "text": "Gautam is a great host. \n\nLocation is excellent. Unit is super clean. Very easy to enter and exit. As it does not appear to have anyone living it full time, there are no knicknacks or personal belongings to clutter it up. It was a lot like a hotel room which was great. \n\nBe prepared for a tiny bathroom and shower. This is par for the course for this sort of SF apartment!"
}