{
    "listing_id": 14179987,
    "review_id": 355052117,
    "date": "2018-12-02T00:00:00",
    "reviewer_id": 82312757,
    "reviewer_name": "Kristin",
    "text": "This was the perfect place to stay for a long weekend getaway! The motel itself was cute and clean. The staff was very friendly and easy to communicate with. It\u2019s also located in a great area. The motel is walking distance from the Golden Gate Bridge, the Presidio, and even Fisherman\u2019s Wharf (although that was a bit further). There were plenty of food options nearby and I felt safe in the neighborhood. I would definitely consider staying here again next time I visit San Francisco."
}