{
    "listing_id": 1421774,
    "review_id": 355579454,
    "date": "2018-12-04T00:00:00",
    "reviewer_id": 219485106,
    "reviewer_name": "Sav",
    "text": "Staying at this place was a highlight of mike & my partner\u2019s trip through northern california. Vanick was so kind and welcoming and although we didn\u2019t come in much contact, I felt as though if we needed anything, Vanick would be able to help us out no questions asked. The place was so adorable and the perfect match for us! The location was amazing and being able to park for free was a dream. I would recommend this place highly, especially to traveling LGBTQ+ f (Hidden by Airbnb) who want a safe and secluded yet centrally located place to stay!"
}