{
    "listing_id": 16797018,
    "review_id": 354973721,
    "date": "2018-12-02T00:00:00",
    "reviewer_id": 41487266,
    "reviewer_name": "Josie",
    "text": "The place is truly sparkling clean and very well organized (Even cleaner than I expect). There are some construction going on, which I think once the construction finished, the experience will even be better!  I met both Sarah & Pankaj, they are both sweet and nice. The view from the living room window is just as shown from the airbnb pictures. I like the touch on recommendations of where to eat and do, overall a good airbnb for me to book again!"
}