{
    "listing_id": 17849606,
    "review_id": 355062459,
    "date": "2018-12-02T00:00:00",
    "reviewer_id": 11264510,
    "reviewer_name": "Alex",
    "text": "We had an amazing weekend stay here! I would highly recommend for 2 single people or one couple and an additional person looking for an affordable place to stay in San Francisco. Easy access to public transit or Uber/Lyft. The snacks and coffee/tea were a nice bonus. They were even so graciously accommodating to refund us for our first night when our flight to SF was cancelled at the last minute."
}