{
    "listing_id": 20286823,
    "review_id": 354998133,
    "date": "2018-12-02T00:00:00",
    "reviewer_id": 17077575,
    "reviewer_name": "Claire",
    "text": "Michael's place was amazing! My boyfriend and I have stayed in many Airbnb's and we both  agreed that this was the best Airbnb we had ever stayed in! All amenities were taken care of and the place was spotless. Often in Airbnb's I feel awkward in common spaces and like I have to tip toe around, at Michael's place I felt welcome and he was there to help in any way possible!! The house is beautiful and the bathrooms were amazing and the room was amazingly spacious. The area was also so great!! I wish I could give more stars but there is definitely a reason why he is a super host!!"
}