{
    "listing_id": 20999237,
    "review_id": 355026087,
    "date": "2018-12-02T00:00:00",
    "reviewer_id": 6575703,
    "reviewer_name": "Matilda",
    "text": "We had a wonderful time being hosted by Ray and Peter (and Bella!)  in their comfortable, tasteful home. It was a great base for exploring the Mission District, and it was also close to many buses which got us downtown pretty quickly. Ray and Peter gave us lots of suggestions and were always interested to hear about our day\u2019s activities - we felt so welcome. I would recommend this space to anyone travelling to San Francisco!"
}