{
    "listing_id": 22193996,
    "review_id": 355073151,
    "date": "2018-12-02T00:00:00",
    "reviewer_id": 160668700,
    "reviewer_name": "Maureen",
    "text": "The place was really clean and spacious with some cool lighting. The amenities offered were a huge help. The locate was great and parking was no problem at all. We were a quick drive to the main city for touristy activities. We also found some smaller restaurants close by that were great and reasonably priced. The view from the locate was beautiful, especially at night. We really appreciated the censored night light that came on."
}