{
    "listing_id": 23209264,
    "review_id": 355027529,
    "date": "2018-12-02T00:00:00",
    "reviewer_id": 5982861,
    "reviewer_name": "Karyn",
    "text": "Great views, clean apartment, comfortable bed, plenty of space, and Linda had coffee supplies waiting for us, which set us off on the right foot each day! Not the most awesome neighborhood but we didn\u2019t have any issues and easily grabbed an Uber or the Muni into the city. A little bit loud at night, but to be expected in a city. Thanks for a comfortable stay at your cozy place!"
}