{
    "listing_id": 23844631,
    "review_id": 354992342,
    "date": "2018-12-02T00:00:00",
    "reviewer_id": 22338295,
    "reviewer_name": "Tiffany",
    "text": "We found everything to be just as represented on the home listing. Extra nice surprises were the responsiveness and Hospitality of our hosts.  We took an early Sunday morning walk down to the beac, had a lovely coffee nearby and then watched two kangaroos hugging on our way back past the zoo.\n\nSan Francisco at its very finest - thank you for a great trip!"
}