{
    "listing_id": 24376665,
    "review_id": 355073544,
    "date": "2018-12-02T00:00:00",
    "reviewer_id": 70208065,
    "reviewer_name": "Adam",
    "text": "A friend and I stayed here for the weekend and knew it would be a base for us, and for that it\u2019s perfect! Great communication, neighbourhood is an absolute gem with loads of restaurants and coffee shops. The room and bathroom were clean and functional, nothing luxury but that\u2019s not what we needed. Great base for the avid explorer and a perfect neighbourhood. Thanks!"
}