{
    "listing_id": 24680396,
    "review_id": 355037849,
    "date": "2018-12-02T00:00:00",
    "reviewer_id": 91852989,
    "reviewer_name": "Ethan",
    "text": "Andrew's place is great!  It's in a cozy neighborhood that is within walking distance of public transportation (goes right to Haight for vintage/thrifting enthusiasts) and the Golden Gate Park!  Everything is was extremely clean with clear instructions and labels for all that you might need or use.   He even allowed us to store our stuff since our flights did not line up with the normal check in/out times.  \n\nAndrew was quick to respond to all questions we had and even said bye to us on our way out! Great host and a great space.  Will definitely come back for future SF trips."
}