{
    "listing_id": 25815864,
    "review_id": 355063491,
    "date": "2018-12-02T00:00:00",
    "reviewer_id": 5464034,
    "reviewer_name": "Taylor",
    "text": "We live in the south bay and were coming up to SF for the night to celebrate a birthday. James was super responsive, the house and room were exactly as pictured, and we had a great stay! The bed is nice and cozy and the bathroom is stunning. We also appreciated the keypad for easy access to the house. Will definitely keep James' place in mind for future stays in the city."
}