{
    "listing_id": 26339979,
    "review_id": 355008569,
    "date": "2018-12-02T00:00:00",
    "reviewer_id": 158639083,
    "reviewer_name": "Lenworth (Malakiy)",
    "text": "Emmie has made this experience a purely AMAZING one. Even more so for my fianc\u00e9. This trip was a birthday trip for her first time to San Francisco. Everything I brought to Emmie's attention from having balloons and certain details there when walking in to recommendations, etc. to help make this a memorable experience she made happen with flying colors. I CAN NOT EXPRESS ENOUGH my gratitude in her making this experience one of the best that my fianc\u00e9 has had in a long time. I'd recommend a stay here to anyone reading this. Thanks a milli."
}