{
    "listing_id": 27627816,
    "review_id": 354994452,
    "date": "2018-12-02T00:00:00",
    "reviewer_id": 55947180,
    "reviewer_name": "Myria",
    "text": "Great stay! Steve was amazing and helpful prior to check check in and during our stay. Place was super clean and decent in size. The unit has a full size kitchen with everything we needed, nice size bedroom and bath. The living was amazing too with big tv and apple tv. The location is great if you have a car o use Uber/ Lyft. Great places around to eat late at night. I enjoyed my stay here and will most probably come back."
}