{
    "listing_id": 27735398,
    "review_id": 355060395,
    "date": "2018-12-02T00:00:00",
    "reviewer_id": 34290542,
    "reviewer_name": "Crystal",
    "text": "Location of the Airbnb is great since it\u2019s on the quieter side of SF. It is about a 15-30 min drive from the main tourist attractions like the Golden Gate Bridge, but only 5 min away from Golden Gate Park. Parking is a bit limited but the farthest spot to be found is probably about the next street over or so. The private room and private bathroom is so convenient, private, and very clean. The walls between the two rooms are a bit thin but it\u2019s bearable."
}