{
    "listing_id": 28166487,
    "review_id": 355062930,
    "date": "2018-12-02T00:00:00",
    "reviewer_id": 142999044,
    "reviewer_name": "Desiree",
    "text": "From first communication to my departure, Ting made my first Airbnb experience seamless. I was impressed with not only the location and beauty of her home, but of her amazing hospitality and how accessible she was for any and all questions. I can't speak highly of her enough. If I ever return to San Fran, I would hope to stay at Ting's place once more. Thank you for making my 30th birthday extra special for my girlfriends and I!"
}