{
    "listing_id": 28178460,
    "review_id": 354974480,
    "date": "2018-12-02T00:00:00",
    "reviewer_id": 96605425,
    "reviewer_name": "Ryan",
    "text": "This home is stunning and is perfect for anyone visiting San Francisco.  The hosts were very welcoming and gave a great tour of the house.  The location is ideal and convenient for many popular destinations.  The unobstructed view of the Golden Gate Bridge, Alcatraz, Angel Island, and the Marin coastline is one of the best anywhere in San Francisco."
}