{
    "listing_id": 28674015,
    "review_id": 355048104,
    "date": "2018-12-02T00:00:00",
    "reviewer_id": 95362765,
    "reviewer_name": "Linda",
    "text": "It was a nice experience staying at Joey's home.  She was very friendly and helpful and we appreciated all the little extras (everything from toiletries to coffee, tea, oatmeal, cookies and a mini-fridge stocked with bottled water, protein shakes, etc).  The room was clean and nicely decorated but has a window that opens into the hall, not outside.  If this isn't a concern, we would highly recommend staying here!"
}