{
    "listing_id": 30135038,
    "review_id": 355064906,
    "date": "2018-12-02T00:00:00",
    "reviewer_id": 110255039,
    "reviewer_name": "Jorge",
    "text": "We loved and enjoyed staying here. It was a cute small place but very homey and comfortable.  This was the first time we booked a whole place since it was 4 of us. From cooking pans, to an iron and all we needed was provided. It looked just as described and could tell it was brand new. It was so clean and very organized. The location of it was also very nice as there was fast food locations at walking distance and some other little stores. We stayed as we were headed to the ATT park for an event and it was about a 12 minute inexpensive Uber ride. That was great.  Parking was easy and available right in front of the home. We appreciated the Netflix available when we had some relaxed time. Definitely recommend this place and we sure are to book again here when we return to San Francisco again."
}