{
    "listing_id": 7222704,
    "review_id": 355568854,
    "date": "2018-12-04T00:00:00",
    "reviewer_id": 15238016,
    "reviewer_name": "Karla",
    "text": "Wow! This place is incredible. If you can, stay here while visiting SF! My husband and I stayed at this location for 4 nights while on our honeymoon and we are pleased!\n\nThe space is decorated with cute French signage, fairy lights and Persian rugs. The bedroom was cozy, the kitchen tiny but amazingly functional, the bathroom clean as a whistle, and the living room inviting. A tiny private patio is just off the bedroom, and there is a cute backyard space as well.\n\nThis basement apartment has it\u2019s own private entrance (an adorable little yellow door), so it was easy to come and go without disturbing our host. In the hallway before the apartment, there are benches and a big basket of clean socks- be sure to take off your shoes before going inside.\n\n_____\n\nSome of my favorite things about this place:\n\n*There is a heated pad on the bed, and they turn it on before your arrival. This was absolute heaven every night, but especially so after a brisk day of riding bicycles across the Golden Gate Bridge!\n\n*There is a bodega across the street with a fantastic selection of imported feeds and beverages, as well as fresh produce. I recommend picking up groceries to save a little cash instead of going out to eat every meal. The apartment has all of the things you need to make a home-cooked meal- my favorite items were the induction hot plate and Bodum electric kettle!!\n\n*On the corner of the same block as the Airbnb, there\u2019s a cute little cafe with loads of fresh pastries and deli foods. Their custard doughnuts are delicious.\n\n_____\n\nSome feedback to be aware of- these things didn\u2019t bother us, but might bother others, so it\u2019s purely informational and not necessarily a negative. \n\n*There are children that live upstairs and you can hear their little feet running around. Again, not a problem for us, but if you\u2019re sensitive to noise, bring earplugs or play some background music!\n\n*This apartment gets COLD. There is no heating that we saw, but the carpets are thick and they provide clean socks! My husband and I were prepared for the chill, as its mentioned in the listing, but be sure to bring some slippers and a nice big sweater for lounging in the evenings! And don\u2019t forget to preheat your bed :)\n\n-There are many scented diffusers (natural oils) in the space, so take note if you are particularly sensitive to scent.\n\n_____\n\nThe cost of this place is absolutely worth it- you\u2019d pay just a little less for a standard hotel room with far less space, amenities, style & privacy. You\u2019re better off staying in this gorgeous little hideaway! Overall, my husband and I were extremely impressed with this Airbnb!"
}