{
    "listing_id": 708731,
    "review_id": 354424456,
    "date": "2018-12-01T00:00:00",
    "reviewer_id": 30454993,
    "reviewer_name": "Grant",
    "text": "San Francisco is a quirky and beautiful city and my recent visit was made even more of a pleasure by staying in Karen and Rodolfo\u2019s self contained private entrance room with bath and a lovely garden. Spotless and comfortable no detail is overlooked by these remarkable, personable, and accessible hosts to make any visit go smoothly. \nIn addition to a full range of appliances to self cater Karen provides folders containing a wealth of details regarding things to do and places to eat, transport etc. There is plenty of storage space in drawers and closet and the room is warm and comfortable. Communication with hosts is easy if required.\nThis excellent accomodation is in a beautiful part of San Francisco and close to transport. The city has a great public transport system and getting around is easy. There are shops and restaurants within easy reach.\n\nAs a sole traveller in the USA for my first ever Thanksgiving Day I was invited to join my hosts\u2019 family and friends for Thanksgiving dinner. It was a joy to experience such an important American tradition and I was honoured to be included. \nIt was a also a real pleasure to get to know the family dog Lola who would occasionally visit the garden. Beautiful Lola will win any dog lover\u2019s heart.\n\nI could go on for pages about this charming city that I came to love in the ten days staying as a guest with Karen, Rodolfo, and family. And of course Lola! Having been a guest of Karen I wouldn\u2019t consider staying elsewhere in San Francisco. This is the Air B and B experience at it\u2019s very best."
}