{
    "listing_id": 1421774,
    "review_id": 354433002,
    "date": "2018-12-01T00:00:00",
    "reviewer_id": 73176743,
    "reviewer_name": "Alina",
    "text": "The location was great! The place was small but enough space for two people. The bed wasn\u2019t too comfortable (personal preference) but they had four pillows that made it better.  The WiFi was a bit slow so I just used my unlimited data. Appreciated the wine and the nature valley bars. Lots of stairs/steps around so I did stumble and hit my toes a few times but no big deal. Overall the location made it worth it. And they did allow me to park my rental in their driveway for the day I had it."
}