{
    "listing_id": 1598489,
    "review_id": 354424871,
    "date": "2018-12-01T00:00:00",
    "reviewer_id": 64260372,
    "reviewer_name": "Kriz",
    "text": "Tara's place is superb! The space is well designed and cosy. The bed is really comfortable. Tara was very responsive and personally greeted me when I checked in. The listing is walking distance to my office so it made commuting very easy. The place is also very near to 2 amazing caf\u00e9s - Sightglass and Sextant so I had all my needs catered to. Thanks Tara! Will definitely return:)"
}