{
    "listing_id": 2349483,
    "review_id": 354404824,
    "date": "2018-12-01T00:00:00",
    "reviewer_id": 18927259,
    "reviewer_name": "Ray",
    "text": "Dave & Frances were great hosts and even better people. They are very cordial and communication was prompt. The room itself is nice and quiet but also has a surprising amount of amenities (coffee, water, even a robe!). Bed is also very comfy with both soft and firm pillows; its clear they put a lot of thought into cleaning /arranging the place, hence the superhost rating. Would absolutely stay here again!"
}