{
    "listing_id": 5601305,
    "review_id": 354390619,
    "date": "2018-12-01T00:00:00",
    "reviewer_id": 8442121,
    "reviewer_name": "Kari",
    "text": "My husband and I were in Otto's lovely Marina apartment for the month of November 2018.  Otto himself is a constant presence and was very accommodating, recommending restaurants, finding a way to accommodate our second car (you have to get a temporary permit ),  even refusing to take a deposit for our pet when I disclosed ours is a hairy, 100 pound Bernese Mtn. dog (very well behaved, we left no trace behind). The apt. is just a 3 minute walk to the Palace of Fine Arts, and the Marina Green and the Golden Gate in all its glory is just around the corner.   Philz coffee truck is right there on the green, where you can pick up your first cup of coffee then walk along the bay through Crissy Field to the Warming Hut close to the bridge for your second.    Great places to work out (get a Class Pass and try various gyms, including Crush Fitness, Bar Method, Dailey, Pure Barre...various pilates studis), easy access to cycling trails (over GG to Marin),   or you can train on the Lyon St. steps.  It's just a short walk away to Chesnut st/Cow Hollow restaurants.  Scoot motorscooters, Uber,  make it easy to get around to other parts of the city.\nVery quiet street, low traffic.  The only 'noise' was a fantastic string trio who gave a concert next door.  On the other hand, there was a neighbor who clearly doesn't appreciate the AirBnB model and let us know we weren't welcome almost immediately upon arrival. We were respectful and she receded.  Check with Otto on status of WiFi  - it was often difficult to get a signal."
}