{
    "listing_id": 5863674,
    "review_id": 354422978,
    "date": "2018-12-01T00:00:00",
    "reviewer_id": 163499184,
    "reviewer_name": "Kiei",
    "text": "Gil and Al are wonderful host and made me feel at home with great hospitality. Their guest suite is stylishly and thoughtfully designed, sparkling clean and has all the amenities I needed. The view from the balcony was just stunning and I loved seeing/waking up to the sunrise every morning. The location is great - quiet, safe residential area with quick access to the Mission or any centra San Francisco areas - and helped me rest well and enjoyed the city at the same time during my business trip. I highly recommend their listing for both business travelers and those visiting for sightseeing. Thank you, Gil and Al, for the great stay and hospitality!"
}