{
    "listing_id": 8717641,
    "review_id": 355567310,
    "date": "2018-12-04T00:00:00",
    "reviewer_id": 70186686,
    "reviewer_name": "Elaine",
    "text": "We loved Toni\u2019s charming apartment. It was well stocked with every amenity you might need and was immaculate! Everything was well maintained and the garden was beautiful.  Toni checked to make sure we were doing okay and asked if we needed anything, and was very responsive to every message I sent. We chose her apartment based on the proximity to our daughter\u2019s house and it was ideal. It\u2019s close to many attractions, and very convenient to transportation. We will definitely be back."
}