{
    "listing_id": 9110032,
    "review_id": 354398966,
    "date": "2018-12-01T00:00:00",
    "reviewer_id": 13082896,
    "reviewer_name": "Lela",
    "text": "My husband and I have significant experience in using Airbnb, and this was THE BEST stay for us by far! We so much enjoyed our stay at Brian's and Kenya's (his mom) place that would come back every time we are in San Francisco! They are the nicest, most helpful, most dedicated and kindest hosts you will ever meet! They cared about us like a family and made us feel at home! The room is perfect! Just as described on photos. The bed is large and comfortable providing a good night sleep. The room is well lit, and most importantly - everything is crystal clean! Kenya takes perfect care of everything in the house! Also, guests have full access to the kitchen and the living room. The house is very comfortable. The neighborhood is calm and nice. There are great food places and coffee shops within walking distance. So, you can treat yourself a nice meal and work from a cafe if needed. The bus stop is a couple minute walk. The bus brings you straight to downtown. The park is super close to the house, and the ocean is a couple of blocks away.  Thus the location is perfect for those who travel with and without a car. I would definitely advise booking this place if you are in for a relaxed and comfortable stay, for meeting super hosts and gaining great new friends."
}