{
    "listing_id": 21079469,
    "review_id": 354402219,
    "date": "2018-12-01T00:00:00",
    "reviewer_id": 42189745,
    "reviewer_name": "Eush",
    "text": "I stayed at Rick\u2019s place for several weeks while I found a more permanent home in SF, and it was perfect for my needs. Walking distance to grocery stores and Muni but still a nice, quiet location. The place itself had almost everything I needed for a long stay and the back garden is a nice bonus. Rick was also very responsive to my questions. Highly recommend!"
}