{
    "listing_id": 25782797,
    "review_id": 354390417,
    "date": "2018-12-01T00:00:00",
    "reviewer_id": 45456788,
    "reviewer_name": "Clawa",
    "text": "Michael a \u00e9t\u00e9 un h\u00f4te incroyable ! La maison est magnifique, d\u00e9cor\u00e9e avec go\u00fbt, propre et douillette. Plein de petites attentions pour les voyageurs, chocolats dans la chambre, un petit mot de bienvenue, des guides \u00e0 disposition. Michael pr\u00e9pare le petit d\u00e9jeuner tous les matins, salade de fruits, croissants, etc. Des bouteilles de vin sont m\u00eames disponibles pour ses h\u00f4tes, \u00e0 siroter dans l\u2019agr\u00e9able salon le soir... Michael a \u00e9t\u00e9 d\u2019une grande disponibilit\u00e9, et on aurait r\u00eav\u00e9 de rester \u00e0 se faire dorloter plus longtemps. Si nous retournons \u00e0 SF c\u2019est ici que nous reviendrons !\nMichal thank you so much !"
}