{
    "listing_id": 27510287,
    "review_id": 354403258,
    "date": "2018-12-01T00:00:00",
    "reviewer_id": 57928203,
    "reviewer_name": "Erin",
    "text": "Don and Kayko's place is perfect! Clean, quiet and full of cozy amenities. The bed is very comfortable and inviting after a long day in San Francisco. Several small touches such as coffee, tea, snacks, and toiletries help to make the space feel more like home and less like a hotel room. They were both available to us at check in and made sure we knew all the ins and outs of staying in their home. They were also very responsive to messages throughout our stay. The location is on a quiet street, with easy access to restaurants, shops and Muni. All in all, a perfect home base for our week in the city."
}