{
    "listing_id": 1632521,
    "review_id": 354129795,
    "date": "2018-11-30T00:00:00",
    "reviewer_id": 39352052,
    "reviewer_name": "Peter",
    "text": "The house of Dave is a real gem in San Francisco, we are quite often in town and had several AirBnB yet and the one of Dave is for sure on of the best - central, super-cozy, clean and real SFO charming \u2026 we can clearly recommend for everyone seeking a central, lovely place \u2026 the rooftop with the amazing view up to Golden Gate bridge is for sure one of the highlights."
}