{
    "listing_id": 3712976,
    "review_id": 354137532,
    "date": "2018-11-30T00:00:00",
    "reviewer_id": 21558187,
    "reviewer_name": "Nikolay",
    "text": "We had a wonderful stay with Regina and Dave for 3.5 months when we relocated from New York to San Francisco.  We have two very young kids and the house has everything one would need and truly feels like home.  The location is great with a 5-7 minute walk to the BART, which gets you anywhere you need to be downtown in no time, and Glen Park Village.  Glen Park Village is very charming with wonderful restaurants, coffee shops and probably one of the best markets in the city.  The place is kept spotlessly clean; everything is very well organized and documented.  Dave and Regina keep a binder with information on everything one could possibly need to know about the house or area (honestly, they can sell it and I would buy in bulk for my friends visiting because it\u2019s so helpful).  Furnishings are very comfortable / well thought through and appliances are top notch.  The house has beautiful east-facing windows that are the highlight of every morning and give it true SF charm.  Regina and Dave\u2019s communication, preparation and organization is second to none \u2013 they are extremely helpful in anything you need, very hospitable with many fascinating stories to share, but also highly respectful of your privacy.  It\u2019s been a genuine pleasure to get to know them and they would be our top recommendation to any friends and family looking for a place to stay in SF."
}