{
    "listing_id": 16779078,
    "review_id": 355589525,
    "date": "2018-12-04T00:00:00",
    "reviewer_id": 220129427,
    "reviewer_name": "Morgan",
    "text": "Overall my stay at 325 was good and exactly what I expected based on previous reviews! The room was a good place to crash at for the night and the beds are extremely comfortable! The location was great and they let us check in early- which was much appreciated! I did have a couple problems like clogged toilet and not having a second set of room keys that were not dealt with as promptly as I was hoping they would be but did get resolved enough in the end."
}