{
    "listing_id": 6326767,
    "review_id": 354133936,
    "date": "2018-11-30T00:00:00",
    "reviewer_id": 85554438,
    "reviewer_name": "Jawad",
    "text": "AMAZING Stay. It\u2019s exactly as shown in the pictures and the backyard is absolutely stunning. A lot of space and natural light in the house through the big windows\n\nThe host was super helpful the whole time and provided us with Local Tips/Things to do in the area!\n\nHouse was in a great location in the Glen Park neighborhood... walking distance to restaurants/coffee/groceries/ and Public Transportation. \n\nHighly recommended"
}