{
    "listing_id": 8524982,
    "review_id": 354120658,
    "date": "2018-11-30T00:00:00",
    "reviewer_id": 224700200,
    "reviewer_name": "Kevin",
    "text": "Stayed at Shane & Shaudi's wonderful space for three nights for a work conference.  Great location was central to local cafes and restaurants which ranged from very reasonable to elegant.  Walking distance to downtown was mostly flat and FiDi took only 15 minutes.  Of course central to public transit, but walking was easy.  Quiet alley-end destination with no traffic noise and very little foot traffic making for a quiet and restful night.  Shane and Shaudi were prompt with exchanges and meeting to get setup the first day was a breeze, as was the rest of the stay and check-out.  The bedroom and bathroom were comfortable and cozy during a blustery rainy week, and the rooftop deck was a great experience (at least the one day it wasn't raining).  Would definitely recommend to anyone looking for a finely-finished and comfortable private living space while visiting SF."
}