{
    "listing_id": 13127954,
    "review_id": 354113315,
    "date": "2018-11-30T00:00:00",
    "reviewer_id": 8761180,
    "reviewer_name": "Lisa",
    "text": "I\u2019d stay here again and again. Sarah & Pankaj\u2019s place is set up so well.  It was in the best location for me working in the Design District. I felt so welcomed and spent time getting to know Pankaj (whose room was next door to mine) over a glass of wine while enjoying the amazing view of San Francisco. The home is impeccable - stylish, spotlessly clean, with nicely appointed bedrooms and bath. A nice quiet neighborhood with plenty of street parking...check in and check out were a breeze. I loved my stay. Thanks Sarah & Pamkaj, I look forward to seeing you next time I visit San Francisco!"
}