{
    "listing_id": 13128357,
    "review_id": 354134732,
    "date": "2018-11-30T00:00:00",
    "reviewer_id": 83249880,
    "reviewer_name": "Robin",
    "text": "I had a really nice stay at Sarah & Pankaj's Lotus room. The apartment is in a great location central to the city but quiet and residential. The check in process was easy and the room is cozily furnished. The common space has a lot of nice little amenities of the city and a fantastic view of the city! The whole place was extremely clean and tidy, plus Pankaj was a very gracious host and helped me out a lot!"
}