{
    "listing_id": 13845578,
    "review_id": 354129873,
    "date": "2018-11-30T00:00:00",
    "reviewer_id": 82772178,
    "reviewer_name": "Kamille",
    "text": "The Airbnb is just as you see in the listing, and more! Lance was very easy to communicate with over the app, and check-in was smooth. Enjoyed the nice little touches with the beverages & snacks, as well as the hot tub. The space is very cozy as well! We\u2019ll be sure to check out his space again if we\u2019re looking to stay around the City."
}