{
    "listing_id": 15330348,
    "review_id": 354121678,
    "date": "2018-11-30T00:00:00",
    "reviewer_id": 226533984,
    "reviewer_name": "Lana",
    "text": "I live about an hour drive away and my boyfriend and I were going to a concert; wanting to spend the night in the city. Ping's place was my first-ever Air BnB and we loved it! He was so welcoming upon check-in, we immediately felt at ease. the accommodations were very inviting and did not feel like we were imposing at all. My expectations (as a first timer) were more than met. I hope to use Ping's place again!"
}