{
    "listing_id": 16797018,
    "review_id": 354139074,
    "date": "2018-11-30T00:00:00",
    "reviewer_id": 29295067,
    "reviewer_name": "Yifan",
    "text": "This is my fifth stay with Sarah and Pankaj. My private room is next door to Pankaj's, and Sarah stayed upstairs. Because of my over one-month business travel in SF, I got the chance to stay with the amazing superhosts Sarah & Pankaj. I really felt at home during the month and very much appreciated their hospitality, instant response to my needs, and etc. Next time when I go to SF for the business travel, I will definitely stay with them again!"
}