{
    "listing_id": 18810290,
    "review_id": 354119009,
    "date": "2018-11-30T00:00:00",
    "reviewer_id": 3844191,
    "reviewer_name": "Kelly",
    "text": "We had the most wonderful stay. The place is conveniently located to the N tram and super close to the beach. The house is one of the most well stocked Airbnbs we\u2019ve ever stayed in - everything you need is there. \nWe loved Eileen\u2019s dog, Bailey. We got to take her for walks which was so great as we missed our dog back home. The beds are really comfy and the sofa bed was great for our 3 year old son. \nFantastic styling and design too.\nThere is a bit of noise here and there but nothing which we were bothered by (we honestly didn\u2019t notice it).\nIf driving you can generally get a park within the block of the house which was awesome. Most times we got a park right in front of the house.\nYou\u2019ll love staying in this gorgeous home with the most lovely hosts."
}