{
    "listing_id": 18838484,
    "review_id": 354127207,
    "date": "2018-11-30T00:00:00",
    "reviewer_id": 199547637,
    "reviewer_name": "Leo",
    "text": "I stayed here for 33 days. Lois is a considerate and responsive host who has done a great job at making a really comfortable space. The area is safe, and located next to a ton of restaurants and cafes, as well as the convenient L-Taraval line. Check in in seamless, with electronic combination locks. The bed was super comfortable, the lighting bright, the bathroom clean with lots of hot water and excellent water pressure. If I had one piece of feedback, its to ensure sufficient lighting in the access hallway, which can be dark at times.\n\nI wholeheartedly recommend this AirBNB to anybody who needs a place to land in San Francisco for a while."
}