{
    "listing_id": 19403989,
    "review_id": 354115983,
    "date": "2018-11-30T00:00:00",
    "reviewer_id": 32308120,
    "reviewer_name": "Jenn",
    "text": "Margaret is a super host for a reason! It was our first stay in San Fran and it could not have been better! Margaret was generous, kind, and so hospitable. The room was so nice and homey and the bed was super comfortable. The neighborhood was very quiet which was a huge plus for my husband who is a light sleeper and the shower was so nice the water warmed up so quickly! Margaret even took us to see Twin peaks and it was breathtaking! Best host ever!"
}