{
    "listing_id": 21530578,
    "review_id": 354133487,
    "date": "2018-11-30T00:00:00",
    "reviewer_id": 60998874,
    "reviewer_name": "Atsuro",
    "text": "Charlie is the most generous host I have ever seen. He keeps important information about the location up to date. He really cares about the guests` safe arrival and departure. His location is absolutely clean and safe, and a lot of things you need will be walking distance such as CVS, restaurants, and safe neighborhood on top of that so that you have no worry to get around."
}