{
    "listing_id": 20695687,
    "review_id": 355582440,
    "date": "2018-12-04T00:00:00",
    "reviewer_id": 12942297,
    "reviewer_name": "Zaria",
    "text": "Amazing place to stay in SF, well-decorated modern house, with a perfectly connected AI system using Siri to control everything in the house, we were so impressed, and they have a full collection of Whiskey and an adorable aquarium. We met Tyler and his partner on the first night, they were both really kind. The guest room is on the first floor with our own bathroom which is very separate from the sharing space so that we enjoyed good private time. The location is very not close to the attractions of SF, but with a lot of cafes around, so still very convenient to live here, and taking Uber to anywhere is also easy to manage."
}