{
    "listing_id": 21880287,
    "review_id": 354106576,
    "date": "2018-11-30T00:00:00",
    "reviewer_id": 215194158,
    "reviewer_name": "Heather",
    "text": "Michael is an amazing  host.From the very beginning of our experience he communicated promptly and was there to greet us on arrival and to assist us with our numerous pieces of luggage!.The accomodation was easy to find and close to public transport,eateries and shopping.The accomodation was very clean and well maintained both bedroom bathroom and common areas.There was such attention to little details that made us feel special and welcomed.Michael was so helful with any enquiries and generous with sharing tips for transport and shopping  and where to eat out which enhanced our overall  experience.The decor is beautifully appointed and gave us the wpnderful experience of being immersed in the 'San Francisco  Mission District 'It was a home away from home and his love of art is evident in his home and he was so generous in sharing the stories behind the collections.Michaels hospitality and accomodation were A+!"
}