{
    "listing_id": 24782542,
    "review_id": 354101727,
    "date": "2018-11-30T00:00:00",
    "reviewer_id": 3127935,
    "reviewer_name": "Katie",
    "text": "This place was totally gorgeous and felt safe and cozy. I stayed here with two colleagues for a work trip. Would definitely recommend. It\u2019s fully stocked with amenities and Anna and Alex are very responsive hosts. They even placed wine and chocolates out for us! If you\u2019re looking for a quiet, peaceful stay that\u2019s still walkable to the main drag in the Castro you will be happy here."
}