{
    "listing_id": 25969558,
    "review_id": 354127427,
    "date": "2018-11-30T00:00:00",
    "reviewer_id": 16665441,
    "reviewer_name": "Christopher",
    "text": "I didn't catch that this was a time-share/hotel building from the flat description, but it worked out well.  The building is beautiful and the unit was clean, comfortable, and convenient!  We had some trouble getting checked in due to arriving after midnight (flight issues) and having the person manning the front desk out on break.  Since access after midnight requires a keycard, and we didn't have one, we were locked out in the rain.  Fortunately a passing security guard let us in and was able to radio the front desk person to get us checked in.  Other than that, it was a great stay!"
}