{
    "listing_id": 29187469,
    "review_id": 354106882,
    "date": "2018-11-30T00:00:00",
    "reviewer_id": 24812146,
    "reviewer_name": "Sheryl Ann",
    "text": "This place was great for a stay. \nI stayed just for work since I do live a long commute away. I accidentally booked the wrong dates and Mary was able to make room for me to come and stay the days that I needed a place to sleep. It's a clean space. There are towels for the guests and hangers in the closet which allowed me to get super comfortable. There are other people who stay in the other rooms as well, but everyone is super quiet, so it's as if you're in your own place. \nThe area is RIGHT BY Balboa Bart Station, so it was the most convenient spot for me and I was able to park right in front with no problem. Very nice place. I'll definitely be back in the next weeks when I don't have a place to stay."
}