{
    "listing_id": 213532,
    "review_id": 353832934,
    "date": "2018-11-29T00:00:00",
    "reviewer_id": 83302693,
    "reviewer_name": "Erika",
    "text": "This space was a true delight! Fantastic location, comfortable bed, thoughtful extra touches from the host, including playing cards and some other games in the cute side room and a selection of books in the nook in the bedroom. Clawfoot tub and vintage light fixtures and switches add to the charm of the classic San Francisco architecture. Location is quite central and neighborhood is lively!"
}