{
    "listing_id": 945748,
    "review_id": 353803144,
    "date": "2018-11-29T00:00:00",
    "reviewer_id": 112561608,
    "reviewer_name": "Jan",
    "text": "We loved every minute in this tiny, adorable, cozy, well-equipped space. The two large windows (one in the living room and one in the bedroom) that look out into the garden patio truly enhance the magic.  It was fun to use the space as a launching point to truly live in the neighborhood and enjoy all it had to offer from food to shopping to a great yoga studio. Toni is a responsive, kind, informative host even while juggling her own busy life.  We can\u2019t wait to come back."
}