{
    "listing_id": 1043282,
    "review_id": 353825634,
    "date": "2018-11-29T00:00:00",
    "reviewer_id": 21523575,
    "reviewer_name": "Mele",
    "text": "My daughter and I were so glad we were able to stay here.  John is so hospitable and we really felt like we were at home (freshly made banana bread for breakfast!!!).  The location was perfect for our 4-day stay, and we were able to have a great holiday.  I would not hesitate in recommending John's place, and no doubt we'll be back."
}