{
    "listing_id": 1881223,
    "review_id": 353830044,
    "date": "2018-11-29T00:00:00",
    "reviewer_id": 59459819,
    "reviewer_name": "Andrew",
    "text": "I honestly didn't know what to expect since this would be my first Airbnb experience. I usually stay at hotels and knowing Philip would be there seemed awkward to me at first. \n\nThe place turned out to be great. It is very clean, which is really important to me! I loved the home, his atrium, and of course the neighborhood.\n\nPhilip also turned out to be an amazing person. He is very warm and welcoming. He knows a lot about his city and can point you in the right direction should you need some recommendations. He went above and beyond and set such a high standard that I am guaranteed to be disappointed by my next host!"
}