{
    "listing_id": 5505643,
    "review_id": 353826477,
    "date": "2018-11-29T00:00:00",
    "reviewer_id": 30009725,
    "reviewer_name": "Tracy",
    "text": "This place may well be the best Airbnb accommodation we\u2019ve ever been in.  Location is great.  Lots of places within walking distance, including MUNI and BART.  We tried to extend our stay but unfortunately there were other guests scheduled.  If you\u2019re looking for a great place in SF, I highly recommend Guillermo\u2019s place."
}