{
    "listing_id": 7222704,
    "review_id": 353820851,
    "date": "2018-11-29T00:00:00",
    "reviewer_id": 5143182,
    "reviewer_name": "Ana",
    "text": "An amazing oasis in the city. Located 10 min walking to baker beach and close to great restaurants and entertainment (4star cinema, korean bbq, dim sum, parks...) the apartment is perfect to rest.\nEvery corner has been designed with love and feels personal and stylish. You can not have nore with an afordable price! Would love to come back!"
}