{
    "listing_id": 23805904,
    "review_id": 355569427,
    "date": "2018-12-04T00:00:00",
    "reviewer_id": 93897832,
    "reviewer_name": "Vicki",
    "text": "Lovely large private room with lots of light, big windows and doors to the garden which has a good view of the city. Wherever you look there are thoughtful touches added to make things more comfortable. It\u2019s very quiet and an easy walk down to Mission or you can get the bus two blocks away. Would definitely stay again. Great host, thank you :)"
}