{
    "listing_id": 14745298,
    "review_id": 353820579,
    "date": "2018-11-29T00:00:00",
    "reviewer_id": 188386521,
    "reviewer_name": "Jill",
    "text": "Naomi's place is beautifully appointed (but not \"fancy\"), and she is warm and welcoming.    Great, comforable bed, working kitchen and a nice living room space.  This was a business trip for me and I had everything I needed - lots of room to work and to hang out.  I didn't get to enjoy the outdooor deck (too cold/rainy), but everything was wonderful and exactly as represented.  I will definitely come back here!"
}