{
    "listing_id": 15903424,
    "review_id": 353826921,
    "date": "2018-11-29T00:00:00",
    "reviewer_id": 99237012,
    "reviewer_name": "Jermaine",
    "text": "Great experience wonderful hosts and high high level hospitality. Lainie & Charlie went out of their way to ensure our trip was smooth and wonderful which it was. Apartment is cute and cosy and there was a few nice presents to get us started as well as a super clean apartment and Lainie also gave us a ride to the station at her own personal sacrifice. Would I recommend capital Y E S"
}