{
    "listing_id": 28028464,
    "review_id": 353830578,
    "date": "2018-11-29T00:00:00",
    "reviewer_id": 12133802,
    "reviewer_name": "Peter",
    "text": "Blair's place is super if you are visiting San Francisco. Close to everything, many choices of near by restaurants, metro stop just up the block and in a super safe area.\nBlair is has all the kitchen bases covered (salt,pepper, olive oil, coffee, jam, etc), pots, pans, knives and dishes.\nWe had a comfortable and relaxing visit.\nThanks Blair"
}