{
    "listing_id": 28226145,
    "review_id": 353831106,
    "date": "2018-11-29T00:00:00",
    "reviewer_id": 24315783,
    "reviewer_name": "Leigh",
    "text": "One of my very favorite Air BnB experiences! Mike and Linda thought of everything! The amenities were thoughtful and even more than I could have wanted (even the shower supplies were top-notch). The hot tub was very accessible and relaxing. Parking was easy. The bed was extremely comfortable. Loved our stay here and would do so again without a doubt."
}