{
    "listing_id": 713877,
    "review_id": 353600831,
    "date": "2018-11-28T00:00:00",
    "reviewer_id": 8072414,
    "reviewer_name": "Aapo",
    "text": "We visited Stacey's apartment for two nights with my friend, for the purposes of exploring San Francisco like a local. The place is in a great location with wonderful morning running on the surrounding hills. Location is also easily reached by N-tram/metro from CalTrain and the downtown.  Apartment itself is cozy, has great views and is comfortable. Outside roof terrace could be really nice, but it was raining when we visited. Kitchen is kind of small, so this is not a place to cook your own meals -- but there are very nice restaurants around."
}