{
    "listing_id": 734839,
    "review_id": 353608253,
    "date": "2018-11-28T00:00:00",
    "reviewer_id": 206936595,
    "reviewer_name": "Kim",
    "text": "Kenji's place is absolutely gorgeous. Everything is well-decorated without feeling sterile. Quite the opposite, it definitely felt like a home and I was very comfortable in it. I was in town for a work trip, but it was the perfect place to collapse and rest after an extremely hectic day. Kenji was always quick to respond and I appreciated the quick communication and friendly hosts. Thank you for everything, I couldn't have asked for a better stay."
}