{
    "listing_id": 1277771,
    "review_id": 353587843,
    "date": "2018-11-28T00:00:00",
    "reviewer_id": 9386103,
    "reviewer_name": "Alexander",
    "text": "Its  not the appartments, it's garage remodeled into appartments. It means that the ceiling is low, rooms are very small. The apartment has problems with cleanliness, for example, the heating system grates are clogged with dust, and we\nbreathe this air. A very uncomfortable shower that sprays water like steam. My wife could not wash her hair. For four people there were only four towels, and this is not enough. And all this costs like in Los Angeles a large spacious apartment with two bathrooms and two bedrooms."
}