{
    "listing_id": 4359626,
    "review_id": 353605017,
    "date": "2018-11-28T00:00:00",
    "reviewer_id": 25062263,
    "reviewer_name": "Rebecca",
    "text": "John made us feel right at home the moment he welcomed us to his flat in the Noe Valley. The amenities, fully stocked kitchen and location in the heart of San Francisco made this the perfect spot for me and my fiance. Whether you want to explore the Castro or take a day trip to Napa, this was the ideal place to come home to every day. We were sad to leave at the end of our stay. If you're looking for a place with character, charm and stunning views look no further! The neighborhood is hilly, but it's well worth the vistas!"
}