{
    "listing_id": 17417018,
    "review_id": 353602558,
    "date": "2018-11-28T00:00:00",
    "reviewer_id": 108755615,
    "reviewer_name": "Kayla",
    "text": "Sara\u2019s place is the place to stay! Expect to be thoroughly welcomed by a very genuine and lovely host, Sara. She has completely re-vamped her home into a stylish and cozy space, it really feels like home. The space is immaculately clean and there were plenty of toiletries, towels, soaps, kitchenware and seating. You won\u2019t want to miss out on this hidden gem with a gem herself, Sara! I cannot speak to the location because I am not a local, but there were many options for food, drink, and specialty shops just around the corner. 10/10 Will be staying again."
}