{
    "listing_id": 20269251,
    "review_id": 353600964,
    "date": "2018-11-28T00:00:00",
    "reviewer_id": 6674517,
    "reviewer_name": "Siddhu",
    "text": "I spent 12 days at Abrasha and Maria's place when on a business trip, and loved every minute of it. The views out to the City and the Bay Bridge are incredible, the location is super convenient and quiet, and the bed is great.\n\nAbrasha goes out of his way to make you feel welcome, and the house is full of little touches that make one's stay that little bit better. Thanks for having me, and I hope to stay there again when next I'm in San Francisco!"
}