{
    "listing_id": 20393341,
    "review_id": 353581267,
    "date": "2018-11-28T00:00:00",
    "reviewer_id": 1372673,
    "reviewer_name": "Marisha",
    "text": "Cristina is so easy to communicate with - she responded virtually immediately to the few questions that I had. The apartment was absolutely perfect. I needed this rental to ease the experience of caring for a loved one who was hospitalized at the CPMC Davies campus and having a relatively close-by place to stay with all of the amenities of Cristina\u2019s place was an enormous comfort. I recommend it highly!"
}