{
    "listing_id": 23805904,
    "review_id": 353595353,
    "date": "2018-11-28T00:00:00",
    "reviewer_id": 207895621,
    "reviewer_name": "Maurice",
    "text": "Where do i begin:) This place could pass a Marine white glove inspection! Everything in its place, quaint, snacks, tips, TV, separate full bath.  Beautifully manicured garden to refresh the Soul, very contemplative area. So close to coffee, food, sights. The Hostess was a joy to speak to and everything is at your fingertips. You will not regret staying here!!"
}