{
    "listing_id": 27734387,
    "review_id": 353609483,
    "date": "2018-11-28T00:00:00",
    "reviewer_id": 18120256,
    "reviewer_name": "Saeyorn",
    "text": "great place to stay. would book again!\n\n+great neighborhood\n+coffee shop next door\n+stylish apartment\n+very clean\n+all amenities & whiteware\n+great space\n\nthings to keep in mind\nonly a few public transport routes stop nearby if you are dependant on that\nhave to climb to flights of stairs\nif you have a baby/toddler keep an eye out as there is a few lamps etc within reach"
}