{
    "listing_id": 28367768,
    "review_id": 353602716,
    "date": "2018-11-28T00:00:00",
    "reviewer_id": 48255387,
    "reviewer_name": "Katie",
    "text": "Nancy's place was even better than we expected! It is spacious, clean, and private, and the check-in/out process was very easy. It is right down the street from public transportation, and the neighborhood gives a unique view of the city separate from other tourists. We really appreciated the comfortable bed after days of long walking, and the shower was always hot! The booklet Nancy leaves for the guests is helpful and straightforward. We would definitely stay here again!"
}