{
    "listing_id": 29305555,
    "review_id": 353608770,
    "date": "2018-11-28T00:00:00",
    "reviewer_id": 219533971,
    "reviewer_name": "Danny",
    "text": "I enjoyed my stay at Michael\u2019s place. Hosts were more than accommodating. They were very kind and attentive to all my needs. Apt was clean, and filled with toiletries and other household items. Washer and dryer came in handy! Finding Parking on the street was a bit of issue at times. Overall  I enjoyed my stay at Michael\u2019s place and would recommend it to the next guests!"
}