{
    "listing_id": 964751,
    "review_id": 353379076,
    "date": "2018-11-27T00:00:00",
    "reviewer_id": 32623203,
    "reviewer_name": "Gaelen",
    "text": "Phil's home is in the perfect location if you are looking to be out of the hustle and bustle of the main tourist areas. It has a great neighborhood feel and you are never more than a walk, bike or Uber to a nearby attraction! Would highly recommend this space to anyone who wants a local feel to their San Fran stay. Phil offered wonderful suggestions, an effortless check-in/out experience, and checked in throughout our stay. Overall, a wonderful stay!"
}