{
    "listing_id": 1926253,
    "review_id": 353394575,
    "date": "2018-11-27T00:00:00",
    "reviewer_id": 196052997,
    "reviewer_name": "Katherine",
    "text": "This space was great! The bed was super comfortable and it was great having the kitchenette! I had a warm welcome of snacks! Only downside was parking. We had to park up the street. But the walk allowed us to see the different houses. And we didn\u2019t have to pay for the parking either! Would most definitely stay here again."
}