{
    "listing_id": 4710280,
    "review_id": 353395082,
    "date": "2018-11-27T00:00:00",
    "reviewer_id": 14138951,
    "reviewer_name": "Mark",
    "text": "A beautiful space with plenty of light, views of the city, and comfortable, stylish furniture to take it all in. A well-equipped kitchen and clean bathroom made this place just perfect. And while the weather didn\u2019t allow us to use the outside patio, it looked ideal for warm days and evenings.\n\nAnthony was a gracious host, answering questions promptly and providing clear instructions where needed."
}