{
    "listing_id": 16204265,
    "review_id": 353388966,
    "date": "2018-11-27T00:00:00",
    "reviewer_id": 5838578,
    "reviewer_name": "Yong",
    "text": "I had a very comfortable stay at Koncha's clean and modern apartment. The location was perfect \u2013 a quieter street within a vibrant neighbourhood with lots of dining, drinking and shopping options. There was even a detailed list of recommendations, menus and map in the room! \nKoncha was also very responsive despite her busy work schedule, and was extremely helpful in accommodating some of my last minute requests. I am glad I chose this place over a hotel, and highly recommend this to everyone!"
}