{
    "listing_id": 17417018,
    "review_id": 353381880,
    "date": "2018-11-27T00:00:00",
    "reviewer_id": 5789803,
    "reviewer_name": "Eunju",
    "text": "Sara is an amazing host. She is very caring and loving. She had made my stay in SF so much better and lovelier. She is willing to help you with anything you need and boosts your energy up! The bed is suuuuper comfy which helped having a good night sleep after long walking of the day. The apartment is in walking distance to the piers and also the downtown. I would definitely stay here again and meet Sara when I visit SF again! :) Thank you Sara for Providing such a great start to the sister advanture XD!"
}