{
    "listing_id": 17514911,
    "review_id": 353388261,
    "date": "2018-11-27T00:00:00",
    "reviewer_id": 73234430,
    "reviewer_name": "Michelle",
    "text": "Ava was a wonderful Airbnb host. She was very kind to greet us electronically at check in and helped us navigate the property, including on site parking. The room was as described and comfortable for a few days stay. I appreciate that this space felt very private and home like, and that we each were offered two pillows and a hairdryer. The bed was comfortable. Ava was kind enough to send us local tips and recommendations before our arrival. This property is located a little further from central San Francisco, but conveniently to the highway. I recommend staying here when in San Francisco."
}