{
    "listing_id": 1967457,
    "review_id": 355355327,
    "date": "2018-12-03T00:00:00",
    "reviewer_id": 58057526,
    "reviewer_name": "Christina",
    "text": "The space is cozy and comfortable with a cute little garden in the backyard for quiet moments of solitude. It's centrally located not far from several cafes, an organic food market (right around the block), and some tasty restaurants. Our hosts, Beth and Annie were very responsive, and welcoming. We felt right at home for the 4 nights that we stayed. The place is clean, the bed is very comfortable, and the shower is amazing. We had everything we needed, including a little fridge to keep leftovers. Very convenient! We'll definitely be back. Highly recommended!"
}