{
    "listing_id": 22265538,
    "review_id": 353394175,
    "date": "2018-11-27T00:00:00",
    "reviewer_id": 59799473,
    "reviewer_name": "Linda",
    "text": "If there were more than 5 stars available, we would give them to Rachelle's place. We have been staying at Airbnb's in Bernal Heights frequently for over 6 years (our daughter lives in the neighborhood) and this is, by far, the most comfortable and cleanest apartment we have found. The space is large, stylish and airy and has so many nice and thoughtful touches that make you feel at home. The rooms themselves are large; the beds are very comfortable and have deluxe linens; towels are plush and plentiful; there is lots of closet space; the WiFi is fast and reliable; the dishes and kitchen equipment are in perfect shape; there is a generous stock of toilet paper, tissues and other supplies. The apartment is in a great location - just off Cortland Ave - and near everything (Martha's, Good Life, etc). You don't need a car because the Muni bus is just down the block. However, for this trip we rented a car and had no trouble finding close spots for the 8 days we were there. Now that we have found Rachelle's place we will not want to stay anywhere else when we come again."
}