{
    "listing_id": 3082327,
    "review_id": 355358036,
    "date": "2018-12-03T00:00:00",
    "reviewer_id": 11534505,
    "reviewer_name": "David",
    "text": "Simon is a wonderful host. He provides a quiet place to stay, lots of nice touches and a great breakfast. I stayed in the single room. The double room across the hall was unoccupied so I am not sure what a full house would look like. His house is a little off the beaten path but was a perfect location for me as I had events in Golden Gate Park and also wanted to be near the beach."
}