{
    "listing_id": 1699390,
    "review_id": 353160885,
    "date": "2018-11-26T00:00:00",
    "reviewer_id": 15419407,
    "reviewer_name": "Geraldine",
    "text": "Natasha and Kai were so hospitable. We felt very much at home there. \nElla the cat and Pooh the cockatoo round out the family nicely! \n\nThe bed was comfortable and the shower had plenty of hot water. \n\nThe location is excellent!! BART station around the corner and many good restaurants and bars within walking distance. \n\nWill hope to stay there again upon return to SanFrancisco."
}