{
    "listing_id": 5184693,
    "review_id": 353161728,
    "date": "2018-11-26T00:00:00",
    "reviewer_id": 156838167,
    "reviewer_name": "Edie",
    "text": "Ashley is a friendly, interesting & very likable host who makes it a priority to make her guests feel comfortable.  Her home is a one-of-a-kind artist/maker's  loft which is filled with interesting projects.  Ashley has taken the time to put labels all over the house to make it easier to find what you are looking for,  especially in the kitchen and bathroom.  She provides thoughtful touches, such as a white noise machine so you won't be disturbed by others coming and going. Thanks, Ashley!"
}