{
    "listing_id": 6557736,
    "review_id": 353169714,
    "date": "2018-11-26T00:00:00",
    "reviewer_id": 113754203,
    "reviewer_name": "Gary",
    "text": "Paul\u2019s place was great. Comfortable bed, very nice common area w/ TV and futon to sit, and full size refrig, stove and microwave in kitchen for us to use in our area. Wish we had a few days to stay we couldve used public transportation which was nearby and got along fine without a car. Also appreciated using the driveway to park. We would definitely stay here again."
}