{
    "listing_id": 10437411,
    "review_id": 353170307,
    "date": "2018-11-26T00:00:00",
    "reviewer_id": 11776866,
    "reviewer_name": "Jill And Brett",
    "text": "This is our second stay in the Haight district and Chip and Angela's place was just perfect for a long weekend in and around SF.  The studio is not large but appointed in a thoughtful way to maximise the space available.  Check in was a breeze and parking can be a bit hit an miss but we were never more than a block away, so pretty good for SF!  Always seemed to catch a spot along the panhandle.  Plenty of recommendations of placed to go and were to eat and drink.  All up, if you are a couple looking for a quiet, self contained stay in SF, we recommend this as a pretty good option."
}