{
    "listing_id": 11259062,
    "review_id": 353160217,
    "date": "2018-11-26T00:00:00",
    "reviewer_id": 22614824,
    "reviewer_name": "Maggy",
    "text": "I thoroughly enjoyed my stay at the Tiny Urban cottage! The place is very picturesque with a pretty patio, a lemon tree and beautiful bougainvilleas! I especially loved the location and walked all over that section of the city. The sweeping views of the city from some of the nearby hills were amazing, as was the neighborhood architecture. Coffee shops and a wide variety of restaurants were within easy walking distance, as were city buses and the BART station. I definitely would stay here again on my next trip to San Francisco."
}