{
    "listing_id": 11474754,
    "review_id": 353151027,
    "date": "2018-11-26T00:00:00",
    "reviewer_id": 44771504,
    "reviewer_name": "Andrew",
    "text": "Fantastic spot in Richmond / Lone Mountain section of SF; we have stayed in several other AirBnB spots in the area but this one is the most stylish and well-appointed.  The highlight is the two decks that give a panoramic view sweeping from Mt. Sutro around the Pacific to the Presidio and Golden Gate.  Is this spot right for you?  Well, it is on a relatively quiet street next to Lone Mountain so it is located away from the more tourist spots in SF which could be a benefit for you or not.  That being said, public transit access is very good and you can easily walk to the Panhandle / Golden Gate park or over to the commercial district on California below Presidio Heights.  There are several grocery stores in walking distance (Whole Foods, Lucky's, Trader Joe's, and Arguello Market) as well as a Target.  Mo'z Cafe is great breakfast / coffee shop nearby as well.  The house is appointed in what might be termed Nordic-Asian style which means you have to leave your shoes in the front hallway.  As it is well-appointed, you have to take special care while staying here.  Overall, we can highly recommend this AirBnB."
}