{
    "listing_id": 12725886,
    "review_id": 353122918,
    "date": "2018-11-26T00:00:00",
    "reviewer_id": 210059584,
    "reviewer_name": "Erik",
    "text": "Super great place! We loved being 1/2 block from the heart of Golden Gate Park, 1/2 block from cafes and restaurants, and a 1/2 block from the streetcar to downtown and the beach. The room and bath are in excellent shape, quiet, and beautiful. Debbie and her family were really nice and extremely considerate. We will be back for sure!"
}