{
    "listing_id": 13239272,
    "review_id": 353169792,
    "date": "2018-11-26T00:00:00",
    "reviewer_id": 73007639,
    "reviewer_name": "Sha",
    "text": "We went to SF for the Thanksgiving holidays. Meghan was a great host! She even thought of reminding me to bring an umbrella for on the day of our arrival it was rainy.  We enjoyed the welcoming basket and the herbal teas.  The house was clean and in a quiet neighborhood,  pretty close to the Golden Gate Park. I would recommend her home to my friends!"
}