{
    "listing_id": 14507492,
    "review_id": 353132302,
    "date": "2018-11-26T00:00:00",
    "reviewer_id": 33522524,
    "reviewer_name": "James",
    "text": "Kim's place is very nice and stylish. Plenty of modern features and amenities for certain comfort. It was easy to get in and out of the condo and with all the public transportation options I was able to get wherever I needed to go with no hassle. Japantown is close by and I was amazed by all the really good dining options on Divisidero street that are within walking distance. Maybe not so cheap but way- good grinds.  I never felt at a lack for communication with Kim.     He keeps you informed and is quick to answer any questions. The room even had a nice little floor radiator to keep you toasty on the cool nights. \nA pleasant stay."
}