{
    "listing_id": 15611358,
    "review_id": 353165296,
    "date": "2018-11-26T00:00:00",
    "reviewer_id": 188161421,
    "reviewer_name": "Katie",
    "text": "Had a wonderful stay at Mary\u2019s place and I would highly recommend it to anyone traveling to SF! An amazing value for two spacious bedrooms and brand new looking bathroom. The rooms and bathroom were very clean and quiet, which was exactly what I looking for! Although it\u2019s a private room + bathroom as listed, it felt like my own \u201centire place\u201d except for a short shared walkway up to the door."
}