{
    "listing_id": 19015884,
    "review_id": 353160125,
    "date": "2018-11-26T00:00:00",
    "reviewer_id": 3246169,
    "reviewer_name": "Chris",
    "text": "I booked Jennifer's place for my in-laws, who were in town for a visit. They loved it. The place was immaculately clean, comfy, and had the spectacular view that Jennifer mentioned in the write-up. I worked with Jennifer on the check-in and that was amazing as well. Great communication and she really worked to make things easy for us."
}