{
    "listing_id": 20076485,
    "review_id": 353171004,
    "date": "2018-11-26T00:00:00",
    "reviewer_id": 227200655,
    "reviewer_name": "Arbenz",
    "text": "What can I say that hasn\u2019t already been said by everyone else.\n\nSara is a great host, it\u2019s not for no reason that she\u2019s super host. She did a great job at making us feel st home BEFORE we even got there! It was my first time staying at an Airbnb and she set the bar pretty high.\n\nPlace was nice and clean, she provided us with everything we needed to feel welcomed.\n\nLocation itself was great as well. Fairly close to most tourist locations.\n\nI\u2019d definitely recommend to anyone looking for a nice place to stay. Thank you Sara!!"
}