{
    "listing_id": 21070256,
    "review_id": 353139096,
    "date": "2018-11-26T00:00:00",
    "reviewer_id": 28659928,
    "reviewer_name": "Anni",
    "text": "Wonderful friendly host and family.  Charming pleasant bedroom and sunroom attached to bedroom and perfect for eating meals or coffee and doing some laptop work.  Firm mattress, comfy pillows, soft linens and appreciated the extra blankets and appreciated the refrigerator space and being able to keep a few items in there!  Safe neighborhood and easy street psrking.  Thank you for a lovely stay!"
}