{
    "listing_id": 21370313,
    "review_id": 353160759,
    "date": "2018-11-26T00:00:00",
    "reviewer_id": 83716696,
    "reviewer_name": "Katie",
    "text": "Sandra\u2019s place was exactly what I expected from the pictures, description and reviews, which were excellent. I had never been to San Fransisco and it was a safe, quiet neighborhood that was easy to navigate. The home was adorable with an amazing view I couldn\u2019t stop staring it. It met all my needs and I would gladly stay here again. \n\nIf you\u2019re looking for mostly tourist attractions, you\u2019ll find that it\u2019s about a 20-30 min drive to most tourist spots. Ubers were very easy to obtain though."
}