{
    "listing_id": 23163677,
    "review_id": 353163643,
    "date": "2018-11-26T00:00:00",
    "reviewer_id": 92685006,
    "reviewer_name": "Kevin",
    "text": "Heathers place is wonderful.\n\nShe has thought of all the details inside of her home to make your stay wonderful.  We had no issues with the neighborhood or location.  Just a short walk to some great restaurants, the fairmont hotel, union square and other city attractions.  Its also very convenient for UBER/LYFT pick ups and drop offs. \n\nHeather is responsive, helpful and checked in on us throughout the week stay.  \nOverall I highly recommend this Airbnb."
}