{
    "listing_id": 6092596,
    "review_id": 355372925,
    "date": "2018-12-03T00:00:00",
    "reviewer_id": 930750,
    "reviewer_name": "Stephen",
    "text": "I LOVED this place. It is PERFECTLY located. It is small yet brilliantly efficient. I wish I could have given 7 stars for entry because the lockbox and door code were the easiest getting in I have ever experienced. \n\nInside was soooo clean. Beautiful Bathroom. Comfy bed. Light space. GREAT Tv. \n\nThe bedroom is on the street side so u may hear cars but it is not like NYC with honking and screeching. I had no problem sleeping. \n\nThere is a small fridge, microwave, and Coffee maker. Plenty for a visit. \n\nThere are some ingenious details to this apartment that I will let u discover on your own. But I loved it. \n\nThe location is sooo perfect. Dolores park is spectacular. Steps away. Also steps away was Linea Coffee. Truly the best Oatmilk latte I have had in a long time. \n\nThis was a great airbnb. - Steve"
}