{
    "asin": "0594451647",
    "helpful": [
        3,
        3
    ],
    "overall": 5.0,
    "summary": "This works great but read the details...",
    "reviewer_id": "A3BY5KCNQZXV5U",
    "reviewer_name": "Matenai",
    "text": "This product really works great but I found the following items you need to keep in mind:- You must have your power adapter connected for it to work...it plugs in the the bottom. It appears it needs power from the nook power adapter to operate.- The plug fits in loosely and you cannot move the Nook around much without holding the adapter in place.- On initial plugin it seems you need to rock it around to get the connection but then it seems solid.- It works with a 25ft high quality HDMI cable so you can put the NOOK across the room with you. Not tested with cheap cables.Warning...I found that my LG SmartTV 3D from a few years back does not work with this adapter but it does not seem to work with many things...bad software. This adapter works fine with other HDMI devices I have used like monitors and I am sure other TVs.Gave it five stars because it really is nice to extend the screen and use your Nook as a streaming server to your TV. Nice they made such a device.",
    "date_unix": 1390176000,
    "date": "2014-01-20T00:00:00"
}