{
    "asin": "9985511476",
    "helpful": [
        0,
        0
    ],
    "overall": 5.0,
    "summary": "Perfect for my Garmin GPS",
    "reviewer_id": "A3EX8ZFNVDHGPM",
    "reviewer_name": "S. Mitchell \"samintx\"",
    "text": "When I began updating the maps I was confronted with &#34;no memory&#34;. I didn't realize my Garmin had a place for a SD card! duh&#8230;I ordered this one because Kingston is a quality company and the price was right. Perfect. I'm all caught up on my GPS updates and assume this 4GB card will last the life of the GPS and not fill up.",
    "date_unix": 1389139200,
    "date": "2014-01-08T00:00:00"
}