{
    "asin": "B000001OM4",
    "helpful": [
        0,
        0
    ],
    "overall": 5.0,
    "summary": "Cassette Adapter",
    "reviewer_id": "A2TZ1P4VNJLYQQ",
    "reviewer_name": "M. FRAIJO \"SmoothOperator\"",
    "text": "arrived on time.  Was brand new as described. I like this product because it brings out a little more bass in the sound.  This is actually the first stereo cassette adapter I've seen that has an extra bass feature.  I recommend it very highly...",
    "date_unix": 1400198400,
    "date": "2014-05-16T00:00:00"
}