{
    "asin": "B000001OM5",
    "helpful": [
        3,
        4
    ],
    "overall": 1.0,
    "summary": "ZERO! DON'T Purchase!",
    "reviewer_id": "ADOR3TR7GDF68",
    "reviewer_name": "F T. A.",
    "text": "Hey, I am a music professional. I make many recordings and service equipment so I know what's going on in the world!This disc has a 1/8th&#34; by 1/8th&#34; piece of felt glued to a blank CD. I could have done that but I wanted PROFESSIONAL!Again, 1/8th&#34; x 1/8th&#34;. if you look on the internet it even tells you how to make these. Because the lens moves you need the felt to be the entire distance of the CD plus on both side for balance. However this is a tiny dot. You would have to leave it in the player for a week in order for it to clean the lens correctly. Shame On You Maxell... Shame Shame!",
    "date_unix": 1388620800,
    "date": "2014-01-02T00:00:00"
}