{
    "asin": "B000001OMA",
    "helpful": [
        0,
        0
    ],
    "overall": 3.0,
    "summary": "Doubtful as to it's efficacy.",
    "reviewer_id": "A3SRZ0L60PNCVE",
    "reviewer_name": "Matthew K. Smith \"m.k. smith\"",
    "text": "i have my doubts as to whether these things do any good or not. never once have i had one clear up a burn problem. there is no substitute for opening the cabinet and blowing it out w/ something like a Datavac (see product on Amazon; it replaces all those cans of compressed air. one of the best investments i've ever made. i blow the dust of discs BEFORE i put them in the player. that's how most dust get's in them, on the discs!), and cleaning the lens w/ a foam tipped swab and pure alcohol.",
    "date_unix": 1404432000,
    "date": "2014-07-04T00:00:00"
}