{
    "asin": "B000001ON6",
    "helpful": [
        0,
        0
    ],
    "overall": 4.0,
    "summary": "vhs tape cleaner",
    "reviewer_id": "A1E7VTRDMI4XMV",
    "reviewer_name": "Hal \"Hal\"",
    "text": "These products are hard to find anymore. While it does appear that this product does clean the heads, the one thing it does not appear to do, is rewind the tape upon completion. Do not know why it is becoming difficult to find tape head cleaning products such as this anymore considering that the DVD/VHS players are still being sold.",
    "date_unix": 1400630400,
    "date": "2014-05-21T00:00:00"
}