{
    "asin": "0972683275",
    "helpful": [
        0,
        0
    ],
    "overall": 4.0,
    "summary": "Very sturdy.  As advertised",
    "reviewer_id": "A10S9NK38WEQ65",
    "reviewer_name": "John Vesik",
    "text": "Very concerned over hanging a 46&#34; tv on the wall.  Got this mount due to low price.  Very impressed.  No doubt it will handle a 30# TV.  Allows full 90 degree rotation with 21&#34; from wall to centerline at maximum extension.",
    "date_unix": 1389052800,
    "date": "2014-01-07T00:00:00"
}