{
    "asin": "B000001ON6",
    "helpful": [
        0,
        1
    ],
    "overall": 1.0,
    "summary": "VCR's reject it",
    "reviewer_id": "A2OXV9Q03XSKV6",
    "reviewer_name": "Peter A. Dahl",
    "text": "I have three VCR's - A Sony DVD and VCR Player/ Recorder, a DVD and VCR  Recorder and Player, and a third VCR player/recorder.  All take the Maxell cleaner in but after about a second of play, they stop.  Virtually no cleaning results.",
    "date_unix": 1397692800,
    "date": "2014-04-17T00:00:00"
}