{
    "asin": "B00000J061",
    "helpful": [
        0,
        0
    ],
    "overall": 5.0,
    "summary": "Great for AM DX",
    "reviewer_id": "A2Z6K5LQUZU08X",
    "reviewer_name": "G. Miller",
    "text": "I have always enjoyed listening to far away AM stations at night (DXing) and this radio is one of the better ones for that purpose, even compared to much more expensive radios. It is simple to use with a large internal ferrite antenna. I have never connected it to an external antenna (screws for this are on the back) or antenna tuner, which I imagine would improve reception. Most new radios have digital synthesized tuners and while that adds tuning accuracy, it often adds noise that is bad for DXing. This radio is not the best built and has known quality control issues such as tuning inaccuracies that can be rectified. It isn't tiring to listen to because it has good sound quality due to the large main speaker, tweeter and bass/treble controls. The FM section works very well too. I do not DX FM so can't comment on it's long distance capabilities but it sounds good and holds the stations well. It uses long running D cells but I use the internal AC power supply - the AC cord is permanently attached.There are many reviews of this storied radio on the net you can read so I won't go on and on. It looks like the RCA model replaced the GE but I imagine it is the same radio other than the name on the front.I was fortunate to find a Superadio II at a thrift store and enjoy that earlier model as well.",
    "date_unix": 1390435200,
    "date": "2014-01-23T00:00:00"
}