{
    "asin": "0972683275",
    "helpful": [
        0,
        0
    ],
    "overall": 5.0,
    "summary": "Good arm",
    "reviewer_id": "A1OYA1IESSJ8F6",
    "reviewer_name": "Kevin",
    "text": "I use this arm to mount my 39 inch Vizio. I'm surprised my TV has a 100x100 mount thingy. It can tilt left and right, up and down. I do wish it swiveled the TV so that it wasn't crooked. When the bolts get loose, my TV looks crooked.",
    "date_unix": 1390262400,
    "date": "2014-01-21T00:00:00"
}