{
    "asin": "0972683275",
    "helpful": [
        0,
        0
    ],
    "overall": 4.0,
    "summary": "Sturdy and easy to install",
    "reviewer_id": "A212REVB5AFP02",
    "reviewer_name": "Manfried \"Ruffmouse\"",
    "text": "I have an older very heavy 36&#34; Samsung High Def TV that weighs substantially more than my new 42&#34;. I replaced my old basement CRT tv with it, installed the VideoSecu mount easily and it does the job. I was amazed, the price from Amazon was only $30 dollars and with prime I got free 2 day shipping. The original price was $149. Wow, what a reduction!",
    "date_unix": 1394064000,
    "date": "2014-03-06T00:00:00"
}