{
    "asin": "B00000J1EP",
    "helpful": [
        0,
        0
    ],
    "overall": 5.0,
    "summary": "just awesome",
    "reviewer_id": "A380W12QEPG2BO",
    "reviewer_name": "stephanie wilson",
    "text": "if you love to record music from cd's or the radio, & dont want to pay an arm & a leg for good quality tapes, these are for you!  i have bought 3 '15' count packages of them so far. im very happy. i intend to buy more.",
    "date_unix": 1394150400,
    "date": "2014-03-07T00:00:00"
}