{
    "asin": "B00000J1EP",
    "helpful": [
        0,
        0
    ],
    "overall": 4.0,
    "summary": "MAXELL NORMAL BIAS UR-90 (15- PACK) STANDARD SIZE CASSETTES",
    "reviewer_id": "A3NR9E16US91MM",
    "reviewer_name": "STEVE PURDY",
    "text": "SO FAR, I HAVE BEEN ABLE TO USE THESE CASSETTES OVER AND OVER AGAIN WITH NO PROBLEMS IN THE QUALITY OF SOUND PRODUCED BY THEM, I REALLY ENJOY THE BLANK TAPES AS I AM ABLE TO DO WHAT I NEED TO GET DONE, NO PROBLEMS.",
    "date_unix": 1389139200,
    "date": "2014-01-08T00:00:00"
}