{
    "asin": "B00000J1EQ",
    "helpful": [
        0,
        0
    ],
    "overall": 3.0,
    "summary": "OK",
    "reviewer_id": "A3JHBKWQWS36YL",
    "reviewer_name": "Charlene",
    "text": "there's not much choice for vhs tapes now, I'm happy I can still find them on Amazon. I would give this a better rating if one of the tapes hadn't had a broken piece internally, I could hear it rattling and when I took the tape apart there was a piece snapped off. but they were cheap enough that I didn't bother to return the package.",
    "date_unix": 1400889600,
    "date": "2014-05-24T00:00:00"
}