{
    "asin": "0972683275",
    "helpful": [
        0,
        0
    ],
    "overall": 5.0,
    "summary": "Still Standing",
    "reviewer_id": "A3TAT80JCWYGB4",
    "reviewer_name": "Mark A. Myers",
    "text": "The TV is still hanging from the wall so that's a good thing. The info for this wall mount says it is good for up to 66 LBS. Our old Phillips 37&#34; flat screen weighs 58 LBS (including the stand) and after 3 weeks the TV and mount are secured to the wall via a vertical 2 x4&#34; frame member. The mount came with almost every imaginable combination of nuts, bolts and spacers and straps to fit various size and brand TVs. I had no problem coming up with the right combination for my big and heavy old Phillips.",
    "date_unix": 1389052800,
    "date": "2014-01-07T00:00:00"
}