{
    "asin": "B00000J1EQ",
    "helpful": [
        0,
        0
    ],
    "overall": 4.0,
    "summary": "good tapes for older kinds of recorders",
    "reviewer_id": "A4MQ4HZF3Q7JV",
    "reviewer_name": "Edward J. Blotzer",
    "text": "I have used Maxwell for some time. I liked the price and having used these in the past, you can retape over them many, many times. I use them to tape television shows on air after my bedtime. You get good, clear pictures even after several months of taping. I would reorder these again. Also, there are few, if any, places locally to purchase any brand of VHS tapes.",
    "date_unix": 1388534400,
    "date": "2014-01-01T00:00:00"
}