{
    "asin": "B00000J1EQ",
    "helpful": [
        0,
        0
    ],
    "overall": 5.0,
    "summary": "Video tapes",
    "reviewer_id": "A1CAGTNRSFHJNJ",
    "reviewer_name": "Joyce Anne Laird \"writer\"",
    "text": "They are hard to find these days. I still prefer my VCR to DVD because I simply do not want to keep 90% of what I record and VCR is still the best way to go. DVDs are too expensive and I do not use cable or satellite or things like that. I get over 100 digital channels with my rabbit ears  and have very little time to actually watch TV, so I still rely on my good old VCR/DVD recorder to help me eventually view shows I want to see -- when I get the time.",
    "date_unix": 1389312000,
    "date": "2014-01-10T00:00:00"
}