{
    "asin": "B00000J1EQ",
    "helpful": [
        0,
        0
    ],
    "overall": 4.0,
    "summary": "OMG who still uses these?",
    "reviewer_id": "A3SZ4CWC3X19SI",
    "reviewer_name": "LawMan87 \"Travel Guru\"",
    "text": "The answer is me hahaYup I am living in the 80's. I have three vcr's that and still enjoy watching or buying discount vcr movies or old ones I have filmed. And yes, guilty as charged, I still use them to tape shows I have missed. This is a good value for the 4 pack and I tape over them after watching whatever I have taped and so far no issues. I think you can tape over about 30 times before the quality starts dropping",
    "date_unix": 1400457600,
    "date": "2014-05-19T00:00:00"
}