{
    "asin": "B00000J1EQ",
    "helpful": [
        0,
        0
    ],
    "overall": 5.0,
    "summary": "Price was right",
    "reviewer_id": "A21OA8773GTIKD",
    "reviewer_name": "old dude",
    "text": "A couple of the tapes required break in and I suggest a fast forward and rewind before you start recording. I have DMRs and record TV shows on EP mode. Both sound and video are good even on a 60&#34; 3-D Plasma and 350w sound system.",
    "date_unix": 1394236800,
    "date": "2014-03-08T00:00:00"
}