{
    "asin": "B00000J1EQ",
    "helpful": [
        0,
        0
    ],
    "overall": 4.0,
    "summary": "GOOD BUT NEEDED MORE",
    "reviewer_id": "A9WFV9DEWY4S0",
    "reviewer_name": "S. DAY \"S M DAY\"",
    "text": "These VHS tapes are good but after I got them I realized that I needed more time but this was no fault of the Manufacturer and since they are no longer available it does not matter now.I have found them at another website with more hours.  Now I just have to remember how to use them to my advantage.",
    "date_unix": 1395619200,
    "date": "2014-03-24T00:00:00"
}