{
    "asin": "B00000J1QK",
    "helpful": [
        0,
        0
    ],
    "overall": 3.0,
    "summary": "Neither good nor bad",
    "reviewer_id": "A34LK05I5S49LP",
    "reviewer_name": "Alfred S. Vulpis",
    "text": "Used it as directed on a polkaudio cd player, and it did not improve the machine.  Cannot say for sure that the product didn't work, or the machine is just broken.  Machine started to not recognize certain cds that it played before.  Using the cleaner did not improve the machines performance.",
    "date_unix": 1389225600,
    "date": "2014-01-09T00:00:00"
}