{
    "asin": "B00000J1QK",
    "helpful": [
        0,
        0
    ],
    "overall": 5.0,
    "summary": "Did The Job",
    "reviewer_id": "A19DJFABUM7D1K",
    "reviewer_name": "TJ Ohio",
    "text": "My professional CD players have always performed well.  They are &#34;broadcast quality&#34; units and it is just not acceptable to have them skip or not read a disc.  One of my players recently began to do just that and I was hoping to just get the lens cleaned with a laser-lens cleaner.  This particular product did the job and so far the unit reads better and does not skip anymore.",
    "date_unix": 1392422400,
    "date": "2014-02-15T00:00:00"
}