{
    "asin": "B00000J1SC",
    "helpful": [
        0,
        0
    ],
    "overall": 2.0,
    "summary": "There are better choices",
    "reviewer_id": "A4OGL6HINEZVL",
    "reviewer_name": "D. Hirsch",
    "text": "As others have noted, there is only a small amount of velcro to hold.Also, I like the type of ties that you can wrap first around the cable (so you don't lose the tie) and then around the bundle.With the way these work, you can't do that.If you want ties in different colors and you won't be using them much (e.g. wrapping up a cable and storing it in a drawer until you need it) then these might be ok..but for the road warrior trying to keep all his cables organized, pick something else.",
    "date_unix": 1389657600,
    "date": "2014-01-14T00:00:00"
}