{
    "asin": "B00000J1SC",
    "helpful": [
        0,
        0
    ],
    "overall": 1.0,
    "summary": "Not exactly what i was hoping for...",
    "reviewer_id": "A3T643FOKZCYEC",
    "reviewer_name": "John C",
    "text": "I was looking for Velcro ties that had the loop that i could slide the many iPad/iPhone cables i carry through. These ties will keep your cables bundled individually but i would prefer an additional loop or eye for the cable than i would wrap the excess around.",
    "date_unix": 1393804800,
    "date": "2014-03-03T00:00:00"
}