{
    "asin": "B00000J1SC",
    "helpful": [
        0,
        0
    ],
    "overall": 4.0,
    "summary": "Best ties on the market",
    "reviewer_id": "APRFTIZ7PB4S8",
    "reviewer_name": "Kathy Kursar",
    "text": "I love the fact that they work well, don't separate and can hold alot of cords at the same tome.  My husband hates seeing cables all mess - I always have a spare set for him.  All the cables are color coordinated at are place and these are the reason why",
    "date_unix": 1394409600,
    "date": "2014-03-10T00:00:00"
}