{
    "asin": "B00000J1SC",
    "helpful": [
        0,
        0
    ],
    "overall": 5.0,
    "summary": "Great Wire Wraps !",
    "reviewer_id": "A9P4Q7KX35RS2",
    "reviewer_name": "L. Jones",
    "text": "Needed some wire wraps (instead of wire ties) to keep my bass guitar amp power cord and equipment cord(s) in place while not in use. I tried some other brands and was more of a &#34;pain&#34; than help. Seen this at Amazon and it couldn't work better. Easy to put on and easy to remove and keeps the cables nicely tied when needed. Get price too even if it is an &#34;Add-On Item&#34;. Thanks : )",
    "date_unix": 1390694400,
    "date": "2014-01-26T00:00:00"
}