{
    "asin": "B00000J1SC",
    "helpful": [
        0,
        0
    ],
    "overall": 3.0,
    "summary": "Paying for a brand name",
    "reviewer_id": "A35Z26M69ZK7EJ",
    "reviewer_name": "TyNick",
    "text": "The product works great but after doing a little more research I found that you can get 100 Velcro cable ties for about $7. With these, you're basically paying for the little Belkin label that is sewn on. Just do an Amazon search for Velcro Reusable Self-Gripping Cable Ties.I don't recommend this product unless you absolutely only need 5 of them and want a brand name sewn on. They did work great but just not worth it to me compared to other options on Amazon.",
    "date_unix": 1391126400,
    "date": "2014-01-31T00:00:00"
}