{
    "asin": "B00000J1SC",
    "helpful": [
        0,
        0
    ],
    "overall": 5.0,
    "summary": "good quality - very useful and handy",
    "reviewer_id": "A3J0IFH0TYTVHQ",
    "reviewer_name": "WakeyG \"GCK\"",
    "text": "those are exceptionally well made. I used &#34;cheapo&#34;-products before but these are really nice quality and come with a sling on one end that allow you to slide it onto a wire, provided the plug on either side is not too large, so it does not fall off when untied.",
    "date_unix": 1395878400,
    "date": "2014-03-27T00:00:00"
}