{
    "asin": "B00000J1U8",
    "helpful": [
        0,
        0
    ],
    "overall": 5.0,
    "summary": "Belkin USB Extension Cable",
    "reviewer_id": "A37KC1KU0JPI1K",
    "reviewer_name": "Drakkenfyre",
    "text": "It's an extension. Kind of hard to say more than that. It's a Belkin cable, so it's good quality. The ends have molded strain reliefs. This is a USB 1.1 cable, however, so data transfer speeds will be slower. But if you are using it only to charge something, it won't affect it.",
    "date_unix": 1404777600,
    "date": "2014-07-08T00:00:00"
}