{
    "asin": "B00000J1V3",
    "helpful": [
        0,
        0
    ],
    "overall": 5.0,
    "summary": "Belkin A3L791-S 50-Foot RJ45 CAT 5e Snagless Molded Patch Cable (Gray)",
    "reviewer_id": "A3E37ZYITKUQNL",
    "reviewer_name": "Tatyana from North Carolina",
    "text": "Belkin A3L791-S 50-Foot RJ45 CAT 5e Snagless Molded Patch Cable worked great for my computer, without any problems. We have a wireless Internet/connection in the house now, but I keep Belkin A3L791-S 50-Foot 5e Snagless Molded Patch Cable...",
    "date_unix": 1391558400,
    "date": "2014-02-05T00:00:00"
}