{
    "asin": "B00000J1V5",
    "helpful": [
        0,
        0
    ],
    "overall": 5.0,
    "summary": "Good quality and fit",
    "reviewer_id": "A3QX0ERX4D03TF",
    "reviewer_name": "ButterflyGuy",
    "text": "The quality of this cable from Belkin seems to be good. They fit my router and are easy to install and remove. I have had trouble with some Ethernet cables in the past so I bought 3 different sizes of Belkin  and they all worked great.I even tested the cable and it was fine. I'll definitely buy these again in the future.",
    "date_unix": 1390867200,
    "date": "2014-01-28T00:00:00"
}