{
    "asin": "B00000J1V5",
    "helpful": [
        0,
        0
    ],
    "overall": 5.0,
    "summary": "Good cable, good price",
    "reviewer_id": "A3HZ83EUW587RM",
    "reviewer_name": "Grandpa45",
    "text": "I'm so sick of most local stores overcharging for cables.  I always try to buy my cables online.  Sometimes you don't really know what you are getting though.  This one worked perfect and I would not hesitate to buy again.  Good cable, good price!",
    "date_unix": 1388534400,
    "date": "2014-01-01T00:00:00"
}