{
    "asin": "B00000J1V5",
    "helpful": [
        0,
        0
    ],
    "overall": 5.0,
    "summary": "Somewhere in between.",
    "reviewer_id": "A1IGVPJTW1ED3W",
    "reviewer_name": "Michael K.",
    "text": "Yet another example of Belkin getting it Right! This is not a unique length-it's the right length. Printers or other devices that are not immediately adjacent to all the other equipment need this length. Another great product at a good price by Belkin.",
    "date_unix": 1395705600,
    "date": "2014-03-25T00:00:00"
}