{
    "asin": "B00000J1V5",
    "helpful": [
        0,
        0
    ],
    "overall": 5.0,
    "summary": "It Works As It Should",
    "reviewer_id": "A3V5YGSE1SBERA",
    "reviewer_name": "vaclubmaker",
    "text": "Hey, it's just a CAT5e cable and it seems to work as intended.  I didn't test it to see if it would work at Gigabit speeds (which a CAT5e should) but it works fine to connect my network-attached color laser printer to a local Ethernet switch.",
    "date_unix": 1400457600,
    "date": "2014-05-19T00:00:00"
}