{
    "asin": "B00000J1V5",
    "helpful": [
        0,
        0
    ],
    "overall": 3.0,
    "summary": "Slightly damaged, but working perfectly",
    "reviewer_id": "A3RVAT0EUNM2MI",
    "reviewer_name": "Varun Reddy",
    "text": "I got this cable to connect my laptop to the internet occasionally as the wi-fi is pretty bad.The wire didnt look or feel like new and out of the box.I saw that there were bends and it felt cheap.I was going to return it, but it gets the job done and has no loss of speed.So for the price there are not a lot of complaints.",
    "date_unix": 1401408000,
    "date": "2014-05-30T00:00:00"
}