{
    "asin": "B00000J3UJ",
    "helpful": [
        0,
        0
    ],
    "overall": 1.0,
    "summary": "don't bother!  hunk of junk",
    "reviewer_id": "A24UIMLT48Z09O",
    "reviewer_name": "C. Collier \"Clint Collier\"",
    "text": "When will Amazon wise up and allow NO stars for a rating?This is so cheaply made it is worthless.  The battery compartment is &#34;held in place&#34; by a tiny plastic bar.  Broke almost immediately on my unit making the thing totally useless; with out the battery compartment locked in place it simply doesn't work.  They might as well have made the cable out of a piece of string!Don't waste your money",
    "date_unix": 1396915200,
    "date": "2014-04-08T00:00:00"
}