{
    "asin": "B00000J4DV",
    "helpful": [
        0,
        0
    ],
    "overall": 4.0,
    "summary": "Exactly as described and it works well",
    "reviewer_id": "AFJ6LHAGTA6LS",
    "reviewer_name": "STEPHEN E HALL",
    "text": "This is exactly as I expected and as described. Simple to install. Sturdy &#34;module&#34; attachment via included Super Glue.  Cable is long enough for three items.  I ran mine through a large eye-screw in the wall to keep the systems from going anyplace.I suppose this item might deserve 5-stars - but, by necessity and function, it's not every attractive. Not really Kensington's fault on that.  But something ingenious would earn a 5th star :)",
    "date_unix": 1396137600,
    "date": "2014-03-30T00:00:00"
}