{
    "asin": "B00000J4EY",
    "helpful": [
        0,
        0
    ],
    "overall": 5.0,
    "summary": "Makes for a great charging station",
    "reviewer_id": "A37RCN295YXNKD",
    "reviewer_name": "Amazon Customer \"DIYgal\"",
    "text": "This multi-outlet has a long cord (16') so we were able to make a charging area for 6 devices (and their respective adapters of all shapes and sizes) quite far from the outlet.  The product also looks nice enough to have out in plain sight.",
    "date_unix": 1394841600,
    "date": "2014-03-15T00:00:00"
}