{
    "asin": "B00000J4EY",
    "helpful": [
        0,
        0
    ],
    "overall": 5.0,
    "summary": "Exactly what I needed.",
    "reviewer_id": "A13E4PY6OVAGTX",
    "reviewer_name": "Gadget Guru",
    "text": "This does exactly what I needed: it provides a surge strip with plenty of room for transformer wall warts.Some of the pluses:1) The cord is nice and long and the plug is flat so it can go behind furniture.2) The outlets are color coded and it includes a couple of sets of corresponding color cord stickers you can put on device cords so you know what device you are unplugging when the cords all look alike.3) The device itself is actually smaller than it appears in the pictures. For me, that's good because it takes up less space. The footprint is roughly the size of a salad plate.4) Like most other plug strips, there are slots on the back to allow it to be mounted on a wall, the side of a desk or on the bottom of a shelf.I'm very satisfied with my purchase.",
    "date_unix": 1391385600,
    "date": "2014-02-03T00:00:00"
}