{
    "asin": "B00000J4EY",
    "helpful": [
        0,
        0
    ],
    "overall": 5.0,
    "summary": "smartsocets 6-outlet",
    "reviewer_id": "A1YJ09IVYZ0FW0",
    "reviewer_name": "Jim Skinner",
    "text": "it is small enough to sit om my desk and large enough to hold all of my chargers  it eliminated the cord clutter on the desk and the colour code is fantastic and it is approved by ul and csa expensive but well worth it will recommed to my friends",
    "date_unix": 1395014400,
    "date": "2014-03-17T00:00:00"
}