{
    "asin": "B00000J4GE",
    "helpful": [
        0,
        0
    ],
    "overall": 4.0,
    "summary": "they cool....do the job",
    "reviewer_id": "A2ZWLZHPWI6JGG",
    "reviewer_name": "Felicia Wiggins \"Wonder Woman\"",
    "text": "ummm the paper is slightly thicker than regular paper. it never jammed my printer. it has perforated lines for folding but it didnt work out like that for my printer. maybe i aint doing something right but to gets the job done so whatever",
    "date_unix": 1395619200,
    "date": "2014-03-24T00:00:00"
}