{
    "asin": "B00000JBHP",
    "helpful": [
        0,
        0
    ],
    "overall": 5.0,
    "summary": "Very happy!",
    "reviewer_id": "AGI34T5QZWBBC",
    "reviewer_name": "Dee L. \"Dee\"",
    "text": "I purchased these headphones to go w/my electric piano and I am delighted w/them and so is my family!  Now I can practice as often as I want and not bother anyone,  Great sound and light on the head so no headaches and great price, very affordable!",
    "date_unix": 1400284800,
    "date": "2014-05-17T00:00:00"
}