{
    "asin": "B00000JCT8",
    "helpful": [
        0,
        2
    ],
    "overall": 5.0,
    "summary": "Work Perfect!",
    "reviewer_id": "A449KVVGC9J7I",
    "reviewer_name": "Carl",
    "text": "These work perfectly with my Motorola MR350 radios, also purchased fromAmazon. I got them (headsets) only as an after-thought. The sensitivity settings on theradios (for head-set-use) for VOR use are a little touchy. I prefer using thePTT button WITH headsets connected... No breathing or extraneous soundskicking in the transmitter. Still, a good headset.",
    "date_unix": 1389139200,
    "date": "2014-01-08T00:00:00"
}