{
    "asin": "B00000JD34",
    "helpful": [
        0,
        0
    ],
    "overall": 3.0,
    "summary": "Doesnt work well skiing",
    "reviewer_id": "A18011LY5SHJSV",
    "reviewer_name": "Deserteagle",
    "text": "Bought it for skiing and although its convenient, its hard to understand people on it. I think itay just be the cold temperature but its been pretty awful about every time I've skied. I used it on a warm day to test it and it seemed fine though. Guess it just isn't great for what I had in mind . The cord is also very short.",
    "date_unix": 1395792000,
    "date": "2014-03-26T00:00:00"
}