{
    "asin": "B00000JDF5",
    "helpful": [
        0,
        0
    ],
    "overall": 4.0,
    "summary": "Good cables at a reasonable price. The choice of COLORS was my main reason for choosing this series of cables.",
    "reviewer_id": "A1K2Q0OI20VB24",
    "reviewer_name": "Don",
    "text": "It is nice to have color coded cables in order to keep track of what goes where. I recently rewired my office and have now color-coded everything, and it is making things MUCH easier. It's nice to know the external network drive is purple, and the networked printer is yellow, etc...",
    "date_unix": 1400976000,
    "date": "2014-05-25T00:00:00"
}