{
    "asin": "B00000JDF5",
    "helpful": [
        0,
        0
    ],
    "overall": 5.0,
    "summary": "It is a length of blue CAT 5 cable",
    "reviewer_id": "A2I3RZM3UC2Z3G",
    "reviewer_name": "Mark A. Malo",
    "text": "Ok, so it didn't disintegrate when I opened the package.  The twisty ties were twisty and tied.  The clips on both ends clipped properly. It did not break the first time I used it.  It didn't break when I had to unplug and re-plug it.  It fits most brands of cable management systems.  And data flows through it nicely.I love it.",
    "date_unix": 1401235200,
    "date": "2014-05-28T00:00:00"
}