{
    "asin": "B00000JDF5",
    "helpful": [
        0,
        0
    ],
    "overall": 5.0,
    "summary": "Gets the Job done",
    "reviewer_id": "A3RVAT0EUNM2MI",
    "reviewer_name": "Varun Reddy",
    "text": "I connect a long ethernet wire to TP-LINK TL-SF1005D 5-port 10/100Mbps Desktop Switch which inturn uses 3 of these belkin ethernet cables to connect all my devices and they work perfectly.I connect my TV, XONE and PS4 and all of them work at full speed.",
    "date_unix": 1401408000,
    "date": "2014-05-30T00:00:00"
}