{
    "asin": "B00000JDHV",
    "helpful": [
        0,
        0
    ],
    "overall": 3.0,
    "summary": "3Com 00371800 HomeConnect PC Digital Camera",
    "reviewer_id": "A2ZY199QQQY3FB",
    "reviewer_name": "T. Lovelace \"TomL\"",
    "text": "&#34;Great camera. But it is made for Widows 95, Windows 98, and Windows 2000. The furnished drivers are for those systems only, and will not work with later operating systems. Also, I cannot locate any Vista or Win7 drivers for the camera. Too bad !The Mac does not even recognize that the camera is connected.",
    "date_unix": 1391990400,
    "date": "2014-02-10T00:00:00"
}