{
    "asin": "B00000JI4F",
    "helpful": [
        0,
        0
    ],
    "overall": 4.0,
    "summary": "Sabrent External USB 1.44 MB 2x Floppy Disk Drive (FL-UDRV) Black",
    "reviewer_id": "A2CPG57XFTOBDL",
    "reviewer_name": "art",
    "text": "The product was delivered on time and seems to work OK, albeit a little slow - but floppies are slow. I used this to transfer some data from an older XP machine to my new Windows 8 computer. No problem as far as I can presently determine.",
    "date_unix": 1393113600,
    "date": "2014-02-23T00:00:00"
}