{
    "asin": "B00000JI4F",
    "helpful": [
        0,
        0
    ],
    "overall": 5.0,
    "summary": "Can believe I bought this",
    "reviewer_id": "A3RH8D7NKLP2JS",
    "reviewer_name": "Daniel Wier",
    "text": "Had a client who brought me a 3.5&#34; disk and told me he had to have the data off of it.  Never thought I would have to buy a floppy drive or even use one.  Crazy, but this did exactly what I needed it for even in Windows 8.1.  I figured when I plugged this into an 8.1 machine, Windows would basically tell me, &#34;What is this?  1.44 MB, hahahah&#34;",
    "date_unix": 1396828800,
    "date": "2014-04-07T00:00:00"
}