{
    "asin": "1400501520",
    "helpful": [
        0,
        1
    ],
    "overall": 5.0,
    "summary": "Great tablet for my daughter!",
    "reviewer_id": "A35SB5XA89HR41",
    "reviewer_name": "bookloveranne \"booklover6\"",
    "text": "I got this for my little girl, as she filled up her 8gb tablet with games. We just love the Nook HD tablets. The fact they have Google Play, and you can change the background to a nice picture, makes these tablets superior in most ways, to the Kindle Fire. Yes, the Fires have their own advantages (we have some) but overall, we prefer the Nook HDs.",
    "date_unix": 1394409600,
    "date": "2014-03-10T00:00:00"
}