{
    "asin": "B00000JI4F",
    "helpful": [
        0,
        0
    ],
    "overall": 5.0,
    "summary": "Great product - works well with Windows 8",
    "reviewer_id": "A2JLDER5UES1Q3",
    "reviewer_name": "J. Walhs \"jw\"",
    "text": "Easy to install (just plug it in) and you have instant floppy. I have a few old photo disks that I wanted to copy the files off of and no computer with a floppy disk. Very inexpensive but well constructed and works great.",
    "date_unix": 1396310400,
    "date": "2014-04-01T00:00:00"
}