{
    "asin": "B00000JI4F",
    "helpful": [
        0,
        0
    ],
    "overall": 5.0,
    "summary": "Excellent Floppy Drive",
    "reviewer_id": "A1NZLRAZJGD99W",
    "reviewer_name": "Kimo",
    "text": "Easy hook up --- just plug and play.  Now that non of the newer computers have a floppy drive, I thought it was important to get a drive before they stop making them.  I have a lot of old photos and documents stored on floppies and no way to access them, until I got this drive.  I like it so well that I will probably order another one.",
    "date_unix": 1392854400,
    "date": "2014-02-20T00:00:00"
}