{
    "asin": "B00000JI4F",
    "helpful": [
        0,
        0
    ],
    "overall": 5.0,
    "summary": "Great device",
    "reviewer_id": "A1YW7H051M0ME3",
    "reviewer_name": "LanFear",
    "text": "I never thought i would need to look at a floppy drive again, but lo and behold, a customer had some very important data stored on some very old floppies.  This saved his data and his price can't be beat.  Not a bad addition to have for your toolkit for that rainy day.",
    "date_unix": 1397433600,
    "date": "2014-04-14T00:00:00"
}