{
    "asin": "B00000JI4F",
    "helpful": [
        0,
        0
    ],
    "overall": 4.0,
    "summary": "I used it once and it worked",
    "reviewer_id": "AOBGKBBDODKIP",
    "reviewer_name": "NoOne2You",
    "text": "I bought this to transfer very old floppy files to a thumb drive. I plugged the USB drive into a Windows 7 64bit computer and it was immediately recognized.  This was a one-off transfer, it worked and I won't use it again. Dealing with a floppy made me appreciate modern data storage. God love anyone still using floppies...they have the patience of a saint. File transfers are slow because of the old technology, not the drive. The 4th star was for the easy plug and play, otherwise my rating is a neutral 3.",
    "date_unix": 1399507200,
    "date": "2014-05-08T00:00:00"
}