{
    "asin": "B00000JI4F",
    "helpful": [
        1,
        1
    ],
    "overall": 4.0,
    "summary": "Pretty Good USB Floppy Disk Drive",
    "reviewer_id": "A38BUEXQR3ERCX",
    "reviewer_name": "Np",
    "text": "I received a defective one the first time and it would take forever to load any file or it wouldn't load it at all.  So we contacted the company through amazon and they sent us another one free of charge.  The second one works just fine and have not had any problems with it.  It is nice being able to save all my old files on a computer and not having to lose them.  It also works great for if you want to install an old operating system on another computer that doesn't accept floppy disk.",
    "date_unix": 1399420800,
    "date": "2014-05-07T00:00:00"
}