{
    "asin": "B00000JI4F",
    "helpful": [
        2,
        2
    ],
    "overall": 1.0,
    "summary": "device was DOA",
    "reviewer_id": "A1WREU7PGTX98P",
    "reviewer_name": "PDT",
    "text": "I plugged it into my computer and... nothing. Tried it in several different computers (windows 7 and windows 8) and the device is completely dead. Will not be recognized by computers. The worst part is I cannot return it as of a few days ago. I would recommend trying a different brand.",
    "date_unix": 1402963200,
    "date": "2014-06-17T00:00:00"
}