{
    "asin": "B00000JI4F",
    "helpful": [
        0,
        0
    ],
    "overall": 5.0,
    "summary": "Just the ticket to retrieve files from those old floppy disks",
    "reviewer_id": "AZQTJ6HUS5L2Q",
    "reviewer_name": "toobig4u",
    "text": "*  It is indeed plug and play...I just plugged it into the USB on my Lenovo laptop (Windows 7).  I was able to view every file on numerous floppy disks.*  Great price.  If you have some old, old floppies around, I recommend getting this little beauty.  You might have some wonderful old files/memories you had forgotten about on those floppies.",
    "date_unix": 1393372800,
    "date": "2014-02-26T00:00:00"
}