{
    "asin": "B00000K135",
    "helpful": [
        0,
        0
    ],
    "overall": 5.0,
    "summary": "Great Quality Item ...",
    "reviewer_id": "A3TBMGNSEQBWIL",
    "reviewer_name": "Canadian Gypsy",
    "text": "Works - prompt delivery - not issues - OEM brother cart - works just fine in my label maker - not sure with whats up with Amazon's posting filters - their trying to tell me my original review couldn't be posted ? - its a great product ! - like what gives ?",
    "date_unix": 1393113600,
    "date": "2014-02-23T00:00:00"
}