{
    "asin": "B00000K135",
    "helpful": [
        0,
        0
    ],
    "overall": 5.0,
    "summary": "Genuine Brother replacement tape",
    "reviewer_id": "A1R3T01MVZU6Z5",
    "reviewer_name": "James C.",
    "text": "This spool of replacement tape shipped quickly, fit our Brother P-Touch perfectly and was priced at less than half of what the office store was selling for.  The ink prints black on a white tape face.  These economical replacements allow for labeling with reckless abandon.",
    "date_unix": 1395187200,
    "date": "2014-03-19T00:00:00"
}