{
    "asin": "B00000K135",
    "helpful": [
        0,
        0
    ],
    "overall": 5.0,
    "summary": "Best price on M tape",
    "reviewer_id": "A148WA455FCXQZ",
    "reviewer_name": "Joan M Browning \"Joan M. Browning\"",
    "text": "I like having two labelers - the larger Brother P-touch which takes TZ tape cartridges and the smaller brother P-touch which takes M tapes. I've found the lowest price for both tapes is on amazon.com. I keep a red on white tape in one and a black on white tape in the other.",
    "date_unix": 1393891200,
    "date": "2014-03-04T00:00:00"
}