{
    "asin": "B00000K135",
    "helpful": [
        0,
        0
    ],
    "overall": 5.0,
    "summary": "Continues to do just what it is designed for",
    "reviewer_id": "A17BH0ZOXHDFJJ",
    "reviewer_name": "Michele",
    "text": "I have been using M cartridges for my P-Touch for years to label anything and everything, including all of those pesky cords and chargers that seem to multiply around the house. We kept ending up with boxes of cords and cables that no one quite knew what they went to, and in many cases they went to devices that had been tossed long ago. By labeling cords when they come in the door, I can better keep track of them and eventually dispose of them without fear of reprisal. The adhesive lasts indefinitely (I haven't had any come loose in the time I have been using the product) and the cartridges dispense correctly every time.",
    "date_unix": 1395014400,
    "date": "2014-03-17T00:00:00"
}