{
    "asin": "B00000K135",
    "helpful": [
        0,
        0
    ],
    "overall": 5.0,
    "summary": "Economical way to buy!",
    "reviewer_id": "A2KJXBI3V1MZNM",
    "reviewer_name": "QuietType",
    "text": "Purchasing in quantity is a great way to buy the M-tape for Brother labelers. I have been using a P-Touch for years, and love it. Practically indestructible. The one I have at my office has to be over 10 years old. Just bought a new P-Touch for home, and hope I get the same service from it. Anyway, the Brother replacement tapes have always been reliable, print well, and they are durable.",
    "date_unix": 1393804800,
    "date": "2014-03-03T00:00:00"
}