{
    "asin": "B00000K13I",
    "helpful": [
        0,
        0
    ],
    "overall": 5.0,
    "summary": "brother tz131 blk and clr 1/2 inch label tape",
    "reviewer_id": "A16C19G0I2DE8S",
    "reviewer_name": "D. Dube \"Just Like Computers\"",
    "text": "Based on price and availability i bought this product. Although never using one previously i felt that this was the right choice for me. It appears well made and easy to use. Finish is good and does what it suppposed to. That was what i wanted. I would recommend to others.",
    "date_unix": 1399593600,
    "date": "2014-05-09T00:00:00"
}