{
    "asin": "B00000K13I",
    "helpful": [
        0,
        0
    ],
    "overall": 5.0,
    "summary": "Works well",
    "reviewer_id": "AQHYPU9OIL1IL",
    "reviewer_name": "nytowl",
    "text": "This works well in our P-Touch machine. We use several different sizes and try to be conservative because of the price, but we have not had any problem with the tape getting &#34;old&#34;. We use it inside, outside, in the heat and in the cold and on utensils that go in the dishwasher and it sticks without fail.",
    "date_unix": 1393804800,
    "date": "2014-03-03T00:00:00"
}