{
    "asin": "1400501776",
    "helpful": [
        0,
        0
    ],
    "overall": 5.0,
    "summary": "This is by far the best kids tablet on the market",
    "reviewer_id": "A3OYMK6UMM871F",
    "reviewer_name": "oldcandyeater",
    "text": "It is ok for adults. Fine for older adults who are just looking to use it to read but the place where this thing shines the brightest, it is bomb proof. I gave one to my toddler boys last year and it still works 100%. It has been spilled on, dropped, stomped on, drooled on, left in the sun and even got closed in the auto door shut in our crappy minivan and it is almost perfect. A scratch here or there but truely you could never tell what torment this device has been through.I wish I could get an apple device this durable. In the same time that I have owned this tablet my family, (self and husband included) has killed no less that 3 smart phones, an ipad, one samsung device and a dvd player.The device has also survived multiple refreshes and side loading software experiments with out even flinching.I will say that the b&n; app store is pretty pitiful but like I said It's easy as pie to sideload the google play store and have access to pretty much anything you want.",
    "date_unix": 1397001600,
    "date": "2014-04-09T00:00:00"
}