{
    "asin": "B00000K2YR",
    "helpful": [
        0,
        0
    ],
    "overall": 4.0,
    "summary": "Awesome CB for occasional use",
    "reviewer_id": "AW4ZR3T63NCP0",
    "reviewer_name": "Alfred Giordano Jr.",
    "text": "Needed a CB for a Jeep Jamboree and will likely only need it once or twice a year. Perfect for this radio. Price is right, easy install, good for a Jeep where there's 0 room for full size perm CB. Did a perm antenna install, ran the coax just to the right of the console, keep the cb in the center console and pull it out when I need it. Can't speak for the portable performance but as an in-car cb, it's perfect for occasional use.",
    "date_unix": 1393372800,
    "date": "2014-02-26T00:00:00"
}