{
    "asin": "B00000K2YR",
    "helpful": [
        0,
        0
    ],
    "overall": 4.0,
    "summary": "as much as you can expect from a hand held",
    "reviewer_id": "A2DXC3PKBFPQDS",
    "reviewer_name": "Austin Milby",
    "text": "This little radio is feature rich the features just require you to be a half mile or less to the other radios. using the adapter to plug into my trucks antenna I didn't get that more range at the most maybe bumped the range up to a mile and that's it. This radio would be good for a vehicle that didn't have a cb permanent mounted or even a rental when going on vacations to get road reports from semis and to listen to the weather chanel on it. would also be good to have to and talk between two cars on a trip.",
    "date_unix": 1396569600,
    "date": "2014-04-04T00:00:00"
}