{
    "asin": "1400532620",
    "helpful": [
        0,
        0
    ],
    "overall": 3.0,
    "summary": "Could be better",
    "reviewer_id": "A1IK1ZTDHJS6WW",
    "reviewer_name": "Amazon Customer",
    "text": "This nook has a very nice format and is very easy to operate and view.  The only draw back is the Battery life is terrible.  I am charging this unit twice a day.  My former Simple Touch only needed charging once a month &#34;with the wifi ON&#34; all the time.  I would NOT recommend this product.",
    "date_unix": 1403308800,
    "date": "2014-06-21T00:00:00"
}