{
    "asin": "B00000K2YR",
    "helpful": [
        0,
        1
    ],
    "overall": 1.0,
    "summary": "Very low reach",
    "reviewer_id": "ACJWRLQLI9EYZ",
    "reviewer_name": "Felipe",
    "text": "Used it for a couple of months and decided to switch to a VHF radio. Reach is minimal, even two cars driving next to each other doesn't allow for good communication. Go for a talkabout if you look for something simple or a VHF if you want long distance good quality communication.",
    "date_unix": 1394064000,
    "date": "2014-03-06T00:00:00"
}