{
    "asin": "B00000K2YR",
    "helpful": [
        0,
        1
    ],
    "overall": 5.0,
    "summary": "Great small unit",
    "reviewer_id": "A2AIDS3RG8GKWW",
    "reviewer_name": "smithby2",
    "text": "I really don.t care for CB's but I do drive a lot and this one has saved me a lot of time and money.  Hard to believe that you can get everything you need built in to the mic without having to mount a permanent unit under your dash.  Easily moved from car to car without tools and trouble, I highly recommend this to anyone needing a CB",
    "date_unix": 1390867200,
    "date": "2014-01-28T00:00:00"
}