{
    "asin": "B00000K2YR",
    "helpful": [
        0,
        0
    ],
    "overall": 5.0,
    "summary": "Great!",
    "reviewer_id": "A65VEN5RKAEA8",
    "reviewer_name": "TheBaldEagle",
    "text": "Ok - my first CB... I love this thing... so far so good. Good quality and looks durable. I did go buy an external antenna to boost reception ($15). I'll be testing this more this weekend when I go off-roading with a buddy and his CB. I recommend this.",
    "date_unix": 1403740800,
    "date": "2014-06-26T00:00:00"
}