{
    "asin": "B00000K2YV",
    "helpful": [
        0,
        0
    ],
    "overall": 4.0,
    "summary": "This antenna isn't going to provide great range or performance",
    "reviewer_id": "A1XD710QD1HCI1",
    "reviewer_name": "Ben B.",
    "text": "This antenna isn't going to provide great range or performance, but it works OK in situations where you can't easily hard wire a CB antenna.  I installed it on my travel trailer window, to avoid drilling a hole in the roof or exterior wall. Works fine for short range CB communications in the campground, which is all I wanted to begin with.",
    "date_unix": 1397865600,
    "date": "2014-04-19T00:00:00"
}