{
    "asin": "B00000K4KH",
    "helpful": [
        0,
        1
    ],
    "overall": 4.0,
    "summary": "Nice and sturdy deterant",
    "reviewer_id": "A2B7R69TZSJA8C",
    "reviewer_name": "Nadia Ahlborg",
    "text": "I bought this cord to deter people from waltzing off with my work laptop. It feels and looks good and sturdy, and doesn't have any obvious glitches or defects, so it's doing there job well in that respect. It is a bit bulky, which works for my work computer (which is ~1&#34; thick at the hinge), but it wouldn't be suitable for my newer ultrabook.",
    "date_unix": 1389657600,
    "date": "2014-01-14T00:00:00"
}