{
    "asin": "B00000K4KH",
    "helpful": [
        0,
        0
    ],
    "overall": 5.0,
    "summary": "Love this Lock",
    "reviewer_id": "A284J4XHAKPYM6",
    "reviewer_name": "reliable consumer",
    "text": "I really love this kensington lock. It just snaps right in. No little plug for the whole is necessary. The part that locks into the whole is built onto the end of the cable. It took me a few minutes to figure out that I had to use the key to attach the lock to the Lap Top but once I figured out how to use it, it is a very quick lock or un-lock. (I could have read the directions but where's the fun in that.)",
    "date_unix": 1400371200,
    "date": "2014-05-18T00:00:00"
}