{
    "asin": "B00000K4KH",
    "helpful": [
        0,
        0
    ],
    "overall": 4.0,
    "summary": "Poor Directions",
    "reviewer_id": "A2IQMBBNQQREPT",
    "reviewer_name": "Scooter",
    "text": "It works on my iMac 27&#34;, but the directions didn't help.  It would seem intuitive to just shove it in the computer's rectangular hole made for the lock.  It did, though, require a lot of fidgeting to get it inserted.  I had to hold the barrel from spinning and insert the lock at the same time...very frustrating.  But, it is on now.",
    "date_unix": 1393459200,
    "date": "2014-02-27T00:00:00"
}