{
    "asin": "B00001OWYM",
    "helpful": [
        0,
        0
    ],
    "overall": 5.0,
    "summary": "A simple and effective VHS cleaner",
    "reviewer_id": "A2HDTOF8222KN3",
    "reviewer_name": "Mendy",
    "text": "This item arrived on time and in good condition.  I have several VHS players, and this is a must for me.  Very easy to use to get great results without having to open up the VHS unit to clean it, though I still do once in a while just to visually check the bands.  This works as good as the wet type head cleaner, but without the hassle of adding drops into the head cleaner tape.  I recommend this head cleaner.  I give this a 5 star rating because this is the simpliest way to clean the video and audio heads of a VHS.",
    "date_unix": 1396224000,
    "date": "2014-03-31T00:00:00"
}