{
    "asin": "B00001OWYM",
    "helpful": [
        0,
        0
    ],
    "overall": 2.0,
    "summary": "Be careful",
    "reviewer_id": "A3PGAICBV5O6QR",
    "reviewer_name": "Tom Goss",
    "text": "Tried this in my Sony, JVC, Magnavox and Panasonic VHS VCR's and it does not work properly on any of them.The cleaner tape stops at various periods of time and never completes a cleaning cycle.  It is intermittent at best.Don't wast your money.",
    "date_unix": 1388793600,
    "date": "2014-01-04T00:00:00"
}