{
    "asin": "B00001P4XA",
    "helpful": [
        1,
        1
    ],
    "overall": 5.0,
    "summary": "Been using them for 10 years",
    "reviewer_id": "A3QY9MCAQ6CRFH",
    "reviewer_name": "mastee \"its all about the journey\"",
    "text": "I have tried many brands but the koss have been my favorite for years, yes they die but I use them during workouts, runs, etc. I would say I go through about 3/year and think they are well worth it. I also have the gold kdx models (two), sent them for repairs and the customer service was nice...thanks",
    "date_unix": 1397347200,
    "date": "2014-04-13T00:00:00"
}