{
    "asin": "B00001P4XA",
    "helpful": [
        0,
        0
    ],
    "overall": 5.0,
    "summary": "Lifetime Warranty!?",
    "reviewer_id": "A1THVLECOV14YL",
    "reviewer_name": "Ornot \"Ornot\"",
    "text": "I don't know if they still come with a lifetime warranty but I'd buy them over again even if they didn't.It's hard to find a pair of in-ear headphones that are rated 16 to 23,000 Hz. And if my memory serves me correctly, this design was groundbreaking and every one else copied them. I've always enjoyed the isolating aspect as well as the bass response from them.I've used the lifetime warranty a few times over the last 10 years and have had no problems.",
    "date_unix": 1388966400,
    "date": "2014-01-06T00:00:00"
}