{
    "asin": "B00001P4XA",
    "helpful": [
        0,
        0
    ],
    "overall": 5.0,
    "summary": "Best low priced earbuds",
    "reviewer_id": "A11LTGLPJ66GTN",
    "reviewer_name": "Ruby Relic \"Linda\"",
    "text": "I now own three pair of these,  They are a bargain, as I have dozens of earbuds (mostly in ear) and their efficiency and sealability give a full rich sound.  The only pair I ever &#34;broke&#34;  was a pair that I sent through the wash TWICE!  You will spend at least 2-3 times their price to beat them.  One audiofile stated that he felt another set was much better (at $299.00)  Again, best value given their  price and performance.",
    "date_unix": 1388620800,
    "date": "2014-01-02T00:00:00"
}