{
    "asin": "B00001P4XH",
    "helpful": [
        0,
        0
    ],
    "overall": 5.0,
    "summary": "It works where nothing else will!",
    "reviewer_id": "A30BQ1F0T0IES8",
    "reviewer_name": "JMG",
    "text": "My wife watches a lot more TV, often using headphones so that I can avoid the incessant prattle of TV. This allows her to control her earphones that are powered by the TV audio output.  (The audio output is always on, but doesn't have a volume control.)",
    "date_unix": 1392422400,
    "date": "2014-02-15T00:00:00"
}