{
    "asin": "B00001P4XH",
    "helpful": [
        0,
        0
    ],
    "overall": 4.0,
    "summary": "worked for me.",
    "reviewer_id": "A2EU2DD8LJT35E",
    "reviewer_name": "m.y",
    "text": "Volume control dial is a little small.  Probably makes so it doesn't adjust in you pocket, however if you have large hands this may be difficult to adjust.  Worked as expected, at $8, I thought it was a little overpriced.  However now I am able to control my audio volume from TV to my Headset,",
    "date_unix": 1404691200,
    "date": "2014-07-07T00:00:00"
}