{
    "asin": "B00001P4ZH",
    "helpful": [
        2,
        2
    ],
    "overall": 4.0,
    "summary": "Best price/value headphones I ever had.",
    "reviewer_id": "A2QAGLOY2VFUYU",
    "reviewer_name": "Andre Alho",
    "text": "That's about it, really honest headphones, cheap and the sound is quite balanced. Headband pressure adjustable (firm / light). I find the firm a bit too tight but it's a good setting when being active. Totally recommend.",
    "date_unix": 1394841600,
    "date": "2014-03-15T00:00:00"
}