{
    "asin": "B00001P4ZH",
    "helpful": [
        1,
        1
    ],
    "overall": 5.0,
    "summary": "Amazing for Rock, incredible for all types of music",
    "reviewer_id": "A1W0XZWS8QC8IV",
    "reviewer_name": "brucemac",
    "text": "I listen to Rock (Stones, Bruce, Led Zep, Doobies, Kate Bush, Eurythmics, etc.) and tons of Classical -- lots of Beethoven, but also choral (Rutter and P&auml;rt) and Baroque (Handel and Bach) and especially piano concertos. I discovered Jazz about two years ago and listen to much Bill Evans and Miles and Tord Gustavsen. I own Grado 225 headphones, NAD CD player, and a nice Yamaha-powered music setup with Paradigm speakers. What's my favorite listening experience? My iPhone with these Koss Porta-Pros! On my second pair now and always keep a spare pair in the study in case I ever lose these Porta-Pros. Bass is fantastic and mids perfect. I would boost the treble a bit to match the purity of my Grados, but nothing can touch the bang-for-buck experience of these Koss 'phones. Greatest experience for rock music. I'm loving them more every day. Not just great portable headphones -- they are amazing headphones, period. Buy now.",
    "date_unix": 1396396800,
    "date": "2014-04-02T00:00:00"
}