{
    "asin": "B00001P4ZH",
    "helpful": [
        1,
        1
    ],
    "overall": 4.0,
    "summary": "Decent headphones, but no padding",
    "reviewer_id": "A54S9CIUV5VNB",
    "reviewer_name": "Dave \"Sonic\"",
    "text": "I think these are great for the price, but they lack low end bass as they are compact, and the padding simply isn't there, to keep space to a minimum once again, but overall, I'm very much happy with them. Keep an eye out for a video review on the SonicOrbStudios YouTube channel for more :)",
    "date_unix": 1398643200,
    "date": "2014-04-28T00:00:00"
}