{
    "asin": "B00001P4ZH",
    "helpful": [
        1,
        1
    ],
    "overall": 5.0,
    "summary": "You can not beat this",
    "reviewer_id": "A1R5NYTW214KG4",
    "reviewer_name": "Hardcoffee \"Hardcoffee\"",
    "text": "Bought my set back in 2008, still working as I type this. The only thing to buy with it is Koss PORTABLE Replacement Cushions and 6ft&#34;Aurum Cables 3.5mm Male To 3.5mm Female Stereo Audio Extension Cable on Amazon also.",
    "date_unix": 1390867200,
    "date": "2014-01-28T00:00:00"
}