{
    "asin": "B00001P4ZH",
    "helpful": [
        0,
        0
    ],
    "overall": 3.0,
    "summary": "Good phones",
    "reviewer_id": "A339DV3S739GE8",
    "reviewer_name": "J. Jones \"Stid Hillbilly\"",
    "text": "Decent, clean sound.  The offset design has advantages and disadvantages.  They fold up all right, but seem to spring back to a pre-set width so you can adjust and leave them in one position.  Not disappointed and the price is pretty good.",
    "date_unix": 1402185600,
    "date": "2014-06-08T00:00:00"
}