{
    "asin": "B00001P4ZH",
    "helpful": [
        1,
        1
    ],
    "overall": 4.0,
    "summary": "good for the price",
    "reviewer_id": "A1FXR3BGMW7F22",
    "reviewer_name": "joe doughnut",
    "text": "this is a decent headphone it works without issue and the wires seem to be thick enough not to bend and break leaving only 1 side working. however since i wear glasses they seem to be a little tight for extended use however if you can remove them for awhile every couple of hours then i would definetly recomend these especially at less than $50",
    "date_unix": 1390780800,
    "date": "2014-01-27T00:00:00"
}