{
    "asin": "B00001P4ZH",
    "helpful": [
        1,
        1
    ],
    "overall": 5.0,
    "summary": "budget headphone best bang for buck!",
    "reviewer_id": "A2IXOX389FMB4T",
    "reviewer_name": "Jolly",
    "text": "I have this for 3 years now and I still use it for my everyday use. It is strong and sounds great better than a lot of my more expensive headphones. Too bad people care more about aesthetics then the actual quality if things anymore.",
    "date_unix": 1395446400,
    "date": "2014-03-22T00:00:00"
}