{
    "asin": "B00001P4ZH",
    "helpful": [
        2,
        2
    ],
    "overall": 5.0,
    "summary": "Great sound for the money",
    "reviewer_id": "ARHPPI71WHUZ3",
    "reviewer_name": "Julia",
    "text": "I have owned these for two years now, and use them almost every day.  They are light, comfortable, and easy to carry in my bag.  I have recommended them to several family members who are also delighted with them.  The sound quality if very good for the price, and in fact, better than some that cost two or three times as much - as I have discovered to my regret!  I highly recommend these.",
    "date_unix": 1390694400,
    "date": "2014-01-26T00:00:00"
}