{
    "asin": "B00001P4ZH",
    "helpful": [
        1,
        1
    ],
    "overall": 5.0,
    "summary": "Classic headphones with Retro design",
    "reviewer_id": "A2WNVDIUMPMD87",
    "reviewer_name": "King Kashue",
    "text": "The Koss PortaPro has a great &#34;retro&#34; design because they haven't changed the darn things since they were introduced in the 80s. The reason being that they got it right the first time. The sound quality is great for open design headphones, they're easily adjustable (both the headband and the firmness with which the ears &#34;grab&#34; the head), very light, and can be worn for hours at a time without having any issues.They fold down into a relatively convenient size and even come with a travel bag. If mine get damaged, I will buy another pair.",
    "date_unix": 1393027200,
    "date": "2014-02-22T00:00:00"
}