{
    "asin": "B00001P4ZH",
    "helpful": [
        1,
        1
    ],
    "overall": 5.0,
    "summary": "A classic",
    "reviewer_id": "A22V3DIEBWPRKW",
    "reviewer_name": "MikkoMan",
    "text": "I had a pair when I was in college back in the mid '70s and they were tops then.Great sound hi and low...not for deep mega bass as it will not carry the bass punch. All others...get your KOSS on and enjoy comfortable headphones that are lightweight and custom fit to your ears and head for rich, full sound.",
    "date_unix": 1398643200,
    "date": "2014-04-28T00:00:00"
}