{
    "asin": "B00001P4ZH",
    "helpful": [
        1,
        2
    ],
    "overall": 5.0,
    "summary": "GREAT SOUND",
    "reviewer_id": "A1ICDP1SXHZE0U",
    "reviewer_name": "Paul",
    "text": "YOU HAVE TO HERE THESE TO BELIEVE IT.  I WENT TO A BIG ELECTRONICS PLACE WHERE I LIVE AND THEY HAVE ALOT OF HEADPHONES ON DISPLAY AND I MEAN ALOT, I BROUGHT A CD PLAYER IN WITH ME AND THE KOSS HEADPHONES TO COMPARE, I TRIED SOME THAT WERE $100 OR MORE AND THEY DID NOT SOUND AS GOOD OR BETTER THAN THESE. AND WHEN THE FOAM PADDING WEARS OUT, YOU CAN REPLACE THEM, WHICH YOU CAN NOT ON THE EXPENSIVE ONES, YOU CAN GET THE FOAM PADS THROUGH AMAZON ALSO",
    "date_unix": 1396224000,
    "date": "2014-03-31T00:00:00"
}