{
    "asin": "B00001P4ZH",
    "helpful": [
        2,
        2
    ],
    "overall": 5.0,
    "summary": "Let me count the ways",
    "reviewer_id": "A3D7IRV9BPFK5J",
    "reviewer_name": "psh8989",
    "text": "Oh Koss PortaPro, how do I love thee? Let me count the ways:This pair of headphones is my favorite pair of portable headphones I've ever owned (just barely edging out my Sennheiser headphones I owned for years). They're highly compact and yet still pack a punch, providing rich full sound and, *gasp*, decent bass output as well (something severely lacking in most headphones). The semi-hard case is also wonderful. I very, very rarely leave the house without these headphones. They fit snugly and are barely noticeable, even after hours of use.My somewhat trivial gripe with this product is that, as a male with short hair, the retractable metal band will pull out a single hair every now and then. Very painful and somewhat frustrating, but not worth taking a star away,My family's been using these headphones for well over 20 years now and I've yet to find much better for the price.",
    "date_unix": 1390348800,
    "date": "2014-01-22T00:00:00"
}