{
    "asin": "B00001P4ZH",
    "helpful": [
        1,
        1
    ],
    "overall": 4.0,
    "summary": "Resonable sound quality and comfortable",
    "reviewer_id": "AVX4WIV5O4F93",
    "reviewer_name": "Rajiv",
    "text": "I wear glasses and am very picky about over the head headphones. This one has nice design with support at the temple to relieve pressure at the ears, so doesn't push on the frame. Sound isn't bad either. I use it at office and when i go out for walks during the day and it feels comfy for extended periods of use.",
    "date_unix": 1389916800,
    "date": "2014-01-17T00:00:00"
}