{
    "asin": "B00001P4ZH",
    "helpful": [
        0,
        0
    ],
    "overall": 5.0,
    "summary": "amazing little headphone!",
    "reviewer_id": "A1BMWYN78HO3Q3",
    "reviewer_name": "X. kuang \"JK\"",
    "text": "This little headphone produces beautiful sound with comfort, I liked the retro look and think it's cool. After reading so many positive reviews and saw it on sale for under $25, why not? I am so glad I did, the shipping took longer than expected, about 2 weeks but it's worthy of the wait. IMO, this little headphone sounded better than Beats and Sol at a fraction of cost. I am a little picky about audio sound and wouldn't buy a car without a great audio system, skipped Bose, went  for HK Logic 7 for my car. Love this little Koss and highly recommend it.",
    "date_unix": 1402876800,
    "date": "2014-06-16T00:00:00"
}