{
    "asin": "B00001P4ZR",
    "helpful": [
        0,
        0
    ],
    "overall": 4.0,
    "summary": "great but for the coiled wire and angled plug",
    "reviewer_id": "A1A13SOBLDFVNX",
    "reviewer_name": "Big Trev",
    "text": "works great for my needs, but I'm not a fan of the coiled wire and angled plug. thankfully the coil is a softer compound so it doesn't pull on my head during use, but I would have preferred a straight wire. I know I know-- &#34;it was in the details&#34;. Well, I admit I apparently didn't read them all.the angled plug is more an issue, since a straight plug fits my needs better.I shopped Koss based on another Koss headset I bought. I'd buy Koss again (obviously).",
    "date_unix": 1388880000,
    "date": "2014-01-05T00:00:00"
}