{
    "asin": "1400532655",
    "helpful": [
        0,
        0
    ],
    "overall": 5.0,
    "summary": "Old But Good",
    "reviewer_id": "A2MBKEPPUSAVUS",
    "reviewer_name": "Niecy",
    "text": "I don't know why people make fun of these I just happen to love mine. It's very versatile, easy to use, you can add more space, and it's not too big. And it seems like they are getting huge now. I get hours of enjoyment out of it from reading, doing puzzles, playing games and listening to music. And mine is used!",
    "date_unix": 1390003200,
    "date": "2014-01-18T00:00:00"
}