{
    "asin": "B00001P4ZR",
    "helpful": [
        0,
        0
    ],
    "overall": 5.0,
    "summary": "Koss headphones",
    "reviewer_id": "A6U34RDGWDAP0",
    "reviewer_name": "Cliff",
    "text": "I use Bose when travelling for the noise cancellation, but I don't need to leave the Bose around so the cat can play with it at home.This is a great substitue.  The over-the-ear padding is comfy and seals external noise from getting in.  Perhaps not as neatly as a $300 pair of Bose, but eminently reasonable for hanging around home.  A great bargain to boot!  Thanks Koss - even your cheap ones are fabulous.",
    "date_unix": 1390694400,
    "date": "2014-01-26T00:00:00"
}