{
    "asin": "B00001P4ZR",
    "helpful": [
        0,
        0
    ],
    "overall": 4.0,
    "summary": "Good phones.",
    "reviewer_id": "A2MVO3996P4E4Y",
    "reviewer_name": "Douglas E. Gambichler \"DOUG G.\"",
    "text": "I got these because my noise-canceling phones (also Koss) died.  While they are repairing/replacing, I got these.  They are good for my stereo.  If, however, you use them in the PC and want outside noise blocked, they are not as good as the noise cancelling ones.",
    "date_unix": 1394582400,
    "date": "2014-03-12T00:00:00"
}