{
    "asin": "B00001P4ZR",
    "helpful": [
        1,
        1
    ],
    "overall": 2.0,
    "summary": "OK full size headphones.  Cord is not detachable.  No 1/4\" adapter in package.",
    "reviewer_id": "A3V0NS2UB8H0BB",
    "reviewer_name": "Jon Guidry",
    "text": "As of 06/04/2014, Amazon's page on these R-80 headphones states \"Detachable, 8-foot, single entry coiled cord with 3.5 mm (1/8-inch) plug and 6.3 mm (1/4-inch) screw-on type adapter for flexibility and reliability\".  I can assure you that the item which Amazon just shipped me does not have a detachable cord.Amazon's description also suggests \"and 6.3 mm (1/4-inch) screw-on type adapter\" is included.  It is not in the product.  However, that is not a deal breaker; I have a few of these laying around.Sound quality is good, and the fit is good for my large head, and does a good job (but not excellent) of isolating outside noise.I'm still debating whether to return these to Amazon because of the cord not being detachable; it was one of the primary reasons I wanted to purchase this set of headphones.",
    "date_unix": 1401840000,
    "date": "2014-06-04T00:00:00"
}