{
    "asin": "B00001P4ZR",
    "helpful": [
        0,
        0
    ],
    "overall": 5.0,
    "summary": "Hedfone",
    "reviewer_id": "A1ZTSV4IDULSP0",
    "reviewer_name": "Trebin",
    "text": "I plug it in and put it on my ears.  The sound from the songs I play comes through.  It actually doesn't sit on my head right, but I think it's either because I have an oddly shaped head or because I stretch the cord out really far when I listen and it's like tugging on it a little bit.  Just a little.  Great sound though and they were cheap and arrived quickly.  I drop them a bunch too, so they're pretty sturdy.  Also they are the color of black which reminds me of space, which is cool.",
    "date_unix": 1390348800,
    "date": "2014-01-22T00:00:00"
}