{
    "asin": "B00001P505",
    "helpful": [
        0,
        0
    ],
    "overall": 4.0,
    "summary": "Fills a niche okay",
    "reviewer_id": "A1UGRZN0EE60FN",
    "reviewer_name": "CK Fisher \"CK1\"",
    "text": "Pros: Fits well. Comfortable, not in ear.  Adjustability has advantages and I can wear a hat with them.Cons: Not good Koss quality sound.Sum: Good workout phones if you prefer not to stick anything in your ear. Recommend but only for niche that it fills.",
    "date_unix": 1403136000,
    "date": "2014-06-19T00:00:00"
}