{
    "asin": "B00001P505",
    "helpful": [
        1,
        1
    ],
    "overall": 5.0,
    "summary": "Great sound and great comfort",
    "reviewer_id": "A1RH4OXWSKPQL6",
    "reviewer_name": "Jim C",
    "text": "I've always preferred behind the neck headphones and have been willing to sacrifice a little sound quality for smaller headphones. With these, there is no trade off. They sound great with excellent response and rich bass that isn't overbearing. They weigh almost nothing and are very comfortable on my somewhat oversized head.As for looks and styling.. they sound great!  Then again, if your headphone purchase is based on &#34;fashion&#34;, the help you desperately need won't be found in product reviews.",
    "date_unix": 1401840000,
    "date": "2014-06-04T00:00:00"
}