{
    "asin": "B00001QEMF",
    "helpful": [
        0,
        0
    ],
    "overall": 3.0,
    "summary": "Nice camera, but expensive",
    "reviewer_id": "A1CXVAOCM2IN5Q",
    "reviewer_name": "Kurt Miller",
    "text": "This camera is a quality product and takes excellent pictures, especially in outdoor lighting.  However, at the cost, I can't give it an exceptional rating.I use this camera to take action sports photos.  If you're close to the action, the camera does a good job.  But, $400 seems so expensive to me, even if that is what the market will bear.",
    "date_unix": 1403654400,
    "date": "2014-06-25T00:00:00"
}