{
    "asin": "B00001W0DD",
    "helpful": [
        0,
        0
    ],
    "overall": 4.0,
    "summary": "Great headphones, long cable and includes adapter",
    "reviewer_id": "A1VDK3E3HBWUCF",
    "reviewer_name": "Alvin sng \"Software Engineer\"",
    "text": "These are a great pair of headphones, very sleek and stylish. I'ved use these headphones for years and they have worked without any issues. The sound quality is not the best but is better than most headphones in the same price range. The extra long cable makes it perfect if you are connecting this to a TV in a living room.",
    "date_unix": 1398211200,
    "date": "2014-04-23T00:00:00"
}