{
    "asin": "B00001W0DD",
    "helpful": [
        0,
        0
    ],
    "overall": 5.0,
    "summary": "Still the best-- the new, replacement model doesn't compare!",
    "reviewer_id": "A3KZEGBTPH6MMF",
    "reviewer_name": "Lucy Cat \"Mandy\"",
    "text": "I purchased these for my father several years ago as a christmas gift for use in his home studio.  He plays steel guitar, telecaster and records through professional equipment + pro tools.  These deliver an exceptional, above average sound quality that is markedly different than the lower model V150's (which we also have several of).  Over the years, my Dad wore these to bits.  The foam on the earpads was coming off completely and it was time for a replacement.  Unfortunately, the replacement model that is now available in the stores doesn't compare at all to these.  Thank goodness I was able to get them from Amazon marketplace.  I will probably buy yet another pair and put them away.  A great quality product at a great price!",
    "date_unix": 1392768000,
    "date": "2014-02-19T00:00:00"
}