{
    "asin": "B00001W0EQ",
    "helpful": [
        0,
        0
    ],
    "overall": 5.0,
    "summary": "Best Deal",
    "reviewer_id": "A33JJRB8ZAU2LF",
    "reviewer_name": "Dave Hartigan",
    "text": "I have used this very model headset for many years and yes after several years they do wear out as do many things but when I had to replace the one I had I found it here at Amazon.com and not only were they new but they were the least expensive I could find anywhere. Some site were asking as much as 4 times what I paid here.. Thanks once again Amazon.com",
    "date_unix": 1395273600,
    "date": "2014-03-20T00:00:00"
}