{
    "asin": "B00001W0EQ",
    "helpful": [
        0,
        0
    ],
    "overall": 5.0,
    "summary": "Great for phone workers",
    "reviewer_id": "A3J4B4J72FTKC8",
    "reviewer_name": "David Camden-Britton",
    "text": "I've had this model for years. I'm happy to keep buying them when they wear out because the sound quality is good and the mute button on the cord is a lifesaver when office interruptions happen in the middle of a phone call. I've used this model for over 8 years with a Radio Shack headset amplifier and the Nortel and Polycom phone systems. Love it.",
    "date_unix": 1401580800,
    "date": "2014-06-01T00:00:00"
}