{
    "asin": "B00001W0EQ",
    "helpful": [
        0,
        0
    ],
    "overall": 1.0,
    "summary": "Don't bother",
    "reviewer_id": "A2K64Z8VT8T43Z",
    "reviewer_name": "Sandi Halberstadt",
    "text": "Awkward to use and the pieces  were difficult to put together (the padded ear cushion would NOT go on ... and no instructions were provided).  Uncomfortable on my head and basically more trouble than it was worth.  Will keep trying to find a good &#34;plug-in&#34; headset for my iPhone as an alternate to bluetooth.  My biggest problem was that it wasn't clear from the description that I HAD TO ALSO ORDER the 2.5 - 3.5 adapter in order for the plug to work with my iPhone 4.  Went all over trying to find such an item to no avail (even Best Buy didn't carry anything).  Trying to return it.",
    "date_unix": 1397952000,
    "date": "2014-04-20T00:00:00"
}