{
    "asin": "B00001WRSJ",
    "helpful": [
        0,
        0
    ],
    "overall": 5.0,
    "summary": "nothing but the music",
    "reviewer_id": "ANZHPMJLXBU9T",
    "reviewer_name": "Casual Guru",
    "text": "so sweet and sublime, there isn't anything here that shouldn't be.  great separation and pure, rich sound as it was intended.  awesome, flavored with old-school cool.  buy a pair and find out for yourself.  rock on.",
    "date_unix": 1400025600,
    "date": "2014-05-14T00:00:00"
}