{
    "asin": "B00001WRSJ",
    "helpful": [
        1,
        1
    ],
    "overall": 5.0,
    "summary": "Best Overall Studio Headphone Value",
    "reviewer_id": "A5MTZTDSIBX09",
    "reviewer_name": "Colby McGehee",
    "text": "These have become the preferred headphones of choice for tracking. I wasn't expecting much when I picked up a pair of these on Black Friday for $40. I've had numerous people google these after using them to see where they can get them in town quicker. These are the real deal.",
    "date_unix": 1392422400,
    "date": "2014-02-15T00:00:00"
}