{
    "asin": "B00001WRSJ",
    "helpful": [
        1,
        1
    ],
    "overall": 5.0,
    "summary": "Sony V6",
    "reviewer_id": "A7OAAZPLNSMXJ",
    "reviewer_name": "D. Hoffman \"Bix Lives\"",
    "text": "If you want better sound get the 50mm versions (MDR6506?).  Anyway, this is what we use in professional studios. Aint nothing expensive to buy.  How do you like that?This is what the record you are listening to was mastered with!",
    "date_unix": 1396828800,
    "date": "2014-04-07T00:00:00"
}