{
    "asin": "140053271X",
    "helpful": [
        0,
        0
    ],
    "overall": 3.0,
    "summary": "It was good.",
    "reviewer_id": "AFBHZ8QV4S61",
    "reviewer_name": "ek",
    "text": "I'll make it simple. I loved my NOOK. I bring to school every single day and have sixty-plus books on there. It's great because it's light, it's portable(it fits in my pocket!), and most importantly, it has all my books at once. It can most definitely be read in direct sun, and I was pleasantly surprised that Barnes and Noble did not lie in the slightest when they advertised no glare. You can side load any pdf or epub file, as well as downloading books from the store. The book management is simply fantastic. The reading quality is also great because you can change font size as well as the font itself.However, on day I picked it up and I couldn't unlock it. I wasn't very worried, because the NOOK occasionally doesn't respond to touch because the infared sensors are blocked by dust and dirt. But it still wouldn't respond after cleaning it as well as five hard reboots, which were the only thing the BN support line could offer. I feel dissapointed but ordered the new Glowlight and hope that it will last longer, because it was just great while it lasted. I hope you have a better experience with your NOOK- if, that is, you decide to buy this older model.",
    "date_unix": 1401062400,
    "date": "2014-05-26T00:00:00"
}