{
    "asin": "B00001WRSJ",
    "helpful": [
        1,
        2
    ],
    "overall": 5.0,
    "summary": "Phenomenal Sound",
    "reviewer_id": "ACHQT7HI9PFPG",
    "reviewer_name": "I. Mitchell \"ropadope\"",
    "text": "I use these every day at work. Comfortable. Great sound. Much better build and sound quality than any other pair I've owned. Tried to talk the kid into these instead of the silly Beats but couldn't do it. Sound quality is a distant second to looks apparently.Could only be better by allowing for easy cord removal. I almost never need a 3m coiled cord. I'll probably follow one of the excellent DIY cord replacements online.",
    "date_unix": 1398211200,
    "date": "2014-04-23T00:00:00"
}