{
    "asin": "B00001WRSJ",
    "helpful": [
        1,
        1
    ],
    "overall": 5.0,
    "summary": "Great Value for the Money",
    "reviewer_id": "AN7AELA3YHNZK",
    "reviewer_name": "jabbadehut60",
    "text": "I use these headphones several times a week on my computer to listen to music.  Fantastic sound quality.  One of the best audio purchases I've ever made and I have three surround systems in my home.  Very pleased indeed.  Would buy again !!",
    "date_unix": 1393718400,
    "date": "2014-03-02T00:00:00"
}