{
    "asin": "B00001WRSJ",
    "helpful": [
        1,
        1
    ],
    "overall": 5.0,
    "summary": "Best headphones I've ever owned",
    "reviewer_id": "A3S3P2TWEVS69L",
    "reviewer_name": "John Danley",
    "text": "I've owned two pair of these headphones over the years.  This pair was a gift for my grandson.  There was a problem with them when I received them.  The insulation on the cable was pulling away at the earphones.  I returned them and Amazon immediately replaced them.  If I ever need another pair this is what I'll buy again.",
    "date_unix": 1392422400,
    "date": "2014-02-15T00:00:00"
}