{
    "asin": "B00001WRSJ",
    "helpful": [
        1,
        1
    ],
    "overall": 5.0,
    "summary": "Fantastic",
    "reviewer_id": "A3NE9ABP7PAYK3",
    "reviewer_name": "Josepe",
    "text": "I have a collection of headphones, but now by far this is my favorite, very comfortable in long use. Highly recommended. On the go they are lightly and when not in use, they fit in the pocket of my regular jacket. I love them, the sound is crystal clear. And for that price nobody can beat them.",
    "date_unix": 1393718400,
    "date": "2014-03-02T00:00:00"
}