{
    "asin": "B00001WRSJ",
    "helpful": [
        0,
        1
    ],
    "overall": 3.0,
    "summary": "Great sound/crappy earpads",
    "reviewer_id": "AZDFE5RF3TZLT",
    "reviewer_name": "Lt. Beefheart",
    "text": "Very rich sound for the price.  Have owned this product for several years and the sound is spot on but the earpads flaked badly and fall off repeatedly which is a pain in the ass to deal with.  See many similar complaints.",
    "date_unix": 1393545600,
    "date": "2014-02-28T00:00:00"
}