{
    "asin": "140053271X",
    "helpful": [
        0,
        1
    ],
    "overall": 1.0,
    "summary": "Barnes & Noble Nook Simple Touch eBook Reader (Wi-Fi Only)",
    "reviewer_id": "A34GH8QDLI43CL",
    "reviewer_name": "JuanCarlosGomez",
    "text": "I dont know why I bought this tablet, just only one day using it and I stored it in a place where it continues stored... I dont like the screen... it reflects light from many sources (sun, bulbs, etc) despite the type of technology used in the screen...the size is no convenient, I think a bigger one good be better... well, this is my opinion about this product...",
    "date_unix": 1401148800,
    "date": "2014-05-27T00:00:00"
}