{
    "asin": "B00001WRSJ",
    "helpful": [
        3,
        3
    ],
    "overall": 5.0,
    "summary": "best headphones ever",
    "reviewer_id": "A1O6GTTLXORHZV",
    "reviewer_name": "mrrexsocks",
    "text": "These are so good I bought another pair. my little bastard cat ate one of the little wires that hang and it broke one of the ears but since sony makes such good stuff I was able to fix it with a little razor and some black tape. I use these to keep my girlfriend from hearing when I write songs about how much I want to kill that cat.",
    "date_unix": 1402963200,
    "date": "2014-06-17T00:00:00"
}