{
    "asin": "B00001WRSJ",
    "helpful": [
        0,
        1
    ],
    "overall": 4.0,
    "summary": "Great headphones",
    "reviewer_id": "A29GQ42XFJQDI8",
    "reviewer_name": "M. Schimmelman",
    "text": "These sound great.  One star removed because a) it's easy to knock the cushion off the earpiece and very difficult to get it back on and b) the curly cord is a pain - it gets knotted up on itself easily and is generally in the way.  A straight cord would be better.",
    "date_unix": 1398124800,
    "date": "2014-04-22T00:00:00"
}