{
    "asin": "0972683275",
    "helpful": [
        0,
        0
    ],
    "overall": 5.0,
    "summary": "awesome",
    "reviewer_id": "AOU1TM9UA1BZF",
    "reviewer_name": "chicago mom",
    "text": "very secure, we did have to use concrete bolts thought since we were putting it on an outside wall made of lath and plaster with concrete brick on the outside.  One of the best features is there is one piece that attaches to the tv and another that attaches to the wall.  the piece on the tv actually hooks onto the piece on the wall.  I am really happy with this purchase.",
    "date_unix": 1388620800,
    "date": "2014-01-02T00:00:00"
}