{
    "asin": "B00001WRSJ",
    "helpful": [
        0,
        0
    ],
    "overall": 3.0,
    "summary": "sorry to say I'm returning them",
    "reviewer_id": "A1QF996642YT9L",
    "reviewer_name": "Neil Allan",
    "text": "They feel overly delicate and the sound quality is &#34;just OK&#34; in my opinion.  Also the coiled cord is curiously heavy and the connector seems like it isn't seating properly as the left channel constantly produces a lot of crackling if you nudge the connector or pull on the cord at all.  Never had that problem before.  Sound and build quality of the Audio Technica ATH-M50 is certainly worth the extra cost.  They are reasonably comfortable, but every time I pull them out I feel like I'm going to accidentally destroy them as I fidget with getting the ear cups out from their folded position.",
    "date_unix": 1404691200,
    "date": "2014-07-07T00:00:00"
}