{
    "asin": "B00001WRSJ",
    "helpful": [
        0,
        1
    ],
    "overall": 5.0,
    "summary": "Best monitor headphones under $100.00 USD. This is my second pair. The first was purchased in 1992.",
    "reviewer_id": "A1L87D9KX3MT41",
    "reviewer_name": "P. Dush \"TechHead\"",
    "text": "Pros:  Cons:Uncolored sound.  Some people may find that these headphones feel warm, or cause sweatingFlat frequency response curve.  during prolonged use.Excellent frequency response range.  Not many cons IMO. These are the best, cleanest sounding headphones that ITight, clean, punchy bass response.  have heard in the $100 or less category. They are monitors, and they do notClear, crisp, but not overwhelming highs.  color the sound in any way. They are meant to accurately reproduce theGood clean midrange.  source material. Enjoy your new Sony headphones. :-)Lightweight, and comfortable even duringextended use.",
    "date_unix": 1399334400,
    "date": "2014-05-06T00:00:00"
}