{
    "asin": "B00001WRSJ",
    "helpful": [
        0,
        0
    ],
    "overall": 5.0,
    "summary": "Still going strong after two years.",
    "reviewer_id": "A3TD47N9K6V0FU",
    "reviewer_name": "Russell",
    "text": "I've had these headphones for almost two years. The ear pads are pretty close to needing to be replaced (which wont be expensive at all), but other than that these are as good as the day I bought them. I'm no audiophile- the sound is very good, but what I love is the comfort. I wear these for upwards of seven hours a day and they are fantastically cushy. The only con I have is that the chord is very long and heavy with the coils, so it hangs off of my computer desk and I can *just* feel the weight of it especially when I move my head. My next pair will be wireless, and probably noise canceling so I don't have to listen to my idiot roommate talk to his gamer friends.One of my favorite possessions.",
    "date_unix": 1404950400,
    "date": "2014-07-10T00:00:00"
}