{
    "asin": "B00001WRSJ",
    "helpful": [
        1,
        1
    ],
    "overall": 5.0,
    "summary": "Built to last. Great sound.",
    "reviewer_id": "A3LBTC13EYE4MS",
    "reviewer_name": "Sinohey \"scribe\"",
    "text": "At this late date I don't have much to add to many of the great preceding reviews. I have a set of Bose headphones with which I listen mostly to music when working at my desk/computer and a Sony MDRV6 (mainly for when I am watching TV) that I have had for nearly 7 years and it is still going strong; that is why I purchased this second set - and the price was too attractive to ignore.Throughout the years I could not tell any difference in sound quality or clarity; and since rap music is not to my musical taste, I have no issue with the \"bass\" notes as stated by other reviewers.",
    "date_unix": 1404345600,
    "date": "2014-07-03T00:00:00"
}