{
    "asin": "B00001WRSJ",
    "helpful": [
        1,
        1
    ],
    "overall": 5.0,
    "summary": "Best Choice !",
    "reviewer_id": "A3SPRSLV03DT6Y",
    "reviewer_name": "t49y",
    "text": "Like Going On A Carefree Vacation ! No Packing ! No Traveling ! Just Put On ! Tune In ! And Relax ! As Everything Fades Away ! No Vacationing From Your Vacation When You Get Back ! No Luggage To Lose ! No Brutal Baggage Handlers ! Savage Porters ! Nasty Bell Hops ! Just A Little Righteous Brothers ! John Denver's Voice So Rich(A Download !!!!) ! And Cosmic Hum ! All Awesome ! Thanks Amazon ! A Sony Sound Demo Was Like Actually Being There ! Shockingly Clear ! A Demo For Cheaper Headphones ! Accidently Played On Top Of Cosmic Hum ! So Awesome ! Love It ! Ear Buds ? Last Resort ! Thanks Again Amazon ! Best Choice Ever !",
    "date_unix": 1390953600,
    "date": "2014-01-29T00:00:00"
}