{
    "asin": "B00001WRSJ",
    "helpful": [
        1,
        1
    ],
    "overall": 5.0,
    "summary": "Sony MDRV6 Monitor Series Headphones",
    "reviewer_id": "A1ESWWU4DNXRJV",
    "reviewer_name": "THOMAS",
    "text": "I already own a pair of these Sony MDRV6 Series Headphones & enjoy them very much.  I bought these as a second pair since Sony discontinued them. These replacement  Headphones sound exactly as my other Sony MDRV6 Headphones. Hope these last me as long as my other pair which are now ten years old.  These Headphones offered by Amazon are worth the price I paid!!!",
    "date_unix": 1396051200,
    "date": "2014-03-29T00:00:00"
}