{
    "asin": "B00001ZWXA",
    "helpful": [
        0,
        0
    ],
    "overall": 5.0,
    "summary": "It certainly does work!",
    "reviewer_id": "A1WFTIOEH30UJY",
    "reviewer_name": "Cadence",
    "text": "I needed an extension cable so I could use a USB controller with my PC.  The whole idea was so I could play emulated video games from my couch rather than from my chair (my computer is already connected to my television).  This cable performs exactly like I need it to with no problems.",
    "date_unix": 1396396800,
    "date": "2014-04-02T00:00:00"
}