{
    "asin": "140053271X",
    "helpful": [
        0,
        0
    ],
    "overall": 4.0,
    "summary": "Weird anomalies",
    "reviewer_id": "A14UXJ0TN7VIST",
    "reviewer_name": "R. Eifler \"worthy1\"",
    "text": "This is a sold update to the older nook, but gez you have to hit the webs just to find out you need to charge it OVERNIGHT in a WALL PLUG only before first usage AND that it MUST be turned on before trying to connect to windows.  Now knowing these two VERY IMPORTANT points, I can enjoy my &#34;Nook 2&#34;.",
    "date_unix": 1398297600,
    "date": "2014-04-24T00:00:00"
}