{
    "asin": "B00001ZWXA",
    "helpful": [
        0,
        0
    ],
    "overall": 4.0,
    "summary": "Useful for non-powered peripherals",
    "reviewer_id": "A52CNGFJTZZM4",
    "reviewer_name": "David W. Siu",
    "text": "Unfortunately, this cable is too long to carry a power charge sufficient for a usb-powered external hard drive or to use as an extension to a car charger for a phone or iPod.  It also will not be compatible with a powered usb hub either - I haven't tried it with an unpowered one.However, it's useful for peripherals such as mice and keyboards at least.",
    "date_unix": 1392681600,
    "date": "2014-02-18T00:00:00"
}