{
    "asin": "B00001ZWXA",
    "helpful": [
        0,
        0
    ],
    "overall": 3.0,
    "summary": "DID NOT LAST LONG",
    "reviewer_id": "A388UKVL7CLB2K",
    "reviewer_name": "Julie B",
    "text": "WAS USING THIS FOR MY PRINTER TO HOOK UP TO MY LAPTOP, WORKED FINE FOR AWHILE BUT FOR SOME REASON IT STOPPED WORKING. MY LAPTOP DOES NOT RECOGNIZE PRINTER WHEN I USE THIS. i AM GETTING A DIFFERENT ONE ARRIVING TOMORROW, HOPE IT LASTS LONGER.I'M SURPRISED BECAUSE I LIKE BELKIN PRODUCTS.",
    "date_unix": 1390262400,
    "date": "2014-01-21T00:00:00"
}