{
    "asin": "1400532736",
    "helpful": [
        0,
        0
    ],
    "overall": 5.0,
    "summary": "My favorite ereader...",
    "reviewer_id": "A3QPWNKTUC8N2B",
    "reviewer_name": "Amazon Customer",
    "text": "I bought this ereader and the Amazon Kindle ereader at the same time, so I could compare both together. After about a week I gave the Amazon ereader to my nephew and I kept the Nook. I am left handed, so holding things in my left hand feels natural to me. I really like how this can be held in the left hand and still have access to forward and back page turn buttons. Also, I like that it has a touch screen in addition to the physical buttons as well to turn pages. Also, and this was the biggest reason I kept the Nook. It has a more natural feel in the hand to me. My thumb rest comfortably next to the screen will reading. Overall, in my opinion this is a better ereader then the others out there.",
    "date_unix": 1398729600,
    "date": "2014-04-29T00:00:00"
}