{
    "asin": "B000023VW2",
    "helpful": [
        0,
        0
    ],
    "overall": 5.0,
    "summary": "Good",
    "reviewer_id": "ACMRDAKUXXN5D",
    "reviewer_name": "paul",
    "text": "Wire is a bit thin but doesn't affect the operation of the devices. The wire antenna that came with my shortwave only had a clip on which was not convenient. This one has 3.5 jack for external antenna and clearly get me better reception across all bands. Probably the best overall antenna in a super portable package. Recommended.",
    "date_unix": 1396915200,
    "date": "2014-04-08T00:00:00"
}