{
    "asin": "0972683275",
    "helpful": [
        0,
        0
    ],
    "overall": 5.0,
    "summary": "Best Mount Ever",
    "reviewer_id": "A3ISZ8KLXYYI7P",
    "reviewer_name": "C. Lackey \"Great Product\"",
    "text": "This is the best mount I have ever found, especially for the price.Home Depot has a nearly identical mount for $90.This mount comes with every fastener you could need from Lags, Hollow Wall Anchors, Spacers, to varying lengths of Metric Fasteners to most if not all TVs.They mount easy and are sturdy; I have a 60&#34; LED TV on one without issue.I also have 32&#34;, 42&#34;, 46&#34;, and 50&#34; TVs on them; I have used these to mount every LED/LCD TV I or friends have mounted.",
    "date_unix": 1390348800,
    "date": "2014-01-22T00:00:00"
}