{
    "asin": "B00002EQCS",
    "helpful": [
        0,
        0
    ],
    "overall": 5.0,
    "summary": "Easy - No Set Up Needed",
    "reviewer_id": "A27A10YC94A9G2",
    "reviewer_name": "Mivici",
    "text": "I bought this to wire my entertainment room with Ethernet instead of Wi-Fi, as my router's signal is spotty at times.  I have an iMac, Apple TV, and BluRay player all hooked up ti this switch.  There is no buffering when watching any streaming service on any device.  Highly recommend this for those with weak or spotty Wi-Fi signals.",
    "date_unix": 1391212800,
    "date": "2014-02-01T00:00:00"
}