{
    "asin": "B00002EQCS",
    "helpful": [
        0,
        0
    ],
    "overall": 5.0,
    "summary": "Good product",
    "reviewer_id": "AOA7NY2649Z9I",
    "reviewer_name": "OnlineReviewer \"OnlineReviewer\"",
    "text": "I couldn't find an 8-port wireless router that I liked, so I reverted to using this switch. It works perfectly and since each port is auto-sensing, you don't have to fiddle with which port is the uplink port. Reasonable priced as well. You can spend half as much for Chinese knockoffs, but I don't want to take chances like that -- all these packets need to get to the right place error free.",
    "date_unix": 1401926400,
    "date": "2014-06-05T00:00:00"
}