{
    "asin": "B00002EQCW",
    "helpful": [
        1,
        1
    ],
    "overall": 4.0,
    "summary": "Super easy to use and well built",
    "reviewer_id": "A202Y9F2VN8KY2",
    "reviewer_name": "a60490guy",
    "text": "I'm using this in my home theater to share an single ethernet connection between a DVR, DVD player, and a streaming video player.  It works well for this application.  In a dark room the blinking status lights can be annoying.  If the status lights could be disabled, I'd give it 5 stars (hint, hint, Netgear).",
    "date_unix": 1401235200,
    "date": "2014-05-28T00:00:00"
}