{
    "asin": "B00002EQCW",
    "helpful": [
        0,
        0
    ],
    "overall": 5.0,
    "summary": "Great Switch",
    "reviewer_id": "A2HZLT6N4OLB4J",
    "reviewer_name": "Chris",
    "text": "Its tough, its reliable, no configuration necessary.Well suited for home or industrial use.I've bought many of these over the years for myself and for clients; I've never had one go bad and the quality has maintained itself over the years.  Fantastic product.",
    "date_unix": 1403568000,
    "date": "2014-06-24T00:00:00"
}