{
    "asin": "B00002EQCW",
    "helpful": [
        0,
        0
    ],
    "overall": 5.0,
    "summary": "Performs Flawlessly",
    "reviewer_id": "AOYZWX4I1LA44",
    "reviewer_name": "Cody Parks",
    "text": "Perfect cheap switch when you just want to plug it in and not have to worry about configuring a device. This is not a managed switch but why pay extra unless you absolutely need management capabilities, this is a perfect buy if you're looking for a unmanaged switch to just connect a couple of devices off one Ethernet port.",
    "date_unix": 1400112000,
    "date": "2014-05-15T00:00:00"
}