{
    "asin": "B00002EQCW",
    "helpful": [
        0,
        0
    ],
    "overall": 5.0,
    "summary": "Simple. High Quality. Fast. Easy.",
    "reviewer_id": "AS28WVBBZ3G99",
    "reviewer_name": "Jeffrey E Ellis",
    "text": "Simple. Simple. Simple. Fantastic! This device is exactly what it says it is: an ethernet switch.I ran out of ports on my router and needed something simple to expand - this is it. Fantastic. Is very fast, no gimmicks or nonsense. Plug it in, plug into router and you have four additional ports ready to work flawlessly at lightening speed.I would buy this again!!",
    "date_unix": 1405036800,
    "date": "2014-07-11T00:00:00"
}