{
    "asin": "B00002EQCW",
    "helpful": [
        0,
        0
    ],
    "overall": 5.0,
    "summary": "Great little switch",
    "reviewer_id": "A16AF8BFMCVOWW",
    "reviewer_name": "Jon",
    "text": "I have always liked the Netgear switches. Solid, reliable, and well priced. I needed something at the end of a long run to add another component vs. home-running another CAT5e cable back to the main switch. Works just fine. Auto-negotiates appropriately and no issues pegging it at 100Mbps throughput.",
    "date_unix": 1394150400,
    "date": "2014-03-07T00:00:00"
}