{
    "asin": "B00002EQCW",
    "helpful": [
        0,
        0
    ],
    "overall": 5.0,
    "summary": "Quick solution",
    "reviewer_id": "A1BM3CYLFRE4X5",
    "reviewer_name": "Michael Warren",
    "text": "Rather than buy separate powerline adaptors for devices that are right next to each other, I used this small switch. A+ on the durable metal construction... I expect years of loyal service from this device. I will rate it 5 stars once I receive my mail-in rebate.",
    "date_unix": 1394928000,
    "date": "2014-03-16T00:00:00"
}