{
    "asin": "B00002EQCW",
    "helpful": [
        1,
        1
    ],
    "overall": 4.0,
    "summary": "Just what I needed",
    "reviewer_id": "AEMTCO56SDFS3",
    "reviewer_name": "Stu Fisher",
    "text": "This switch allowed me to hard wire in my entertainment center with only one data jack available.  I can know plug in my surround sound, blu ray, cable box, apple tv and tv.  The all now have a hard line, faster downloads.",
    "date_unix": 1397433600,
    "date": "2014-04-14T00:00:00"
}