{
    "asin": "B00002EQCW",
    "helpful": [
        0,
        0
    ],
    "overall": 5.0,
    "summary": "Low Price yet Well Made",
    "reviewer_id": "A20Q8IOS2PWZKI",
    "reviewer_name": "T. Mason",
    "text": "I purchased this switch to expand my network.  I have owned one of these Netgear 5 port switches for a few years and have never had a problem, so, this purchase was a no brainer.  This one has been in service for a week with no issues.",
    "date_unix": 1397952000,
    "date": "2014-04-20T00:00:00"
}