{
    "asin": "B00002N5E4",
    "helpful": [
        0,
        0
    ],
    "overall": 4.0,
    "summary": "Works fine",
    "reviewer_id": "A35CLCBHMOLSIN",
    "reviewer_name": "Michael S.",
    "text": "I mounted two of these on my deck and they work just fine although for just a little more money I could have ordered the SL-5411 that has a wider sensing range (150 degrees), is provided with more mounting options, and has lamp holders that are easier to adjust. The color of this fixture is more ivory and the SL-5411-WH-C was more white.",
    "date_unix": 1395273600,
    "date": "2014-03-20T00:00:00"
}