{
    "asin": "B00002N5E4",
    "helpful": [
        0,
        0
    ],
    "overall": 3.0,
    "summary": "Are you feeling lucky?",
    "reviewer_id": "A1RMJZO6G0LJYH",
    "reviewer_name": "opanto39 \"opanto39\"",
    "text": "A good one of these can last 20 years. A bad one doesn't last 20 weeks. Either way, getting the whole fixture and chucking everything bar the sensor saves $10-15 over buying just the sensor. Crazy, landfill madness but what you gonna do.",
    "date_unix": 1388620800,
    "date": "2014-01-02T00:00:00"
}