{
    "asin": "B00002N7FQ",
    "helpful": [
        0,
        0
    ],
    "overall": 5.0,
    "summary": "Easy to install and reliable.",
    "reviewer_id": "A3E47AJOQG6UK2",
    "reviewer_name": "Dancing Sprit",
    "text": "I was glad to be able to just buy the sensor rather than replace the entire fixture.  It was an easy replacement (TURN THE BREAKER OFF FIRST).  The unit has sensitivity adjustment and instructions as to angle so you neighbor does not light your yard while getting his newspaper 600 feet away.  It has worked very reliable for several months in some nasty weather.",
    "date_unix": 1394668800,
    "date": "2014-03-13T00:00:00"
}