{
    "asin": "B00002N7FQ",
    "helpful": [
        0,
        0
    ],
    "overall": 5.0,
    "summary": "Works where others do not",
    "reviewer_id": "A3EUUHAB232JOI",
    "reviewer_name": "Dane L. Ryan",
    "text": "If your motion sensor isn't working on distances over 30 feet get this one. I started out with this one and a 300 watt halogen rectangular light. The sensor worked but the 300 watt halogen did not put out enough light for my cameras. I removed both and installed an \"all in one\" \"sensor + light\" combo with screw in bulbs so I could use two 150 watt par 38 GE flood light screw in bulbs. Now I had plenty of light but the motion sensor was not working at the distance I needed. I removed the wires from the \"all in one\"sensor and reinstalled this sensor and now all is great. Try and steal my mail now, just make sure you smile for the camera... :)Here are the bulbs I used that work great - http://www.amazon.com/gp/product/B001F6PPNU/ref=oh_details_o05_s00_i00?ie=UTF8&psc;=1",
    "date_unix": 1395360000,
    "date": "2014-03-21T00:00:00"
}