{
    "asin": "1400698987",
    "helpful": [
        0,
        0
    ],
    "overall": 5.0,
    "summary": "Nood HD Tablet",
    "reviewer_id": "A1T8A6OCVV0UYU",
    "reviewer_name": "FallCreekShopper",
    "text": "Exactly the same as from Barnes and Noble but less expensive. It has been working great and doing more than I even needed. Wow! Arrived on time, I was a bit worried about the packaging as it came in a bubble envelope in its Nook box, but everything was fine.",
    "date_unix": 1400716800,
    "date": "2014-05-22T00:00:00"
}