{
    "asin": "1400698987",
    "helpful": [
        0,
        0
    ],
    "overall": 3.0,
    "summary": "Glitchy, battery does not last long :(",
    "reviewer_id": "A3NRMHM2N9GQ3N",
    "reviewer_name": "Sara W. \"Sara\"",
    "text": "I did such extensive research trying to decide between the kindle and the nook. I settled on the nook because I had read nothing but good reviews and the price was excellent.Positive:It has a beautiful screen with great vibrant color. The adjustable backlight is great for night time reading and reading in the sun.It's lightweight and comfortable to read with.Negetive: I find it has many glitches. From having trouble unlocking my screen, to having trouble getting the screen to even turn on so I can unlock it, to having my kindle application crash every time I get to the end of the book. I understand that it is probably an application issue with kindle, BUT having kindle compatibility was an absolute priority for me, as most of my library is on amazon. Furthermore, my battery doesn't last at all. I have to power down my device every time I put it down, otherwise by the time I pick it up again to read, it's dead. Won't even last a day. I've figured out that disconnecting it from wifi helps it last longer but not nearly enough. I was used to an iPad that lasted almost a week without charging. This battery time is unconvenient and unacceptable.Those are the main glitches that impact my experience with this device. I don't recommend getting this tablet. I would like to purchase the kindle fire and give this away as a gift.",
    "date_unix": 1404345600,
    "date": "2014-07-03T00:00:00"
}