{
    "asin": "1400698987",
    "helpful": [
        0,
        0
    ],
    "overall": 5.0,
    "summary": "Nook HD 7\" 8GB Tablet",
    "reviewer_id": "A1BTULXPTQBGQ0",
    "reviewer_name": "Shopping Diva",
    "text": "Just want you to know that I did not get this tablet from Amazon, got it from Walmart but I must say that the tablet is great.  I searched it on Amazon but because it was near X-Mas I went to Walmart and bought one so as to ensure I would have it by X-Mas.  The Nook Tablet looks and works just fine, was a gift for my granddaughter.",
    "date_unix": 1390435200,
    "date": "2014-01-23T00:00:00"
}