{
    "asin": "B00003CWDG",
    "helpful": [
        0,
        0
    ],
    "overall": 5.0,
    "summary": "Simple easy power strip",
    "reviewer_id": "A3JTMBFD3MOZFQ",
    "reviewer_name": "BRIAN R MCLEAN",
    "text": "This is a simple easy power strip.  I went to college so I know you don't have to plug the VCR in to the VCR color plug.  It doesn't accommodate lots wall warts. Also be careful of which way power converters are aligned.  Also nice long cord.",
    "date_unix": 1391731200,
    "date": "2014-02-07T00:00:00"
}