{
    "asin": "B00003CWDG",
    "helpful": [
        0,
        0
    ],
    "overall": 5.0,
    "summary": "Useful power strip.",
    "reviewer_id": "A2CNN71709T4Y2",
    "reviewer_name": "Justin",
    "text": "Very useful and simple surge protector find much use out of it when hooking up different components of my home theater system also it pre labeled as well as color coded which can be very useful when connecting various different items.",
    "date_unix": 1394064000,
    "date": "2014-03-06T00:00:00"
}