{
    "asin": "B00003CWDG",
    "helpful": [
        0,
        0
    ],
    "overall": 4.0,
    "summary": "Simple Power Strip Does the job",
    "reviewer_id": "A39OM6SPWHS3FK",
    "reviewer_name": "Neil Collins",
    "text": "This is a no frills simple power strip. I user it for a secondary entertainment center for my TV, cable box and DVD player.The power strip does it's job. It does not have any power cleaning activity.The strip is a little bulky, but not too bad.For the cost it fits the need and the risk tolerance I wanted to pay for.",
    "date_unix": 1391558400,
    "date": "2014-02-05T00:00:00"
}