{
    "asin": "B00003CWDG",
    "helpful": [
        0,
        0
    ],
    "overall": 4.0,
    "summary": "Does what it's supposed to do, but you pay the premium",
    "reviewer_id": "A3PK8RJRO4GNVZ",
    "reviewer_name": "Thomas Edison",
    "text": "I do like Monster Power products but you certainly pay a premium to get them.  That's okay - it's slim, has plenty of plugs, and works.  After a lightening strike that blew out some other electrical items, this item was still running strong, so that's good.  I don't know if it mattered (the fuse box took most of the hit) but still, I'm glad my TV etc. didn't blow up.",
    "date_unix": 1392163200,
    "date": "2014-02-12T00:00:00"
}