{
    "asin": "B00003CWDH",
    "helpful": [
        0,
        0
    ],
    "overall": 5.0,
    "summary": "it works, like the plug layout",
    "reviewer_id": "A3C60TAOFVQB45",
    "reviewer_name": "Addicted2Amazon",
    "text": "I got a good deal on this.  I didn't buy it because it was monster brand.  I'm not a Monster fanboi or anything.  I just saw it go on sale and got a good deal and I needed one.  I like the layout of the plugs.  It gives you a good variety of spaces for transformers, etc.  I have all my computer and stereo equipment plugged into it and it hasn't missed a beat.  Works for me!",
    "date_unix": 1395705600,
    "date": "2014-03-25T00:00:00"
}