{
    "asin": "B00003CWDH",
    "helpful": [
        0,
        0
    ],
    "overall": 5.0,
    "summary": "Great purchase!",
    "reviewer_id": "A2ENBKGI9TI7DX",
    "reviewer_name": "Amazon Customer \"crazy cat lady\"",
    "text": "This is so much more sturdy and safe than the typical power strips! The plug fits fairly flush to the wall socket and the sockets on it hold plugs securely without being too tight. I don't use the cable protectors so I can't speak to that. I highly recommend this to anyone needing a reliable, safe power strip.",
    "date_unix": 1393459200,
    "date": "2014-02-27T00:00:00"
}