{
    "asin": "B00003CWDH",
    "helpful": [
        0,
        0
    ],
    "overall": 5.0,
    "summary": "Recommend to anyone",
    "reviewer_id": "A2CTXDLXKOHCEH",
    "reviewer_name": "Jason",
    "text": "Purchased these three years ago and could not be happier.  Three years running and this is the only power strip you will find in my house.  My condo is a man cave electronic paradise and have had zero issues to date.  I purchased this item at $17 dollars each and if i recall correctly i ordered six of them.  Must Buy for expensive electronics!",
    "date_unix": 1392940800,
    "date": "2014-02-21T00:00:00"
}