{
    "asin": "B00003CWDH",
    "helpful": [
        0,
        0
    ],
    "overall": 5.0,
    "summary": "Pretty good but it isn't self aware...yet",
    "reviewer_id": "AO8Q98Z14CRAZ",
    "reviewer_name": "Jeff",
    "text": "Kind of pricy but I have forgotten it exists which is exactly what it's supposed to do. It survived multiple power outages and the color coded plugs are nice. Other than that it exists behind the table in a shivering world of dust bunnies and small toy parts that my kids have lost. It would be nice if they developed technology for the surge protector to self repair using the bunnies and small toy soldiers but until then I guess it does it exactly what it says.",
    "date_unix": 1389052800,
    "date": "2014-01-07T00:00:00"
}