{
    "asin": "B00003CWDH",
    "helpful": [
        0,
        0
    ],
    "overall": 5.0,
    "summary": "Works Like It Should.",
    "reviewer_id": "A1RWHQCLGP7MJJ",
    "reviewer_name": "Jim",
    "text": "I have one of these I bought years ago and it is still going strong. I needed another surge protector to use with my PS4 and Xbox One and assorted cable boxes and router. Hooked everything up and have not given it another thought. Just what you want out of one of these. Got it at a fantastic price so I'm happy with my purchase.",
    "date_unix": 1394236800,
    "date": "2014-03-08T00:00:00"
}