{
    "asin": "B00003CWDK",
    "helpful": [
        0,
        0
    ],
    "overall": 5.0,
    "summary": "Great surge protector/filter for the money",
    "reviewer_id": "A3TMZ2H98O43I",
    "reviewer_name": "James B. Smith \"Ramblin' Wreck\"",
    "text": "B/c Monster pricing (discounting) has come down quite a bit over the years, I usually buy Monster surge protectors/filters for all of my televisions.  So far so good, although I haven't had one actually have to be used during a surge scenario.  I like the flat plug, on/off/protected/ground indicators, colored/spaced outlets, and even included coax cable.",
    "date_unix": 1393459200,
    "date": "2014-02-27T00:00:00"
}