{
    "asin": "3936710058",
    "helpful": [
        0,
        0
    ],
    "overall": 2.0,
    "summary": "Did not work for my magic jack",
    "reviewer_id": "A19LF8H78H24KJ",
    "reviewer_name": "Minerva Rodriguez \"MinRod60\"",
    "text": "I got this for my computer to use with my magic jack and I got no sound or nothing.  It may not be compatible with magic jack but more like Skype.  Since I don't have Skype, there is no way of knowing if it would work with Skype or compatible with it.",
    "date_unix": 1398211200,
    "date": "2014-04-23T00:00:00"
}