{
    "asin": "B00003CWDQ",
    "helpful": [
        0,
        0
    ],
    "overall": 5.0,
    "summary": "Great and great price!  Adequate outlets and coaxial in and out.",
    "reviewer_id": "A1KRX2VH2CM111",
    "reviewer_name": "Erik B",
    "text": "Needed a couple of decent power strips for two television areas preferably under twenty bucks.  Got it!  No complaints. Also comes with accessory cord labels and quality phone cord if needed.",
    "date_unix": 1400371200,
    "date": "2014-05-18T00:00:00"
}