{
    "asin": "B00003CWDQ",
    "helpful": [
        0,
        0
    ],
    "overall": 5.0,
    "summary": "Monster Cable HTS 800 Home Theater PowerCenter with Clean Power Stage 1",
    "reviewer_id": "A34H1TFXR2MZ7U",
    "reviewer_name": "felrodrios",
    "text": "Monster Cables, indeed! These Power Center Surge Protector is so good that this is the second time I order 2 new ones. I've been so impressed with these Power Centers, that I had to buy a few more to protect my Theater Center, Computers and other items of true value. Which I must say, cost me lots of hard earned money. I highly recommend these items to anyone who has an investment in their, toys of entertainment. It's better to be safe than sorry!!",
    "date_unix": 1395446400,
    "date": "2014-03-22T00:00:00"
}