{
    "asin": "B00003CWDQ",
    "helpful": [
        0,
        0
    ],
    "overall": 5.0,
    "summary": "Cleaner power works amazing!",
    "reviewer_id": "A17TPXJ2U4MJAB",
    "reviewer_name": "MeTaLhEaD",
    "text": "I bought this to hook up my buddies PA system and guitar amps when we jam and do gigs.he was getting a nasty buzzing noise previously though all of his speaker systems but now the buzzing is gone thanks to Monster.This is a great purchase not only for hooking up multiple devices but for cleaning the signal noise and other stuff coming through the power lines.",
    "date_unix": 1395187200,
    "date": "2014-03-19T00:00:00"
}