{
    "asin": "B00003CWDQ",
    "helpful": [
        0,
        0
    ],
    "overall": 5.0,
    "summary": "This is a cure for a lot of the problems you have with remotes devices, video and audio equipment",
    "reviewer_id": "A2P6FU1HQ1OFAP",
    "reviewer_name": "semgar",
    "text": "I purchased a set of powered theater seats that would recline at a push of a button. Unfortunately they didn't work properly.What has that got to do with the Monster Cable PowerCenter? Well the manufacturer of the chairs said that something one the electrical circuit for my chairs was causing the problem. Well guess what, it was. By running a 100 ft cord to another area in my home, I was able to solve the problem. That wasn't a good solution, so I tried the Monster Cable PowerCenter. It solved the problem.The same holds true with your remote controls, audio, video equipment and DVR. Yes a lot of the issue you maybe having are caused by dirty power. The Monster Cable provides clean power which makes everything work better.",
    "date_unix": 1395705600,
    "date": "2014-03-25T00:00:00"
}