{
    "asin": "B00003IEMD",
    "helpful": [
        0,
        0
    ],
    "overall": 5.0,
    "summary": "Energizer Batterys",
    "reviewer_id": "A14WXFRFJLJPP5",
    "reviewer_name": "Todd H Poole",
    "text": "Very happy with this order and the way packed and arrived ontime, used them in holiday wreath..They were good because lasted whole holiday season running nightly...Will do business with them again in heart beat.ThanksTodd",
    "date_unix": 1396915200,
    "date": "2014-04-08T00:00:00"
}