{
    "asin": "B00003WGP5",
    "helpful": [
        0,
        0
    ],
    "overall": 1.0,
    "summary": "etrex NOT waterproof, not water resistant",
    "reviewer_id": "A3SNB53I64J9N5",
    "reviewer_name": "Robert H Wright",
    "text": "WHO would put a hole (presumably to equalize pressure?) in the back of a portable GPS?  IPX7 no way.  what did garmin expect would happen if a warm GPS fell into cold water?  very first time it went 4&#34; into water for no more than five seconds it sucked water in and never would turn on again.  a simple internal bladder is all it would take.  this thing is garbage if you need it any where near water.",
    "date_unix": 1394409600,
    "date": "2014-03-10T00:00:00"
}