{
    "asin": "8918010656",
    "helpful": [
        2,
        2
    ],
    "overall": 3.0,
    "summary": "died just after warranty",
    "reviewer_id": "AKMEGQ2D4VS55",
    "reviewer_name": "C Boyle",
    "text": "I have (had) one of these, different vendor, came w/ a 1 yr warranty...died at 1 yr 2 months. I was unable to find anyone who repairs monitors like this, too.  Great while it lasted, but reliability is unclear (search on yamaksasi monitor failure and you'll see a lot of them die at just over ~1 yr.  I suspect a blown cap in the inverter from the symptoms). Also runs unusually hot at full brightness (both the screen and the power brick get quite hot).  To be fair, it's a heck of a steal otherwise, and the image quality and speed are terrific (you must have a DIV-D input, not just DVI-I or any other format like dp or hdmi or VGA; DVI-D has a full rectangle of pins on the plug, not two groups of pins. Search on DVI connector and you'll see lots of illustrations of the types if you're unsure).  Great for spreadsheets, gaming, etc. But...it died prematurely.",
    "date_unix": 1396656000,
    "date": "2014-04-05T00:00:00"
}