{
    "asin": "8918010656",
    "helpful": [
        2,
        2
    ],
    "overall": 5.0,
    "summary": "If you love to read Magazine, I would like to recommend this great monitor",
    "reviewer_id": "A25X0R6758CLWJ",
    "reviewer_name": "Dr.Poonchai Chitanuntavitaya",
    "text": "Since the resolution is great at 2560*1600 you can view magazine like HBR or Scientific America in dual page with crystal clear, flicker free. you need a proper placement on table since it cannot raise monitor up like my previous Dell 24 inch. The brightness and IPS performance so stunning. For Thailand friend, they send direct to your home and pay custom for 1700 B. Then this monitor is much cheaper than any 27 inch with same resolution selling in Thailand.Dr.PoonchaiBangkok, Thailand",
    "date_unix": 1393027200,
    "date": "2014-02-22T00:00:00"
}