{
    "asin": "8918010656",
    "helpful": [
        0,
        0
    ],
    "overall": 5.0,
    "summary": "Stunning and affordable!",
    "reviewer_id": "A37AO20OXS51QA",
    "reviewer_name": "Roderic Rinehart \"Roderic\"",
    "text": "MUCH BETTER THAN THE 1440p QNIX AND DESTROYS ALL 1080p.This puts all the 120/144 hz stuff to bed. Unless you play *seriously* competitively (and you probably do not), then 1600p IPS absolutely destroys 1080 monitors with much higher refresh rates. Those are ok monitors and just fine, but if you have the horsepower( r9 290 or 290x, 780 or 780ti can DEFINITELY max this baby, other slightly lower cards still work very well, as well as crossfire and SLI), get this.No dead pixels, GORGEOUS SCREEN, and a really good stand. Straight monitor with no BS features. It turns on. It's a boss. It turns off.",
    "date_unix": 1403395200,
    "date": "2014-06-22T00:00:00"
}