{
    "asin": "B00004RIPE",
    "helpful": [
        0,
        0
    ],
    "overall": 5.0,
    "summary": "mighty small flash",
    "reviewer_id": "A3T0MOVJN9OPVB",
    "reviewer_name": "AJ Nito",
    "text": "This is a manual flash and I use this as my background lighting. Slow on recycle but it works for me as I intended so I gave a 5. I have a remote trigger I use with this for fill light especially on urban or architectural shots.",
    "date_unix": 1400371200,
    "date": "2014-05-18T00:00:00"
}