{
    "asin": "9573212900",
    "helpful": [
        0,
        0
    ],
    "overall": 4.0,
    "summary": "Works well with ACERs and COMPAQs",
    "reviewer_id": "A1I43PYV1DMIIF",
    "reviewer_name": "MandBinc \"MandBinc\"",
    "text": "I bought this because my COMPAQ DVD drive is not working too well. The External drive installed and seemed to do its stuff without any problems on WIN7. It comes with an extra USB cable to provide extra power to the drive if your primary USB port is not sufficient,On the ACER I use for streaming to my TV, it was just Plug in and use, no further installation was required, also a WIN7 machine.",
    "date_unix": 1401494400,
    "date": "2014-05-31T00:00:00"
}