{
    "asin": "B00004SABB",
    "helpful": [
        0,
        0
    ],
    "overall": 4.0,
    "summary": "Good for travelling",
    "reviewer_id": "A17A6OOXUV6ULM",
    "reviewer_name": "Kyle A J",
    "text": "I got these for travelling around and hiking. They collapse very small (about the size of a pair of rolled up socks) and have clear lenses. They are perfect for the casual user and are at a great price. I can't be more happy.",
    "date_unix": 1394928000,
    "date": "2014-03-16T00:00:00"
}