{
    "asin": "B00004SABB",
    "helpful": [
        0,
        0
    ],
    "overall": 3.0,
    "summary": "Reasonable for the price",
    "reviewer_id": "A1MADL7UMDRH89",
    "reviewer_name": "Mike in Ohio \"Mike in Ohio\"",
    "text": "The unit is very compact and it comes with a decent pouch.  It is easy to fit in a purse or large pants pocket.  The magnification is adequate for looking at elevated architectural features, but I ended up also buying a pair of the 10 x 25 for a few bucks more.  I found the 10 x 25 pair a better value.",
    "date_unix": 1403568000,
    "date": "2014-06-24T00:00:00"
}