{
    "asin": "B00004SABB",
    "helpful": [
        0,
        0
    ],
    "overall": 5.0,
    "summary": "Great image, great value",
    "reviewer_id": "APP5G31NNOHID",
    "reviewer_name": "Peter Berglund",
    "text": "These binoculars exceeded my expectations. I bought these to use on a trip to Yellowstone.  I needed a small and compact set since I am anyway carrying two cameras.  Of course it doesn't compare to expensive 10x50 binoculars but at this price and size I don't know of anything better.",
    "date_unix": 1402790400,
    "date": "2014-06-15T00:00:00"
}