{
    "asin": "B00004SABB",
    "helpful": [
        0,
        2
    ],
    "overall": 2.0,
    "summary": "\"Proud USA Company\" on the box, Chinese crap inside. Disgusting.",
    "reviewer_id": "A3AWXCFD0J6S65",
    "reviewer_name": "Reg Noms",
    "text": "That sounds like pride? Insulting to all Americans.  Put a flag on it! That''ll fool them dumb americans. So proud they couldn't invest in this country? They are fine for ten bucks, but what a disgusting company.  Look at a more honest dealer. Gross. Step up Bushnell, what are you &#34;proud&#34; of? Proud of your chinese built things or...?",
    "date_unix": 1401321600,
    "date": "2014-05-29T00:00:00"
}