{
    "asin": "B00004SABB",
    "helpful": [
        0,
        0
    ],
    "overall": 3.0,
    "summary": "I think there's some factory assembly problems",
    "reviewer_id": "A1QBD8ROX93T4H",
    "reviewer_name": "Splice",
    "text": "The first pair I ordered the right side had a great focus, but the left side just couldn't get past fuzzy.  Again, I don't think its the lenses, but how they were installed.  Without taking it apart, I couldn't tell you.The second pair (after amazon so nicely replaced the first pair) I can just get the right side in focus.  But there is no more adjustment to it.  Left side works fine.The reason I'm giving it such a low approval is that it's case doesn't work well.  It's to small and you struggle each time to get them in or out.  If your in a hurry or don't want to take your eyes off of something forget it while it's in the case.It also doesn't have a sturdy neck cord to carry them around your neck.  Recommend replacing the string with something stronger.June 12 and I found a case for the 8x21s It's condor Frag Grenade Pouch! for 6 bucks.  It fits tight and leaves a gap on either side, but the top and bottome are totally covered.SpliceCondor Tactical Single Frag Grenade Pouch",
    "date_unix": 1400716800,
    "date": "2014-05-22T00:00:00"
}