{
    "asin": "B00004SABB",
    "helpful": [
        0,
        0
    ],
    "overall": 5.0,
    "summary": "I can see you",
    "reviewer_id": "AIKDNESAP7MX2",
    "reviewer_name": "Sue",
    "text": "Small but very powerful, comes with a case also. I stood on my front porch and I could see the house that was 2 blocks away and it looked lie it was my next door neighbor. I am going to Vegas in April, to see Elton John and our seats are in the nose bleed section, so I should not have a problem  seeing him up close.",
    "date_unix": 1393891200,
    "date": "2014-03-04T00:00:00"
}