{
    "asin": "9573212919",
    "helpful": [
        0,
        0
    ],
    "overall": 3.0,
    "summary": "It's okay and easy to use but feels a bit flimsy although I ...",
    "reviewer_id": "AJCICNS67U8BD",
    "reviewer_name": "K. Harter",
    "text": "It's okay and easy to use but feels a bit flimsy although I don't use it often, so I'm glad I have it. But haven't had great luck with DVDs and not sure if wrong type disc or what.",
    "date_unix": 1399075200,
    "date": "2014-05-03T00:00:00"
}