{
    "asin": "0972683275",
    "helpful": [
        0,
        0
    ],
    "overall": 5.0,
    "summary": "Easy install, great price, good performance.",
    "reviewer_id": "A2GPNXFUUV51ZZ",
    "reviewer_name": "Farmer-Al",
    "text": "Installed easy and in no time at all (finding the stud was the hardest part for me).  Articulates well with the 40&#34; TV on it. I would not hesitate to look for this brand when it is time for the next TV mount.",
    "date_unix": 1395878400,
    "date": "2014-03-27T00:00:00"
}