{
    "asin": "B00004SABJ",
    "helpful": [
        0,
        0
    ],
    "overall": 4.0,
    "summary": "I can focus on a bird at our feeder and then watch it flying all the way to its nest",
    "reviewer_id": "A4PYOAQ2GH8FQ",
    "reviewer_name": "sni511per \"WALEED\"",
    "text": ". I can focus on a bird at our feeder and then watch it flying all the way to its nest. I just touch the instant focus feature with my finger and do not have to take my eyes off it.",
    "date_unix": 1388880000,
    "date": "2014-01-05T00:00:00"
}