{
    "asin": "9575871979",
    "helpful": [
        0,
        0
    ],
    "overall": 5.0,
    "summary": "Great value and saves a ton after two uses.",
    "reviewer_id": "A1A4WRN8PF4VK0",
    "reviewer_name": "",
    "text": "I use CR123A batteries like candy, I didn't know they were rechargeable till a colleague of mine happened to have a set. I quickly got on amazon and found this kit which has been a life saver. The ability to charge them either from a 120 wall outlet or a 12V car charger is invaluable, particularly if travel between countries..",
    "date_unix": 1405209600,
    "date": "2014-07-13T00:00:00"
}