{
    "asin": "B00004SQET",
    "helpful": [
        0,
        0
    ],
    "overall": 5.0,
    "summary": "Just the right length.",
    "reviewer_id": "A5YSNNBCMLVX2",
    "reviewer_name": "David Stovall \"Mr. (or Uncle or Grampa) Dave\"",
    "text": "This cord seems as if it will suffice. It is long enough to reach from the outlet on the outside corner of the house to the backyard shed that I am converting into a workshop (hence the need for electrical power) yet can be easily coiled onto a fence post mounted storage apparatus when not needed.I'll see how it holds up to the Oregon weather, and update this review, after some time has passed.",
    "date_unix": 1388534400,
    "date": "2014-01-01T00:00:00"
}