{
    "asin": "9876050621",
    "helpful": [
        0,
        0
    ],
    "overall": 1.0,
    "summary": "Worked for about 50 days.",
    "reviewer_id": "A2A28DJDS6LEHP",
    "reviewer_name": "Gadget Nut \"RichR\"",
    "text": "I bought this on March 4th, 2014. Suddenly even thought the Storage in settings showed the card with used and free space, no app could find any files on it. Had to dismount, remove it and reinsert it for it to work, BUT it is erratic! While in the middle of playing mp3s on it, all the files disappeared.. This is happening over and over. Very disappointing!",
    "date_unix": 1398384000,
    "date": "2014-04-25T00:00:00"
}