{
    "asin": "9876050621",
    "helpful": [
        0,
        0
    ],
    "overall": 1.0,
    "summary": "Very dissapointed",
    "reviewer_id": "A2I9X30JGIAG",
    "reviewer_name": "Mstay1 \"mstay1\"",
    "text": "I had a couple of problems with having to reset my device so it could read the sd card before.  I like to save any applications I can to it to save room on my device.  Worked great for a couple of months after that.  Then since yesterday, it just stopped reading and started saying damaged card and try to format.  I formatted it, and it still wont read the sd card.  This was a horrible waste of my money.  I am very upset.",
    "date_unix": 1398643200,
    "date": "2014-04-28T00:00:00"
}