{
    "asin": "9966541551",
    "helpful": [
        2,
        3
    ],
    "overall": 3.0,
    "summary": "Good but nothing special",
    "reviewer_id": "AG4D06TQLDFMH",
    "reviewer_name": "Chris Reich \"Business Physicist and Astronomer\"",
    "text": "I bought 2 of these thinking they were somehow specially formatted for the S4. I suppose I was naive. I could have purchased the same item, for less, with the 'special format.Yes, good product and works fine the phone. Special? No.",
    "date_unix": 1398211200,
    "date": "2014-04-23T00:00:00"
}