{
    "asin": "9966694544",
    "helpful": [
        1,
        1
    ],
    "overall": 5.0,
    "summary": "what a deal!",
    "reviewer_id": "A13RIB5M9L611E",
    "reviewer_name": "Chad Brawley",
    "text": "Very High Quality and what a deal! Fast shipping. I trippled the memory on my Galaxy S4 for only $22.90  ship. Anyway now i can have all my music and videos and pictures on my new external memory and my phone runs great. I have the Samsung Galaxy Gear watch so I needed more room to install programs for the gear. Awesome deal!",
    "date_unix": 1390521600,
    "date": "2014-01-24T00:00:00"
}