{
    "asin": "9983891204",
    "helpful": [
        0,
        0
    ],
    "overall": 3.0,
    "summary": "Connects my Canon camera to HDTVs. Could not connect to HDMI switch.",
    "reviewer_id": "A1ZBG4HKXZTVBF",
    "reviewer_name": "Paul Fisher",
    "text": "Works great to connect my Canon 60d or t5i camera to an HD TV. I directly connected it to two of my TV's and it works perfectly. When I connected it to a 3 port HDMI switch, it did not work. The price is great.",
    "date_unix": 1388793600,
    "date": "2014-01-04T00:00:00"
}