{
    "asin": "9983891212",
    "helpful": [
        0,
        0
    ],
    "overall": 5.0,
    "summary": "works great so far!",
    "reviewer_id": "A2CQAEX92SXVKR",
    "reviewer_name": "ALAN  J  MANGIARATTI \"A.man\"",
    "text": "I chose this one because it was the cheapest, under 4 dollars. I tested it today on my GE DV-1 video recorder and used to to connect to my LCD tv's hdmi port. THe mini hdmi end went in the camera and the large end in the TV. It worked fine. I will just leave it plugged into my HDMI port 3 all the time, so I will be able to hook up the camera to it for big screen viewing whenever needed.",
    "date_unix": 1389657600,
    "date": "2014-01-14T00:00:00"
}